:020000041000EA
:1000000000B5324B212058609868022188439860DF
:10001000D860186158612E4B002199600221596106
:100020000121F02299502B49196001219960352056
:1000300000F044F80222904214D00621196600F024
:1000400034F8196E01211966002018661A6600F04E
:100050002CF8196E196E196E052000F02FF8012189
:100060000842F9D1002199601B49196000215960AB
:100070001A491B48016001219960EB211966A021F2
:10008000196600F012F800219960164914480160C1
:100090000121996001BC002800D000471248134993
:1000A000086003C880F30888084703B5996A0420EC
:1000B0000142FBD001200142F8D103BD02B5186610
:1000C0001866FFF7F2FF186E186E02BD00000240BE
:1000D000000000180000070000035F00212200005C
:1000E000F4000018222000A00001001008ED00E03C
:1000F00000000000000000000000000074B24E7A12
:1001000000200420F7010010CB010010CD010010E9
:10011000C9010010C9010010C9010010C901001077
:10012000C9010010C9010010C9010010CF01001061
:10013000C9010010C9010010D1010010D301001045
:10014000C1010010C1010010C1010010C101001067
:10015000C1010010C1010010C1010010C101001057
:10016000C1010010C1010010C1010010C101001047
:10017000C1010010C1010010C1010010C101001037
:10018000C1010010C1010010C1010010C101001027
:10019000C1010010C1010010C1010010C101001017
:1001A000C1010010C1010010C1010010C101001007
:1001B000C1010010C1010010C1010010C1010010F7
:1001C000EFF30580103800BE00BE00BE00BE00BECA
:1001D00000BE00BEF2EB8871309C0010509C0010F5
:1001E0003802001090A31AE700201E49086006C8D4
:1001F00081F3088810471C480068002801D00020BF
:10020000F3E70DA40ECC002902D000F012F8F9E7B4
:100210001649174A002000E001C19142FCD115495E
:100220008847154988471549884700BEFDE701C939
:1002300001C29A42FBD37047509C0010C0000020BE
:10024000B80C002048A80010000004200000042082
:1002500048A8001000100420001004200000000036
:100260007047000008ED00E0000000D0B80C00204E
:10027000C41A0120E538001081020010A7380010D0
:1002800010B503F04BFC00F03BF800F071F807F0FC
:100290001FF9FEE710B572B600F04EF8FEE7000059
:1002A00010B500F049F802481221FFF7F3FFC046ED
:1002B0001087001010B500F03FF802481821FFF732
:1002C000E9FFC0461087001083001B189B000948F7
:1002D00084466344100000290AD01004064A1968B5
:1002E0004840104080225201944663441860704791
:1002F000024AF4E70C0005400000FFFFFFFF00008A
:1003000010B50421002000F047F8084CFA23DB0068
:100310006360074B2361002200210020FFF7D4FF18
:10032000226801239343034A136010BD0000054077
:10033000102700000010054010B500220021002009
:10034000FFF7C2FF10BD000010B507F0F7F8014B32
:10035000186010BD6417002000B583B007F0EEF8F8
:100360000190FFF7F1FF322101A807F05FFAF8E7EB
:1003700000B583B0C0220649064800230193043328
:1003800000930023520007F05FF803B000BDC046A1
:10039000488700105903001010B58300084A9A18C6
:1003A000126840245440C0222240064CA4466344B4
:1003B0001A60C000044B9C466044416010BDC046BA
:1003C00004C0014004D001400040014010B580232A
:1003D000DB05186803051B0D0B4A934207D10B4B35
:1003E000034080229201934207D1000F10BD084BB9
:1003F000084A0948132103F059FA084B054A0648F0
:10040000142103F053FAC0462709000000F0FF0F43
:1004100050870010CC96001074870010D087001011
:100420000FB400B583B0084803F07CFB049B002B9D
:1004300007D005A90191180003F084FB034803F0DD
:1004400071FB012003F02CFAE4870010A08E00104D
:1004500010B50148FFF7E4FFF4870010EFF31080B8
:1004600072B6034B1B68002BFBD0BFF35F8F704746
:100470002C0100D0BFF35F8F024B00221A6080F383
:10048000108870472C0100D070B505000C001600D4
:10049000FFF7E4FFE308EA189446E95C07222240EC
:1004A000012393400B4206D1DBB20B43624613702B
:1004B000FFF7E0FF70BD21003000FFF7B1FFF0B59E
:1004C00083B00500019114001E00FFF7C7FF00E094
:1004D0000134B4420CD8E308EF18EB5C072121404B
:1004E00001228A401A42F3D1D2B21A433A7001E093
:1004F00001246442FFF7BEFF002C02DB200003B0A2
:10050000F0BD019B002BF9D00898FFF789FF000090
:10051000054A1078431CDBB21370172B02D9130065
:1005200010221A707047C046C80B002000B583B077
:1005300001000448044B00931F231822FFF7BFFF5C
:1005400003B000BD1C12002004880010002307E047
:10055000054A9A189200BFF35F8F002111600133A2
:100560001F2BF5D97047C04640000034074B9B68ED
:10057000103080001950BFF35F8FBFF35F8F044BC3
:100580000021196082F310887047C04600ED00E03A
:10059000240100D00048704700E400E010B5FFF7E8
:1005A000F9FF002302E0034A04C00133072BFAD904
:1005B00010BDC0468080808010B50388DA0A1C2AEE
:1005C00005D15B055B1502335B00C01810BD034B02
:1005D000034AA0210348490003F068F9208800106D
:1005E000089700103888001010B5091A0B1F0A4A26
:1005F00088180A4A904208D8C90706D45B105B05E0
:100600005B0D0748184380B210BD064B064A99217E
:100610000648490003F04AF9FC070000FE0F0000FD
:1006200000E0FFFF94880010FC960010388800104E
:1006300001238340034A10681840431E9841C0B20A
:100640007047C04600E100E0002A05D0044BC022FC
:100650005200995019607047014A8023D150FAE73F
:1006600000E100E010B50A001F230340012199407A
:100670004009FFF7E9FF10BD0123834002498022B2
:1006800052008B507047C04600E100E0024B9B686F
:1006900010308000C058704700ED00E010B5FFF743
:1006A000F5FF044BC31A002047229A424041C0B2D2
:1006B00010BDC046CC0B002070B505000E00EFF356
:1006C000108472B60D4B1B68002BFBD0BFF35F8FFD
:1006D0002800FFF7DBFF0A4B984201D0B04205D15A
:1006E000220031002800FFF741FF70BD054B064A8C
:1006F00012210648FF3103F0D9F8C046240100D08A
:10070000C1010010C4880010309700103888001014
:10071000F0B5DE4657464E464546E0B589B08146BF
:1007200001911500EFF3108372B69A466E4B1B6869
:10073000002BFBD0BFF35F8F6C4B00269E57002E23
:1007400040DB7400A419A400694823189B460622C4
:100750009A56664B1A70674B9A684B4610339B004B
:10076000D7583B1A472B3BD9634B9F4231D105AF3A
:10077000624B3B80624973000293981980005C4C85
:1007800000190230FFF730FF78805E4BBB80FF23FB
:10079000BB71FD71019A0792029B9B199B00E318A4
:1007A00007CF07C301275B463B431F005246390072
:1007B0004846FFF7DBFE09B0F0BCBB46B246A9468F
:1007C000A046F0BD504B514AD0215148490003F09A
:1007D0006DF8504B4D4AA8214D48FF3103F066F8A3
:1007E00001233A009A439046101A0C2101F062F856
:1007F00000290FD143460024DA79AA4212D90621F2
:10080000595600290DDB4A005218920038491C0045
:100810008B18F1E7404B3D4ADC213D48490003F08D
:1008200045F81C00002C2DD005AB3C4A1A80813ABB
:100830005A800623E3569846002B16DA384804AB54
:10084000188142469A72DD72019B0793201D59461A
:10085000FFF7CAFEA080A671254B72009219920084
:100860009B1805AA13CA13C3A0E7201DFFF7A4FE17
:1008700001007000801980001D4BC0180430FFF784
:10088000B3FEDCE705AF1D4B3B801D4973000293AF
:100890009B199B00164C1800A4466044039002303C
:1008A000FFF7A2FE7880039A101D4146FFF79CFED9
:1008B000B8801C4B4246121B524153431B0DBB7167
:1008C000FD7101990791029B9B199B00A44663440B
:1008D00007CF07C3114B42461380813B538001274A
:1008E0005B463B431F0061E7240100D0BC1A012096
:1008F000CC0B002000ED00E0C101001000A1FFFFC3
:10090000140C002001BDFFFFFC8800101897001098
:1009100038880010248900104C890010014800001C
:1009200001BD0000AAAA000070B504000D00FFF789
:1009300031FEA3089B00C218116803232340DB008B
:10094000FF2098408143280098400143116070BD0A
:1009500070B5012202432D4BD31A472B29D8EFF350
:100960000583002B2BD0EFF3108172B68C462849FB
:1009700009680029FBD0BFF35F8F2449254C05008F
:100980006D1A6D416C43240D64B2234989689B0044
:10099000C958914219D00021052930D81B4B4A0073
:1009A000521892009B189B795BB2A3421DD0013173
:1009B000F2E71A4B1A4A1B481B4902F077FF1B4B00
:1009C000174A18481A4902F071FF134A92681949E8
:1009D000D150194B1A7882711C70BFF35F8F0C4B8A
:1009E00000221A608CF3108870BD084B4A0055181D
:1009F000AD005D19FF26AE71104AAA80E9E7104BE1
:100A0000074A08480F4902F051FFC046CC0B0020AE
:100A1000240100D0AAAA000000ED00E0D089001057
:100A2000E096001038880010A3020000F88900103A
:100A3000A6020000C1010010BC1A012001BDFFFF89
:100A4000048A0010B702000000B583B00100064818
:100A5000064B009305230022FFF731FD002801DB40
:100A60001F23181A03B000BDC01A01200C8A001001
:100A7000024B9C466144890001607047400000348D
:100A800010B50400FFF744FD01002000FFF7F0FF60
:100A900001235B426360BFF35F8F10BD10B504009C
:100AA000FFF736FD01002000FFF7E2FF01235B4264
:100AB000636000232372BFF35F8F10BD10B50D4C30
:100AC00009E00D4B0D4A0E481A2102F0EFFE2000FE
:100AD000FFF7D6FF08340B4B9C4209D22368002B4A
:100AE000F5D0012BEDD12000FFF7D8FF0C34F2E751
:100AF00010BDC046A80C0020288A00107097001076
:100B0000488A0010B80C0020034B9C4661448900C1
:100B10000160BFF35F8F70474000003410B50400E0
:100B20000120FFF703FD01002000FFF7EDFF10BDDE
:100B300030B5836A9C46D41A0B1D9B001B58654632
:100B40005B1B9C4204D3046A01238B40234202D1E5
:100B5000043189000A5030BD00040843704700008A
:100B6000F0B5DE4657464E464546E0B583B0EFF356
:100B7000058303221A400092B84B9200D35898463E
:100B80001B78009A934207D10123009A93401A00E0
:100B90000193B34B1A6072E0B24BB34AB348B92128
:100BA00002F084FE5C69236920009847002821D068
:100BB00030CC91E0AE4800F06BFB0019694196E043
:100BC000AC460023EC5E002C0EDB634600229B5EED
:100BD0005D00ED18ED005544AA68EB6806000F00B3
:100BE000B61A9F41002FEBDA5B461C804B466246EB
:100BF00013801CE05B4600229B5E42461381126913
:100C0000EFF3108372B611680029FCD0BFF35F8F39
:100C100042460221525E59460A8042464946518068
:100C20001269BFF35F8F0021116083F31088434680
:100C30009B881BB2002B76DA434608229A5E002A74
:100C400000DABEE04346596953009B18DB00CB181D
:100C50009C68DD6822002B0000998548FFF768FF3B
:100C600043469B79002B00D0C0E0814800F010FB88
:100C7000241A8D41002D00DDB0E000D1EAE07C4B6C
:100C8000019A5A63434608229B5E9946002BCEDBAD
:100C900043465A694B465B004B44DB0093469B44FA
:100CA0005B469E68DF68724800F0F2FA801BB9412B
:100CB0000029BCDB5B461C69022C00D172E743466D
:100CC0000820185E5B46598889B2FFF745FF5B46EE
:100CD0005969A04704000D0023002B4300D189E788
:100CE000002D00DB66E730003900001BA9415B46A0
:100CF0009860D96000241C5F002C98DB43465A6939
:100D0000924663001B19DB0053449A68DB680500B8
:100D10000E00AD1A9E41002E89DB43461C814746DA
:100D20000837BC464FE743461969EFF3108372B6A4
:100D30000A68002AFCD0BFF35F8F4246928812B245
:100D400091460122524241468A800A69BFF35F8F71
:100D50000021116083F310881CE09B4600229A5EFC
:100D6000002A0EDB5B460021595E4B005B18DB005E
:100D700053449868D96826002F00361A8F41002FF7
:100D8000EBDA4B4659460B80634600215B5E994681
:100D900063461A804B46002B00DA4DE743465A69FA
:100DA00092464B465B004B44DB009C46D444634672
:100DB0009C68DD6846460836B346434608229A5E7C
:100DC000CEE72B4C200000F063FA802212060023AD
:100DD00012184B4100992000FFF7AAFE40BF03B054
:100DE000F0BCBB46B246A946A046F0BD0023424631
:100DF0009371083243460821595E1BE01680434632
:100E00001B699C46EFF3108372B6994667463F68AC
:100E1000002FFBD0BFF35F8F47460223FF5E0780A2
:100E2000404641800169BFF35F8F0020086089F36D
:100E3000108831004B1C00D117E743465E694B0018
:100E40005B18DB00F018F65E43881BB2002BD5DB85
:100E50000200EEE7002C00D111E7BFE7901600205A
:100E60003C700540F08A00109C9700101C8B00100D
:100E70000040054070B504000D0011000126AE4091
:100E800006622800FFF718FC01212800FFF7EAFBA3
:100E9000024B9C466444266070BDC046382000006A
:100EA000F8B504000F0016001D00C160FFF730FB0D
:100EB000124B9C466044800020612670ABB2638177
:100EC000D022120612786270012252422281A28040
:100ED0009B186380002306E0581E61695A00D218EF
:100EE000D20088520133AB42F6D3054BB200D45046
:100EF000044A31003800FFF7BDFFF8BD4000003460
:100F000090160020610B001010B5084B1A68EFF323
:100F1000108172B61368002BFCD0BFF35F8F0348BB
:100F200005F0F4FB0020002110BDC0466C19002024
:100F300010B5064B1B69002B01D0044810BD044BB3
:100F4000044A0548722102F0B1FCC0462C0C002076
:100F5000708B0010849700101C8B0010F8B50400F3
:100F60000569EFF3108072B629680029FCD0BFF341
:100F70005F8F0221665E656971008919C9006D186D
:100F8000002E02DB0027E95F61802169BFF35F8FDC
:100F900000270F6080F31088002E2CDB0699296152
:100FA00007996961AA60EB606B8801335B04590C97
:100FB000002B00D1012169803000FFF7CDFD2169B0
:100FC000EFF3108372B60A68002AFCD0BFF35F8F7C
:100FD000A2882A80A6802269BFF35F8F002111605A
:100FE00083F31088E368217801228A4003498C4604
:100FF00063441A60F8BD01204042FBE73C2000003A
:1010000070B582B0060014001D0008AB1B78002BE1
:1010100007D100F045F922002B00121A8B41002B5A
:101020000ADB079B0193069B009322002B003000F4
:10103000FFF794FF02B070BD0020FBE7F0B5C64695
:1010400000B584B080460F0016001D000AAB1C7866
:10105000FFF76EFF02940195009642463B00FFF7B2
:10106000CFFF04B080BCB846F0BD000030B504002E
:101070000A1443899A4230DA406953009B18DB0016
:10108000C31822699446EFF3108272B66046006876
:101090000028FBD0BFF35F8F588885B20904090C84
:1010A000884212D000202369BFF35F8F00211960AE
:1010B00082F31088002811D0E368217801228A4049
:1010C00007498C4663441A6008E00649294389B2FF
:1010D00059800123A3710120E5E7002030BDC046FF
:1010E0003C2000000080FFFF10B50400FFF720FF48
:1010F0002100FFF7BBFF10BD40787047F0B585B009
:1011000003900291EFF30583002B13D00B00494AA3
:10111000526A8A4209D34749896A814208D29A426F
:1011200001D0012002E0002000E0002005B0F0BD69
:101130000120FBE7FFF7FCFEC3681F000678039A57
:101140001400029A1500180000F0A2F802000B002B
:10115000A41A9D412200311D8900C959091A002095
:10116000A84210DC0DD0029B324A526A934232D818
:101170003049896A0398814259D293422BD0012089
:10118000D4E79142EFD92C4A00230093039D280015
:10119000029C2100FFF752FF002830DD02990D006C
:1011A000244B5B6A994206D8224A926A039CA24267
:1011B00002D2994200D120BFFFF796FF1D4B5B6A18
:1011C0009D4230D81B4A926A039882422DD29D429A
:1011D00027D00120AAE720BF164A526A93420AD8B4
:1011E0001449896A0398814207D2934201D00120B1
:1011F0009CE700209AE7002098E7012096E70D4B36
:101200005B6A9C4209D80B49896AA94207D29C4271
:1012100001D001208AE7002088E7002086E701202E
:1012200084E7002082E7002080E701207EE701209C
:101230007CE7C04600400540090F00100048704799
:101240000040054010B50B4B1B69002B04D00A4829
:101250000A21FFF70DFC10BDFFF7F0FF040003218A
:1012600000F00CF80348102303222100FFF718FEBA
:10127000EDE7C0462C0C00206C19002010B5024A86
:101280000248FFF701F910BD948B001020120020D6
:101290000200436A906A1900536A9942FAD1704772
:1012A00010B50248FFF7F4FF10BDC04600400540EE
:1012B000F8B5CE46474680B505000E0090469946E3
:1012C00044002418A400284B9C4664446368089A90
:1012D000934200D262602F1FFFB2012F2ED98022CD
:1012E0001201C0239B01E3181A60204BAA00D158B9
:1012F000002907D0586900F0DDFA013043001B18BF
:10130000033BFDD243465B0122685340E022134079
:1013100080225201A2181360012F1AD980239B0149
:10132000E318802212011A60089B63600F4BAD0026
:101330004A46EA50C0BCB946B046F8BD012ECED1EF
:101340000322C0239B01E3181A60A368DB07FCD5C6
:10135000D8E72168714003230B401360A368012282
:10136000B2401A42FAD0D9E700800040241200208F
:1013700070B582B006000D0014001800069900F048
:1013800099FA0300069A1102009122002900300008
:10139000FFF78EFF02B070BD10B582B080246400EC
:1013A0000094FFF785FF02B010BD0000014B8000E4
:1013B000C058704724120020F0B5C64600B504009E
:1013C0000E0017001D00374800F074FA8046364BB7
:1013D000FA18364B9A4239D80100380000F06AFA00
:1013E0000200103A98235B009A4235D86B1E062BF8
:1013F00038D8069B013B062B34D83F09474537D3E5
:101400002D04069B1B031D432368002B36DB284B52
:101410009C4244D00C2201239340264A1360264A62
:101420001360264A1268190091430A1EF9D12660FA
:10143000A060234BE31821321A602268002AFCDAEC
:10144000E56008221A6080BCB846F0BD1D4B1E4AFC
:101450001E48112102F02AFA1D4B1B4A1B48192174
:1014600002F024FA1B4B184A18481C2102F01EFAFD
:10147000194B154A1548232102F018FA22683F2318
:101480001340B342C3D1A3681B051B0D8342BED1D9
:10149000E368EE22D2021340AB42B8D1D3E70D226B
:1014A000B9E7C046001BB70080E84BD380F8A932EB
:1014B00000C0024000E0004000F0004008C00040D2
:1014C00004300000B88B0010B4970010088C001096
:1014D000648C0010808C0010CC8C0010024B1A68B9
:1014E000024B5A607047C0468016002000800540BD
:1014F00010B5174B8022D2051A60164B164A1A6097
:1015000000290AD0154BE022D2041A60002809D124
:10151000124B802212061A6010BD0D4BE022D2043D
:101520001A60F3E743011B1A9B00181800010C4BCB
:10153000186080235B04984202D3094B094A1A6061
:10154000FFF7CCFF054B8022D2051A60E4E7C046C6
:1015500000B0054008200140FCFF010000A005404C
:1015600080160020FFFFFF0010B503000C001000E4
:101570000B4A8021C9051160002B0DD001221343B5
:10158000084A0949D161094959401162546293627C
:101590000021FFF7ADFF10BD024B0022DA61F7E733
:1015A00000B0054000800540D3C007B02D3FF84F84
:1015B00080239B000B43014AD362704700800540A3
:1015C00010B5010018231B8814221088984710BDFD
:1015D00010B5010018231B8816221088984710BDEB
:1015E000F0B5C64600B507000E0000250123984659
:1015F00000E00135B5420AD2AC003C192068FFF783
:10160000DFFF20600028F4D100239846F1E7404630
:1016100080BCB846F0BD000070B504000D0006485F
:10162000FFF7CEFF0300002C03DB0120A0402900C0
:1016300098470020FBE7C04655420000074BAA220E
:1016400012011A608D225200DA60054B054A1A60B9
:10165000024B5B68002BFBDA7047C046004002403B
:101660000060024000B0FA0010B5040001E008CCB0
:101670009847024B9C42FAD310BDC0460887001021
:101680007047000010B50248FFF7EEFF10BDC046DE
:10169000C8860010054B064A1A60064B064A1A60B7
:1016A000064B1A68044B9343FAD1704700E00040A0
:1016B000BFCDFBFE00F00040FE7F3C0008C00040B4
:1016C000044BDB6C002B03D1034B8022D2021A6047
:1016D0007047C046000011504C201150044B054A81
:1016E0001A60054B1B68DB43DB01FAD17047C0462B
:1016F00000F00040FFFFFF0108C00040034B402204
:101700009A675A671A67DA667047C04600F0014068
:1017100010B5FEF71BFF10BD10B50C4C0C4BE41AB6
:10172000A4082200302C00D9302292000948084930
:1017300000F0BCFF04E0084A064BA100CA50013487
:101740002F2CF8D9034B054A936010BDC00100103F
:101750000001001000000020C101001000ED00E0B9
:1017600070B50420FFF722FE064900F0A3F805003B
:101770000024002C00DD70BDE0B22900FFF718FF47
:101780000134F6E740420F0030B583B0274B00220A
:101790009A67FFF753FF264B01221A60234B5B6CBD
:1017A000012BFBD1234B03221A60204B9B6B012B97
:1017B000FBD10133009304331F4A01211F48FFF777
:1017C000FBFD052300931E4A01211E48FFF7F4FD8F
:1017D0001D4B002202210420FFF7DEFD1B4D2B00D4
:1017E000002201210520FFF7D7FD194C230000221C
:1017F00000210720FFF7D0FD230000220021082050
:10180000FFF7CAFD8023DB000093230000220021A4
:101810000920FFF7ADFD2B00002200210620FFF775
:10182000BBFDFFF79DFF03B030BDC0460080004008
:101830003CB0004030B00040002F685900800240AA
:10184000008C864700C00240001BB7004059730758
:10185000006CDC0201480421014B1847500C0020A9
:10186000E1150010124A936F9B0815D29066D1665D
:10187000002905D0FFE7FFE7FFE7516F106F7047C2
:1018800004B580210906C2175140002800D0C84382
:1018900006F0FAFE002104BDF0B5146E556E576FC8
:1018A000166FFFF7E3FF1466556657671667F0BDBE
:1018B000000000D0114A936F9B0813D21066516646
:1018C000002905D0FFE7FFE7FFE7516F106F704772
:1018D00004B5002801D00020C04306F0D5FE002149
:1018E00004BDC046F0B5146E556E576F166FFFF706
:1018F000E5FF1466556657671667F0BD000000D017
:1019000094464A4A926F9208624601D228E0C04645
:10191000F0B5464E346E756E776F366F00F020F876
:101920009446424A14665566576716676246F0BD8C
:1019300094463E4A926F9208624601D254E0C046F5
:10194000F0B53A4E346E756E776F366F00F04CF826
:101950009446364A14665566576716676246F0BD68
:10196000002B24DB11D000293EDA00B5C9434042E8
:1019700000D1013100F038F8C943404200D10131B3
:10198000DB43524200D1013300BD002AEBD10028D5
:1019900001D1002905D00020C90FC90701D1C043DA
:1019A000410800B506F038FE0022002300BD00B556
:1019B00000290ADBDB43524200D1013300F014F866
:1019C000C943404200D1013100BDC943404200D16A
:1019D0000131DB43524200D1013300F005F8DB4313
:1019E000524200D1013300BD002923D1002B18D170
:1019F000002A0CD0BC460D4F38667A6600210023C1
:101A0000FFE7FFE7FFE77A6F386F67467047002808
:101A100001D00748010000B506F0FEFD00220023BA
:101A200000BD02000B00002000217047000000D024
:101A3000FFFFFFFF002B00D0BFE0130C28D1002ACE
:101A4000E7D080B4114F39667A66FFE7FFE730B41C
:101A5000040C7B6F396F1B0423433B667A66FFE7F8
:101A6000FFE7FFE7C04684B27B6F3D6F1B04234353
:101A70003B667A66FFE7FFE7C04600232C042D0C87
:101A80007A6F386F00196941B0BC7047000000D010
:101A9000F0B594460025140E01D112020835140F3A
:101AA00001D112010435940F01D192000235D40FF7
:101AB00001D152000135D40B0134254F7C66254CF1
:101AC0003C660E0C93B2FFE7FFE7FFE73C6F66430F
:101AD000360C7703BE467343DF0B5B04C01AB94173
:101AE000130C7343DB18C91ACE086643360CB64490
:101AF00093B273431F0F1B01C01AB941130C7343F8
:101B00001F0B1B05C01AB941860D8F023E43664369
:101B1000360C092D24DB520A7243801A7703460AD9
:101B20006643360C16235B1BDE40DF40BF1964465C
:101B30006643821B7046043506330100D940A84035
:101B4000C01900D30131A24206D20023F0BD00002B
:101B5000000000D0FFFFFFFF121B0130F3D3F1E7BD
:101B600009277F1BFE406446A2B27243801A00D24E
:101B70000139220C7243130C1204821A99410B0092
:101B80007046043513370100F940A840801900D38E
:101B90000131002B02D1A2420AD2F0BD013000D3A4
:101BA0000131121BFAD2013BF8D1A24200D2F0BDA2
:101BB000013000D30131121BF7E7F0B51C0C00D047
:101BC00080E00CB400251C0A04D11B02160E33431E
:101BD000120208351C0B04D11B01160F33431201EE
:101BE00004359C0B04D19B00960F334392000235C1
:101BF000DC0B02D192185B4101351C00971864413F
:101C00000134464F7C66464C3C660E0CFFE7FFE70E
:101C1000FFE7C0463C6F6643360C7703BE4697B27B
:101C20007743C01B00D20139C01B00D201399FB2DB
:101C30007743C91BC91B170C77437E04FF0B801B1E
:101C4000B941CE086643360C0C2D33DBB644120B7B
:101C50001F053A431B0B97B27743C01B00D20139D3
:101C60009FB27743C91B170C77433E043F0C801B80
:101C7000B941860D8F023E43664329277F1BFE40F4
:101C80000C3D7746AF40BF1930BCA2B2ABB2724335
:101C90007343801A9941220C7243130C1204801A68
:101CA000994102000B000137001BA941F9D2781EAF
:101CB0000021F0BD0C277F1BFE4077467F0BAF4015
:101CC000FF19E0E700245D1C07D0144F7D663966DC
:101CD000FFE7FFE7FFE7FFE73C6F95B29EB2654382
:101CE0006643401BB141150C1E0C65436643360428
:101CF0002F0C3E432D04401BB141994204D20200F7
:101D00000B0020000021F0BD01D19042F7D3801AD2
:101D1000994101349942F2D3F6E70000000000D067
:101D2000FFFFFFFF48404140484018B41B4B5B6831
:101D3000FC46019308BD04DFFF1F001018B4174BC9
:101D40001B68FC46019308BD00DF09200010944683
:101D5000134A926F920809D2624618B40F4BDB689F
:101D6000FC46019308BD0CDFC12200100C4AF0B5FF
:101D7000146E556E576F166F6246FFF7EEFF084AF6
:101D80001466556657671667F0BD18B4034B9B6819
:101D9000FC46019308BD08DF65210010681700208C
:101DA000000000D0FFB550404240504059404B40E9
:101DB000594000E0FFB5154F4C00640D03D0BC4204
:101DC00004D10C0314D80020090D09055C00640D32
:101DD00003D0BC4204D11C030AD800221B0D1B05F2
:101DE00001264B4009D44B4003D58B4200D182429F
:101DF000FFBD9942FCD19042FFBD0B43DB1803436A
:101E00001343F5D0C9434918FFBD0000FF07000088
:101E100000B5FFF7CFFF804100BDC04600B5FFF71A
:101E2000C9FF01D9002000BD012000BD00B5FFF7AA
:101E3000B9FF01D9002000BD012000BD00B5FFF7AA
:101E4000B1FF804100BD012040054A00121804D8AE
:101E50005A00121801D80020704701207047000076
:101E60000021002805D17047C1174840401AFAD018
:101E7000C90713B5064B1B6898470CBC441CA2400D
:101E80001005120B0349091B09051943114310BD25
:101E9000681800201F04000010B54C00620D80235C
:101EA000D218DB00D21A5B057E2A10DD9E3A13DAC7
:101EB000CC170903490819435242D1406400013448
:101EC0001532202A05DAD0400843604310BD0020B7
:101ED00010BD0846604310BDC80FC018013810BDC2
:101EE00018B4044B5B6AFC46019308BD24DF7124DF
:101EF000001000006817002070B513231C78012C17
:101F000012D0012C12DC214B214A93642148FFF7A7
:101F100057FB214B186070BD1C491D4A9800815029
:101F200001331F2BF8D9ECE70023FAE71B48FFF732
:101F30004FFB05001A48FFF74BFB023803789B0064
:101F40007F2B09DD12488022290000F0AFFB022C14
:101F500008D0022CDADCD6E7124B134A134834219E
:101F600001F0A4FC124B1A88B5231B029A4209D136
:101F7000104B1A88104B9A4204D1104B1A88104B00
:101F80009A42E6D00020FEF74BFAC046C51F00106B
:101F9000681700204C3300006818002053440000EC
:101FA00053460000E88C0010C09700102C8D0010E4
:101FB00054380000D8380000494600009C38000022
:101FC0005946000007B56046002800D100BE0188D0
:101FD0000A0A0230DF2AFAD1C9B2820804D3028881
:101FE00040880004104300E00068024A505003900B
:101FF00007BD0000681700200FB403BC0CBCF0B58F
:102000000124E407634000E0F0B50C0DCF0F661E1D
:102010003605891B640503D3C943404200D301310F
:10202000640D03D0661CF60A07D0E41B00207F0075
:10203000791C89078912803C24031D0DDF0F6E1E59
:1020400036059B1B6D0503D3DB43524200D301339E
:102050006D0D03D06E1CF60A07D0ED1B00227F0029
:102060007B1C9B079B12803D2D032F1B661B58D4A6
:10207000A446202E46DA20371400BC401D00BD4087
:10208000F24033412A4380185941CB0F05D0C94350
:10209000C043002264425041514162464D0D28D157
:1020A0000D0D07D100281FD0241940414941013AA4
:1020B0000D0DF9D0640006D3013000D30131002C9E
:1020C00001D140084000013A0BD4941CE40A04D129
:1020D00012051144DB071944F0BDD907204B194301
:1020E00000E0D9070020F0BD0029DDD1002CDBD1B4
:1020F000F0BD0132C6074008CD0728434908002E2D
:10210000E1D0D9E73C2E29DA203E40371400BC400C
:1021100000D00124F24014431A00BB401C43D317E3
:10212000ACE7AC46202F08DA20360400B4400D009E
:10213000B540F84039412843A5E73C2F0CDA203F51
:1021400040360400B44000D00124F84004430800A5
:10215000B1400C43C117EAE710001900002494E7CE
:102160000000F07FF0B50C0D661E3605891BE60AEF
:102170006405640D02D0651CED0A04D00020012125
:102180000905803C2403A4461C0D671E3F05DB1B8C
:10219000E70A6405640D02D0651CED0A04D0002234
:1021A00001231B05803C24037740644497B484B228
:1021B00096B27443070C7E43150C6F4380B268439C
:1021C000361802D3012000043F183004350C0019E2
:1021D0007D41844688B29AB250430C0C62431F0C76
:1021E0007C438EB27E43921902D301263604A41991
:1021F0001604170C3618674101BC81B29AB25143DC
:10220000040C62431B0C5C4380B25843121802D387
:102210000120000424181004130C401863412D18E9
:102220005E410020474106BC88B293B258430C0C73
:102230006343120C544389B251435B1802D301210A
:102240000904641819041A0C091862416D185641E2
:102250000020474118BCF902720D1143F0026A0DCB
:102260001043ED020A0D03D16D1940414941013B74
:10227000124E9B1B7600B3420ED26D0007D3013085
:10228000002671416646354301D1400840001B05D8
:10229000C918E4072144F0BD0BDA013306D101303F
:1022A00004D101314F0D01D04908F2E7E1070020C8
:1022B000F0BD013631050020EBE70000FF03000010
:1022C000F0B51C0D671E3F05DB1BE70A6405640DB6
:1022D00002D0661CF60A04D0002201231B05803CB4
:1022E0002403D0252D060026F6432E661E096E66B1
:1022F000CE0FF619B44649004F0D02D07E1CF60AE7
:1023000003D000200021403F3F033E1BB600B444F1
:10231000013F7F05C91B49082E6F013676089C02D4
:10232000950D25437543ED137543AD1301356D10C0
:10233000F603761B0CB4CC02450D2C43A2B2B3B20B
:102340005A43270C7B43350C6F43A4B26C431B19D3
:1023500002D3012424043F191C041D0CA4187D4140
:1023600024196D41009A91B2ACB26143170C7C43C1
:102370002B0C5F4392B25A43A41802D301221204D9
:10238000BF182204230C52187B41019C6C431B197B
:10239000520ED9010A434401A01A81B2B2B251438C
:1023A00003145A43360C734387B27743D617D219B6
:1023B00000277E4136049B191704160C7F185E41D6
:1023C0007316ED18F301002680337541A90F06D16D
:1023D0006400690AE8055B0A184309D22FE0042269
:1023E000944480337541A90AA8059B0A184326D353
:1023F000404149412404009A019B0D005543641B50
:102400004343E41A95B286B27543170C7E43030C1E
:102410005F4392B25A43B61802D301221204BF1886
:102420003204330C52197B4152429C41002C02D49D
:102430000022013051414008CA071043490802B048
:102440006246D7079210084BD218084B9A4203D223
:1024500012058918C919F0BD0020002A01DC3900D5
:10246000F0BD01331905F5E7FD030000FE0700008C
:10247000002200B5203200F004F8080000BD000082
:1024800000220B150AD410B5944600F031F814144C
:10249000013400DA0021CB17144C20470020002122
:1024A00070476244343A0CD40C2A07DA0400914095
:1024B000904052422032D440214310BDD843D943EA
:1024C00010BD203207D40C469440524220321141B4
:1024D000D040204310BD0800C917203203D4524217
:1024E0002032104110BD1800190010BDA3240010A7
:1024F0000A0DCC0F531E1B05C91A520503D3C9433D
:10250000404200D30131520D03D0531CDB0A07D0E7
:10251000121B00206400611C89078912803A120393
:10252000014BD21A70470000FF03000051434343A0
:10253000C9188C46110C83B24B4310B4040C614390
:1025400092B280B2504362431C041B0C001910BCB1
:1025500059411304120CC0185141614470470000E6
:1025600070B513231C782A48FFF732F80500012CB8
:1025700012D0012C0ADD2B00023B1B789B007F2B25
:1025800040DD24488022290000F090F82248FFF71F
:1025900017F8224B186070BD1E485422290000F025
:1025A00085F81F4B1A881F4B9A421CD1A7239B0109
:1025B0001A881D4B9A4216D11C4B1A881C4B9A4202
:1025C00011D11C4B1A8894239B019A420BD11A4BB0
:1025D0001A881A4B9A4206D1194B1A68194B9A421B
:1025E00001D1152307E01848FDF71AFF1749094ADA
:1025F0009800815001331F2BF8D9144B054A136200
:10260000D361B6E7124B134A1348432101F04EF948
:10261000534600006C1800204C330000681800205E
:10262000EE290000C40F0000C20D0000962B000030
:10263000C0B50000182B0000CC2A000010B5000027
:10264000FC2C000051ED8764A08E00105D26001068
:10265000988D0010D4970010CC8D001007B56046FF
:10266000002800D100BE01880A0A0230DF2AFAD110
:10267000C9B2820804D3028840880004104300E0F5
:102680000068024A5050039007BD00006C180020FB
:1026900001480421014B1847600C0020E11500108F
:1026A000014B1B6818470000600C0020014B5B6861
:1026B00018470000600C0020704710B5002802D0B9
:1026C0000B684968984710BD0100002007E08300AF
:1026D0001B185B00501C08601078C01830380A685E
:1026E0001378303BDBB2092BF1D97047F0B5D646F1
:1026F0004F464646C0B505000E00100091461F002B
:10270000099C0B9B0222110019408A461A4234D1BF
:10271000DB0716D50200B84637002E001FE0551C17
:10272000330041462020B84701342A000A9B9C42CE
:10273000F5D33D0037004646099CB84637002E00C9
:102740000DE00200B0463E002F000994EEE7013C88
:10275000551C089B185D43463900B0472A00002CE1
:10276000F5D135003E0047465346002B16D11000E8
:10277000E0BCBA46B146A846F0BD0200B8463700F4
:102780002E00ECE7541C330029002020B84722001B
:102790004B46D31A0A998B42F4D3E8E73B002F004B
:1027A00035001E00F4E7F0B5CE46474680B585B04B
:1027B00006000F00904699460C9A0D9B0EA90978C9
:1027C0008C46109D119C129988071CD4002C0CD0AB
:1027D000C8070AD56046002802D10C30084204D050
:1027E000013C02E03020D0540133AB4201D21F2B18
:1027F000F8D9C80707D5A34205D21F2B03D830202C
:10280000D0540133F5E7C80612D5480505D4002B8E
:1028100003D0AB4223D0A34221D00F98102831D04F
:102820000F98022838D01F2B0AD83020D0540133FB
:102830001F2B05D86046002834D02D20D0540133FA
:1028400003910294019300924B46424639003000B6
:10285000FFF74CFF05B0C0BCB946B046F0BD581EEE
:10286000012B17D00F9D102D0BD003000F981028AF
:10287000D6D18806D4D51F2BD2D85820D0540133B6
:10288000D1E7023B8806F1D41F2BEFD87820D05433
:102890000133C8E70300C0E71F2BD1D86030D05404
:1028A0000133C0E7480703D52B20D0540133C7E7D5
:1028B0000807C5D52020D0540133C1E7F0B5DE4666
:1028C00057464E464546E0B593B080468946924607
:1028D0009B461CAB10CB1B7809931E9D002C03D18B
:1028E0001023219A9A4321928023DB00219E1E40CF
:1028F000219A1A4218D0002C22D0002614E0219AE6
:1029000092061BD54121C918C9B20A39C9B2771C30
:102910000AAB995529002000FEF7CCFFAC4210D33A
:102920001F2F0ED83E00040029002000FEF7C2FF32
:10293000CBB2092BE3D83033D9B2E8E76121E2E723
:102940002700219B0693209B05931F9B04930395CF
:10295000099B029301970AAB00935B465246494696
:102960004046FFF720FF13B0F0BCBB46B246A94675
:10297000A046F0BDF0B5DE4657464E464546E0B5AA
:1029800095B08346089109920A931E9B99461F9F12
:1029900020AB1B780B93229B9846239C4B463B43D2
:1029A00003D11033269A9A4326928023DB00269D7A
:1029B0001D40269A1A4208D04B463B4339D0002589
:1029C0004E4623002C001D001FE04E4623002C0025
:1029D0001D001AE0269A920623D54122D218D2B2BF
:1029E0000A3AD2B2631C9A460CAB1A5542462B00E7
:1029F00030003900FEF79CFFBD421CD813D053466F
:102A00001F2B14D8544606000F0042462B003000FE
:102A10003900FEF78DFFD3B2092BDBD83033DAB2A1
:102A2000E0E76122DAE7B045E9D9564604E05646C8
:102A300002E0002600E05646269B0693259B059360
:102A4000249B0493434603930B9B029301960CAB88
:102A500000930A9B099A08995846FFF7A4FE15B0FF
:102A6000F0BCBB46B246A946A046F0BDF0B5DE4676
:102A700057464E464546E0B595B004008A46934613
:102A800099461E9E1F9F32003B0030003900FFF721
:102A9000DAF9002800D0FBE001225242D64B300088
:102AA0003900FFF7CBF9002800D0F1E001225242B3
:102AB000D24B30003900FFF7ABF9002800D0E7E037
:102AC0000022002330003900FFF7A2F9002800D0CF
:102AD000F3E0069607978023DB00229A1A401192B2
:102AE000229A1A4201D106232093069807990200E0
:102AF0000B000A920B9303000A00024300D1E8E0A6
:102B0000080D4005400DBE4DAC46604405000798D9
:102B10000203120B00200021089009910893B94B81
:102B2000134309932800FFF79FF9B74AB74BFFF704
:102B30002CF9B74AB74BFFF701F90A900B91002225
:102B4000B54B08980999FFF7F0F8B44AB44BFFF772
:102B50001CF902000B000A980B99FFF7EFF8FFF73A
:102B60009BF980460890FFF77FF9AE4AAE4B0A907A
:102B70000B91FFF70AF90022AC4BFFF7DFF8FFF7E4
:102B80008BF90500AA4AAB4B0A980B99FFF7FDF8A1
:102B90000A900B912800FFF767F9A74AA74BFFF7A8
:102BA000F4F802000B000A980B99FFF7BEF8020038
:102BB0000B000A900B91FFF7E8F80E900F912B0095
:102BC0009F4DAC466344002100220C910D921B05E1
:102BD0000D9300230C930A980B9902000B00FFF74A
:102BE000ADF8129013910A9A0B9B00208021C90521
:102BF000FFF79BF80A900B910022924B0E980F99C9
:102C0000FFF7A5F80022904BFFF798F802000B00A1
:102C10000E980F99FFF79BF800228C4BFFF78EF868
:102C200002000B000E980F99FFF791F802000B00BD
:102C30000A980B99FFF782F802000B00129813997B
:102C4000FFF785F800226F4BFFF778F80C9A0D9B81
:102C5000FFF79BF802000B000A920B93069A079B62
:102C60000C900D91FFF7EAF800280AD04346013B8B
:102C700008930022744B0C980D99FFF768F80A909E
:102C80000B91089B6333C62B49D804231D0024E015
:102C9000229B0493219B0393209B02930096019710
:102CA0004B465A465146200000F004F915B0F0BCDE
:102CB000BB46B246A946A046F0BD002100220691BF
:102CC0000792069680231B069C46BC4463460793E6
:102CD00001E70023089304331D00229B1B052BD51D
:102CE0000A9A0B9B1900114311D0594A594B069867
:102CF0000799FFF79BF8002800D1B1E00022564B5E
:102D000006980799FFF784F8002800D1A8E0209AD8
:102D1000089B9A4206DDD31A013B209304E0052369
:102D20001D00DAE7002320938023DB00229A1A4358
:102D3000229200231D000893219A954200D39BE024
:102D4000531B98460223229A1A400C92229A13424D
:102D500003D0002D01D000239846089B002B07D0FC
:102D60000A9A0B9B06980799FEF7F1FF06900791C8
:102D70000022002330003900FFF74AF8002800D075
:102D80007DE0364B229A1340049343460393209BE5
:102D90000293069A079B009201934B465A4651466E
:102DA000200000F087F8002D00D17FE7229B9B06D2
:102DB00071D54527461C4B46020051463800A047B6
:102DC0000898C317C2185A4005230593013D04957E
:102DD000002303930A330293C30F019300924B46DF
:102DE000320051462000FFF769FD0C9B002B00D1FB
:102DF0005CE70200219F56E0FFFFEF7FFFFFEFFF40
:102E000001FCFFFF0000F03FFB799F501344D33FCC
:102E1000B3C8608B288AC63F0000F83F61436F63E8
:102E2000A787D23F71A379094F930A400000E03F82
:102E30001655B5BBB16B0240EF39FAFE422EE63FA4
:102E4000FF03000000002C40000024400000184058
:102E50002D431CEBE2361A3F80842E41FFF7FFFF23
:102E6000209B002B00D167E7119B002B00D163E76B
:102E7000209B013B20935FE70023984662E7069E74
:102E8000079F3200390080200006844661440B0011
:102E90000692079375E765278CE7561C4B4651460B
:102EA0002020A04732005B46D31ABB42F5D3100066
:102EB000FCE6C046F0B5DE4657464E464546E0B510
:102EC00095B081468A4693460A93209F1E9A1F9B7F
:102ED00010001900FEF7B7FF002831D1012252423D
:102EE000BA4B1E981F99FEF793FF002837D1012295
:102EF0005242B74B1E981F99FEF7A0FF00283DD104
:102F00000022B44B1E981F99FEF798FF00284AD163
:102F10000022B14B1E981F99FEF77AFF002842D17C
:102F2000002200231E981F99FEF772FF00284AD145
:102F300000230B93229B5B0500D4AFE0002452E0FA
:102F4000229B0393219B029303230193A34B0093A2
:102F50000A9B5A4651464846FFF7C8FB1FE1229B91
:102F60000393219B0293042301939D4B00930A9B9F
:102F70005A4651464846FFF7B9FB10E1229B5B07D2
:102F80000ED5984B04222299039121990291019226
:102F900000930A9B5A4651464846FFF7A7FBFEE0BE
:102FA000914B0322EFE7229B0493219B039302970B
:102FB0001E9B1F9C009301940A9B5A46514648460B
:102FC000FFF754FDEBE01E9A1F9B00200021FEF747
:102FD000ACFE1E901F9101230B93ABE70CAB30228C
:102FE0001A55013F01341F2C01D8092FF6D81E981D
:102FF0001F99FEF751FF0500FEF736FF02000B0098
:103000001E981F99FEF791FE784BFA009B180CCB87
:1030100008920993FEF7B9FE06900791FEF760FF4C
:103020000600FEF71DFF02000B0006980799FEF749
:103030007CFE0690079100226D4BFEF7FFFE0028F4
:103040002ED001363000FEF70BFF02000B0008986F
:103050000999FEF7E3FE002801D001350026002F74
:103060002CD12800FEF700FF02000B001E981F99CC
:10307000FEF75BFE06000F0000225D4BFEF7C8FE68
:10308000002846D100225A4B30003900FEF7D6FE08
:1030900000283ED1EB073CD501353AE006274DE745
:1030A0000022534B06980799FEF7B2FE0028D6D1AE
:1030B000002E01D0F307D2D50136D0E7A8461F2C49
:1030C00011D8013F0A213000FEF7F4FB651C3031B6
:1030D0000CAB19550A213000FEF7ECFB092E0ED976
:1030E00006002C00EBE745461F2C0CD87B1E002F5A
:1030F00009D00CAA302111551F000134F4E72B0030
:1031000045461C00F0E71F2C03D80CAB2E221A55A5
:1031100001341F2C10D80A212800FEF7A3FB661CDF
:1031200030310CAB19550A212800FEF79BFB051E18
:1031300001D03400EDE73400229B9B0719D4229B79
:10314000DB0716D5219B002B0ED00B9B002B03D148
:103150000C33229A134207D0219B013B219303E0B9
:103160000CAB30221A550134219B9C4201D21F2CFA
:10317000F6D91F2C06D80B9B002B17D00CAB2D2299
:103180001A550134229B0393219B029301940CABAB
:1031900000930A9B5A4651464846FFF7A7FA15B0D6
:1031A000F0BCBB46B246A946A046F0BD229B5B07D9
:1031B00004D50CAB2B221A550134E3E7229B1B07E5
:1031C000E0D50CAB20221A550134DBE7FFFFEFFFFF
:1031D000FFFFEF7F65CDCD4165CDCDC1888E00105D
:1031E0008C8E00107C8E0010848E00104098001091
:1031F0000000E03FF0B5DE4657464E464546E0B596
:1032000093B083468A4690461193002900D11AE371
:1032100000255E46119B1878002800D116E325286A
:1032200009D06C1C43462A005146B047119B01331C
:1032300011932500EEE701331193002712E0202AB5
:1032400025D0232A05D110221743013311930124DD
:1032500006E0002404E00222174301331193012405
:10326000002C1CD0119B1A782B2A0AD0E7D92D2AC2
:10327000F1D0302A11D12F3A174301331193012491
:10328000EEE704221743013311930124E8E70822F3
:103290001743013311930124E2E70024E0E7119B77
:1032A0001A781300303BDBB2092B15D92A2A18D023
:1032B0000B94119B1A782E2A23D0119B1A786C2A12
:1032C00047D03CD9742A62D07A2A65D18022520034
:1032D0001743013311935FE011A8FFF7F5F90B9045
:1032E000E7E71C9B1A1D1C921B68002B04DB0B9349
:1032F000119B01331193DCE7022217435B420B93CE
:10330000F6E78022D20017435A1C11925A78130014
:10331000303BDBB2092B0BD92A2ACED11C9B1A1DBC
:103320001C921C68002C08DB119B01331193C4E72D
:1033300011A8FFF7C9F90400BFE70024F4E7682AE1
:1033400017D06A2A28D180229200174301331193A3
:1033500022E0802252003A43591C119159786C297D
:1033600001D0170018E0C0229200174302331193D6
:1033700012E080223A43591C11915978682901D0F2
:10338000170009E0C02217430233119304E08022A2
:103390005200174301331193119B1878652840D0D0
:1033A00077D8462800D18BE01BD9632831D102237E
:1033B0001A003A4091463B4200D1B0E101241C9BE7
:1033C0001A1D1C926F1C187843462A005146B047BC
:1033D0004B46002B00D0A6E1119B013311933D0019
:1033E00018E7252809D16C1C43462A005146B047EE
:1033F000119B0133119325000CE7452811D06C1C5B
:1034000043462A005146B047119B013311932500D2
:1034100000E763282BD858282BD0622829D04728CA
:10342000EDD1672801D0472802D180231B011F431B
:10343000452801D0472801D120231F431C9B073377
:10344000072293431A0008321C9204970B9A0392A6
:1034500002940CCB0092019343462A00514630005F
:10346000FFF704FB0500119B01331193D2E664289A
:10347000C5D178284DD0582800D17CE06F2800D1E4
:103480007CE0622800D17CE010239F43063B9C46F1
:1034900041E0702800D1BCE10DD9732831D11C9BCB
:1034A0001A1D1C921B689B46002C00D06EE1012265
:1034B00052425B464AE16728B3D01DD866289ED1A8
:1034C000462800D11CE11C9B0733072293431A00B6
:1034D00008321C9204970B9A039202940CCB009230
:1034E000019343462A0051463000FFF7E3FC0500F4
:1034F000119B013311938DE66928BAD06F28B8D09B
:103500007DE7732800D27AE77528B2D07828B0D04A
:1035100075E710239C46582836D0692803D06428C4
:1035200001D00C2297437A0501D5012297436928DF
:103530002DD064282BD0BA0500D5A3E0FA0500D51C
:10354000BBE07A0600D4CDE01C9A111D1C911168D5
:10355000FF220A4005970B9B049303946346029352
:1035600000230193009243462A0051463000FFF7A2
:10357000A5F905002AE010239C46CCE708239C46C9
:10358000C9E702239C46C6E720221743C5E7BA05D0
:1035900020D4FA0551D47A0667D51C9A111D1C91C6
:1035A0001168FF220A40D0171118414005970B9B64
:1035B0000493039463460293D20F01920091434611
:1035C0002A0051463000FFF779F90500119B0133BD
:1035D00011931FE61C9A073207218A431100083114
:1035E0001C91116853689946DB170C930D930C9A44
:1035F0000D9B100048400E900D9B49464B400F9389
:103600000E980F990C9A0D9B801A99410E900F916C
:1036100008970B9B07930694634604930023059336
:103620004B46DA0F02920090019143462A00514620
:103630003000FFF79FF90500C8E71C9A111D1C9187
:103640001268D0171118414005970B9B04930394FF
:1036500063460293D20F0192009143462A005146DD
:103660003000FFF72BF90500B0E73A0605D51C9AA4
:10367000111D1C910023D25E95E71C9A111D1C910F
:10368000126890E71C9A073207218A43110008311B
:103690001C9108970B9B07930694634604930023A1
:1036A000059302930CCA0092019343462A005146A7
:1036B0003000FFF75FF9050088E71C9A111D1C9187
:1036C00005970B9B04930394634602930023019395
:1036D0001368009343462A0051463000FFF7EEF886
:1036E000050073E73A0606D51C9A111D1C91126855
:1036F0001204120C2EE71C9A111D1C91126829E766
:1037000020231F43DFE6571C434651462020B04785
:1037100023003A005C1C9D42F5D815004FE60123BA
:103720002A000B9DF6E73A00B1460B9E06E0571CB7
:10373000434651462020C8472C003A00651CA6424B
:10374000F5D817004E4647E601330A0019780029DC
:1037500002D0511E002AF7D15A469B1A8022D2006D
:10376000390011408946174202D0A34200D92300F4
:1037700002221100394010913A4209D02A00250056
:103780005F469B4633004E46994621E0220090E674
:103790002A005546A24606E0541C43462900202034
:1037A000B0473B0022005F1C0B999942F4D8544665
:1037B000AA463B0025005F469B4633004E4699468D
:1037C00006E01D000137541C43465146C8472200FD
:1037D0003878002804D0002EF4D06B1E002DF0D1D4
:1037E00015005B464E46109A002A03D1119B013307
:1037F00011930FE52A000B9F06E0551C43465146E6
:103800002020B04723002A005C1C9F42F5D81500F9
:10381000ECE721233B431C9A111D1C911268059370
:103820000823049303940833029300230193009226
:1038300043462A0051463000FFF740F80500119B2F
:1038400001331193E6E40B4B9B46E1E4B346454557
:103850000DD343465A1E434651460020D847280000
:1038600013B0F0BCBB46B246A946A046F0BD2A0044
:10387000F1E7C046B926001000B585B08C4602A914
:10388000029060464860012084460448009313007B
:1038900062465242FFF7AEFC05B000BDBB260010E9
:1038A00000BEFDE7704710B5FFF7FAFF10B582B014
:1038B00084460C001900002A0AD0074B07480192E1
:1038C00000932300624600F05DF90120FFF7E8FF56
:1038D000034B1A00F2E7C046948E0010A48E00102D
:1038E000A08E001010B5EFF30583002B00D000BEB2
:1038F000FDF7C8FE034C01E008CC9847024B9C4200
:10390000FAD310BD088700101087001010B503000F
:10391000080011001B68984710BD0000F8B50700AB
:103920000D001600437D002B02D0002400200CE087
:1039300003681100280098472BE03B7D0FE03B68AF
:10394000144802219847601C0134B44213DA002C59
:10395000F3DD631EEB5C0D3B5A425341DBB22A5D43
:103960000A2AF1D1002BEFD1A042E8DA3B68211AF4
:1039700028189847E3E7B04203DA3B68311A281861
:103980009847002E05DD013EAB5D0D3B5A42534189
:103990003B75F8BD9098001070B505000368002BCA
:1039A00016D00C4B1C6805E0290004C92000FFF765
:1039B000B5FF2469002C09D02368002BF9D0064BF1
:1039C0001B68002BF0D0A342F3D1EDE700232B605E
:1039D00070BDC046741200207C12002010B50B6828
:1039E0005A1C0A60CB181871802A00D010BD08003C
:1039F000FFF7D2FFFAE7000010B5FDF751FC074AC8
:103A0000002312184B41002B03DB054804F034FE61
:103A100010BD01225242034BF7E7C04640420F005F
:103A2000B00C0020FFFFFF7F10B5024804F034FE09
:103A300010BDC046B00C0020F0B5CE46474680B55C
:103A400083B080460D0016001C00FFF7D5FF8146AD
:103A50006B1C05D0002C08D0184F194B1C6807E0D0
:103A6000404604F097FD0500F4E7164FF5E724699A
:103A7000002C16D02368002BF9D0134B1B68002BA9
:103A800001D0A342F3D12A0041462000B847002EBE
:103A9000EDD06B46D91D0A230B7001222000B847D8
:103AA000E5E74B46002B05D1280003B0C0BCB94662
:103AB000B046F0BDFFF7B8FFF6E7C0461D3900106D
:103AC000741200200D3900107C1200200A4A13687D
:103AD00002E01A0010321B69002B09D013688342E0
:103AE000F7D1002907D1036913600023036102E0C5
:103AF000002900D0106070477412002010B5064BEA
:103B00001C6800E02469002C04D06368002BF9D005
:103B10009847F7E710BDC0467412002010B500F0BA
:103B20003DF910BD70B5050004F034FD040001231B
:103B3000012201002800FFF77FFFFFF7DFFF2000D1
:103B400070BD0000F0B5A3B007000E00FFF754FFF2
:103B5000050001AC00230193094833003A0021001D
:103B6000FFF78AFE06002000FFF716FFFFF7C6FFEB
:103B7000002D02D1300023B0F0BDFFF755FFF9E76B
:103B8000DD3900100FB400B583B004A901C901915B
:103B9000FFF7D8FF03B008BC04B01847024B186009
:103BA000024B19607047C046141200201812002002
:103BB00010B5FDF775FB0E4A002312184B41002B80
:103BC00012DB0C4804F058FD00280CD00120002125
:103BD000404201F0ADFA002001F05CFD0028F5D173
:103BE000044804F059FD10BD01225242024BE8E79F
:103BF00040420F0070190020FFFFFF7F10B5024BFD
:103C00001878FCF739FD10BDBE1A012070B51A4BAB
:103C10001B68002B24D0EFF3108272B610001968D5
:103C20000029FCD0BFF35F8F13494A60134B002279
:103C30001A700B68BFF35F8F1A6080F31088002240
:103C4000002314001D000E4B1878FCF7F1FC00282F
:103C50000CD10022002314001D002000290070BD9B
:103C6000FA229200002314001D00ECE7044B1878A0
:103C7000FCF702FDF1E7C04688160020BF1A0120BC
:103C8000BE1A0120F0B585B0070015001E000CAB70
:103C90001C78FDF705FB2A00330012184B41002B5E
:103CA00009DB02940B9901910A9900913800FDF704
:103CB000A7F905B0F0BD01225242014BF1E7C04621
:103CC000FFFFFF7FF0B5C64600B584B080460F0009
:103CD00016001D000AAB1C78FDF72AF90294019525
:103CE000009642463B00FFF7CDFF04B080BCB846CB
:103CF000F0BD000010B582B02248002104F0B4FCF1
:103D000000281ED1204B1B68002B18D0EFF3108128
:103D100072B608001A68002AFCD0BFF35F8F1A4AF7
:103D200051601A490B78DBB201240C701268BFF3A2
:103D30005F8F0021116080F31088002B17D002B034
:103D400010BD01200021404201F0F2F9002001F0F5
:103D500079FC04000B4804F09FFC002CEFD00C4BC6
:103D60001B68002BEBD00B4A10689847E7E70A4A1C
:103D7000013300930023FA2080000021FFF7A2FF07
:103D8000DDE7C0467019002088160020BF1A012008
:103D900014120020181200200D3C001010B582B043
:103DA000D0231B061C68FDF7C3F8FDF7A5F9A04258
:103DB00030D1274B1B780021002001F06BFF254BF1
:103DC0001B68002B2CD00120FCF73EFE224C2070FB
:103DD0002249FF231840FCF76FFC20780121FCF7F3
:103DE00041FC0520FCF75AFC041E1DD00120FCF705
:103DF0009DFB01001A4B1800FCF786FE19490022B2
:103E00000520FCF785FC18480121FFF75FFE200024
:103E100002B010BD154B164A1648C821FFF746FDE3
:103E20000C48FCF72DFECEE70D4808220021FEF7D6
:103E300037FC114A012300930023FA20800000215F
:103E4000FFF740FFC043C40F0028E0DADBE7C046BD
:103E50004C9C001070190020BE1A0120F53C001087
:103E600088160020FD3B0010700C0020D48E00103E
:103E7000A0980010DC8E00100D3C001010B5002042
:103E800001F0C6FB10BD000070B504000D00FFF787
:103E9000F5FF002836D0002001F0D4FB002835D0F3
:103EA000FDF7FEF91D4A002312184B41002B1ADBC7
:103EB0001B4804F0E1FB00282CD0FFF7DFFF0028AF
:103EC00004D0002001F0BEFB002810D10120002109
:103ED000404201F02DF903235B421C00104804F01E
:103EE000DBFB200070BD012252420E4BE0E72A00AE
:103EF0002100002001F0B2FB041EEFD103235B423E
:103F00001C00EBE703235B421C00EAE703235B4250
:103F10001C00E6E703235B421C00E2E740420F007F
:103F200070190020FFFFFF7FF0B583B005000C0083
:103F3000FDF7B6F9314A002312184B41002B06DB7E
:103F40002F4804F099FB002805D103B0F0BD0122F1
:103F500052422C4BF4E7FFF791FF00284BD12A4B3C
:103F60000020002118605960254804F095FBECE71B
:103F700001200021404201F0DBF8002001F08AFB23
:103F8000FFF77CFF0028EFD0002001F0FBFB0028AA
:103F90001FD0A642E8DAA71B002001F0F3FB0200C5
:103FA000874200DC3A00002AE2D0A919002001F083
:103FB000C5FB070001200021404201F0B9F80020B4
:103FC00001F068FBF619FDF76BF90F4B18605960AB
:103FD000DFE7FDF765F901900F000B4B1868596892
:103FE0000A4A002312184B419F42BDD8D1D10199F2
:103FF0009142CED9B8E70026CBE7C04640420F0039
:1040000070190020FFFFFF7F380E002020A107005D
:10401000004870471C99001000487047C89800106D
:1040200010B50400154B1B78002B0ED0002C11D1BD
:10403000134B144A5A80012301335B009BB2104892
:10404000C02292001343038010BD0C48112100F0E0
:1040500025F8EBE7052C0ED80B4BA400E458002301
:10406000122BE9D8E15C0029E6D00133044A58005C
:104070008152DBB2F4E70020E6E7C0467819012060
:104080004C12002009040000B098001010B502483E
:1040900000F030F810BDC0465C17002010B50C1EB3
:1040A00001D0002308E00F4B0F4A10483B21FFF7D7
:1040B000FDFB3732C2540133621E9A420ED90F2BD8
:1040C0000CD85A080A49895C01229A43920011418E
:1040D0000F220A40092AECDC3032EBE7C01800233B
:1040E000037010BD808F001030990010888F001071
:1040F0005C17002070B588B0040004AD0D220021CB
:104100002800FEF7CDFA0D2200216846FEF7C8FA16
:104110004B232B7000230D226946280004F0CCFAB3
:10412000002304E05A1D69468A5CE2540133072BE0
:10413000F8DD08B070BD7047014B00221A7070475F
:10414000BD1A01204B79FF2B0CD18B79002B0BD1A1
:10415000CB79012B0AD1082A0AD98A78054B1A7023
:10416000092000E0002070470020FCE70020FAE76B
:104170000020F8E7BD1A01200120704710B5012981
:1041800028D1117953791B020B43134909788B42CB
:1041900001D000201FE05378012B03D0022B12D056
:1041A000002018E09178D3781B021943DB0506D56F
:1041B0000A06D20F480A03231940FDF72DFA002200
:1041C00001204042F7E7642200210020FDF7CCF9EE
:1041D000012000E0012010BDBD1A012000487047F9
:1041E000089A001010B504001000012911D153786D
:1041F000012B10D1127943791B021343072B01D0F5
:10420000002007E0054A9F330100200001F0D4F8A8
:1042100000E0012010BD0020FCE7C04660990010BE
:1042200001230370004870472C9A001010B50A78DB
:104230004B781B0213438A7812041A43CB781B066F
:1042400013439622D200934200D010BD01200022D9
:1042500011004042FDF7E0F930B583B004000D00D5
:1042600094467F230340C20929485900891849010F
:10427000401884705142514141700021C170058342
:104280006146C176012A1ED0DC0022498C46644476
:104290001F4958008018400109188C601C495800BB
:1042A000801840010918896800200860002B15D18A
:1042B00017495B009B185B01CB1800225A60164A15
:1042C000DA6003B030BDDC0014498C466444104908
:1042D00058008018400109188C60DFE7012A0BD0D4
:1042E000581EC0000E498C46604409495B009B186B
:1042F0005B01C9184860E4E7581EC00009498C46B4
:10430000604403495B009B185B01C9184860D8E70B
:1043100080120020840010500001105080001050C6
:104320000C0010500800105010B5038B3F339B0950
:104330009901C27E022A08D0084A1368C3605B183C
:104340001360074A934202D810BDD901F4E7054B28
:10435000054A06485221FFF7A9FAC04684160020F4
:10436000FF0F1050089200107C9A00104C92001021
:10437000F8B57F240440C50963005B195B010F4E4B
:10438000B44663441E00FFF767FF002C00D1F8BD60
:104390000A4B6400641964011C19218B3000FFF77B
:1043A000C3FFE37E9B06E168054A4A40134380222F
:1043B0001206134362681360E9E7C04680120020CA
:1043C0000000105010B503007F201840DB099C4608
:1043D000400060444001024BC01800F02FF910BDAE
:1043E0008012002010B5002804D101210520FCF71F
:1043F00039F910BD034B044A98210448FF31FFF7F7
:1044000055FAC046D09200106C9A00104C920010E1
:1044100010B5002805D1002200218020FFF7D2FF2F
:1044200010BD034B034AA2210348FF31FFF73EFAB8
:10443000D09200105C9A00104C920010024B802227
:104440005202DA647047C0460020115070B5041E55
:1044500027D100F0D1F8164D0C23AB671549FF2288
:104460000520FCF755F9144840220021FEF718F901
:10447000002240210020FFF77BFF00224021802006
:10448000FFF776FF04F0D0F801232B6480239B050F
:10449000EB649023094AEA502000FFF7CFFF012088
:1044A00070BD074B074A64210748FF31FFF7FEF94B
:1044B00000001150890400208012002010D001005B
:1044C000D0920010909A00104C920010044B19707A
:1044D000002904D0034A902380218902D1507047DB
:1044E000B91A0120002011500B78DA0605D160229C
:1044F0001A4202D14B78052B00D070478A78CB78CE
:104500001B021343FF221340014A1360F5E7C04624
:104510000000115010B5CA789207920F012A0AD0F4
:1045200088780B794979090219434905490DFFF744
:104530001FFF012010BD0020FCE710B504F074F847
:1045400010BD000010B58446080011001A00634633
:10455000002B03D1FFF736FF012010BD034B044AA7
:10456000812104488900FFF7A1F9C046D0920010CC
:104570004C9A00104C92001010B57F231800084090
:104580000B4205D1CB09012B0ED00222074B9A66B4
:10459000C909400040184001054BC0188022120193
:1045A000002104F029F810BD0122EFE7002011508E
:1045B0008012002010B57F22100008400A4200D16E
:1045C00010BDC909400040184001044BC018002329
:1045D000C3700022024904F00FF8F1E780120020B6
:1045E000FFF7FFFF04E00A780270013101301A0082
:1045F000531E002AF7D1704710B580235B040A4A86
:1046000013600A4A13600A4B1A6880235B049343C1
:10461000F9D18022520100210648FEF741F8064BED
:1046200009225A6710BDC04600E0004000F000407B
:1046300008C00040000010500000115070B5040088
:104640000D001600837E002B17D1A6820023E38283
:104650000133A3762561200003F0EEFF002804D08B
:104660000C4A902380218902D150200003F0F4FFEE
:1046700000280AD00123237770BD81780648FFF710
:1046800081FA200003F0C0FFDFE7200004F00CF8FF
:10469000F2E7C04600201150D493001070B5050019
:1046A000002408E0E31A5B01144A9B18DB68280029
:1046B00098470134E4B2124B1B78A3420CD3F1D9D2
:1046C000104B1B6862019B18002BEFD10E490F485D
:1046D0000F4AFFF757FA10E00E4C54220021200039
:1046E000FDF7DEFF201D1022FF21FDF7D9FF20007E
:1046F00014302022FF21FDF7D3FF70BD649B001012
:10470000B81A0120480E0020309B00100C940010B5
:1047100025020000F80F002010B5FFF7BFFF00F0E2
:1047200097FE10BD70B506000C001500486900F03A
:1047300099FE63692A0001213000984770BD00008E
:10474000F0B5DE4657464E464546E0B583B0814655
:104750000139C8B2FFF760FC002803D043789B46BC
:10476000022B0CD04E494F484F4AFFF70BFA00205E
:1047700003B0F0BCBB46B246A946A046F0BDC57921
:104780006C110122494B1440240119781026B143C1
:1047900021431970AD112A405201C9B22024A1430E
:1047A0000A431A70060009368278C3781B02134345
:1047B000C3189A465BE0F37898463378F6185DE0C4
:1047C000374938483A4AFFF7DDF90020D0E72C1B7B
:1047D0006401384BE41823693A0031004846984791
:1047E0000190082801D9874213D20135EDB2324B2E
:1047F0001C78AC4237D3EAD9304B1C686B01E41803
:10480000002CE8D1264927482D4AFFF7BBF90020A4
:10481000AEE74346012B10D0002290451AD9B37859
:104820009B18DBB22149C9180979FF290BD11F490F
:10483000CB181D710132D2B2EFE72269214B9A42A7
:10484000EAD1D846E8E7164916481F4AFFF79AF911
:1048500000208DE71D482B00019C2200310001F053
:10486000F9FAA4466644144B1B78AB420ED3564566
:1048700014D273780B2B9ED0012398467378042BA7
:104880009ED153469F1BBFB20025B0E78522044945
:104890000448D200FFF776F9002069E7012067E7B6
:1048A000049B00100C940010D6030000F80F0020A9
:1048B000F1030000649B0010B81A0120480E00208C
:1048C000FA030000FD580010190400000C1000202D
:1048D00070477047002070470020704770B5050092
:1048E0000C008878CB781B021A0A1300062A54D0D1
:1048F00011D8022A29D0032A41D0012A09D1FFF771
:1049000087FB021E1AD012232100280000F054FD5C
:1049100029E0002027E0072A17D00F2A0CD1FFF743
:104920005DFC021E43D08178C3781B020B4321003B
:10493000280000F041FD16E0002014E02049214845
:10494000214AFFF71FF900200DE0022B0CD0FFF7E2
:10495000C3FF021E2DD09178D3781B020B43210098
:10496000280000F029FD70BDFFF756FB021EF2D1B2
:1049700013491448154AFFF705F90020F3E70B79AE
:10498000497909021943FFF74BFB021E13D0037844
:104990002100280000F010FDE5E7FFF79BFF021E55
:1049A0000BD003782100280000F006FDDBE7002093
:1049B000D9E70020D7E70020D5E70020D3E7C0469D
:1049C000EC9A00100C9400103A04000061040000FE
:1049D0007047704770477047024B5878431E9841A4
:1049E000C0B27047F80F0020024B18784007C00F84
:1049F0007047C046F80F0020034B1878FF38431E5D
:104A00009841C0B27047C046A40C0020F8B506001B
:104A10000C000F00FFF7F0FF051E45D1002C21D040
:104A20002C4854220021FDF73BFE2B4B00221A702C
:104A30002A4C2000FCF724F8294B1C60294C20004C
:104A4000FCF76CF8143C200001F084FC264B1C6041
:104A5000264B002B04D02648FFF7E2FB254B1860BD
:104A6000002410E0E922244924485200FFF78AF884
:104A70001AE0E31A5B01224A9B185B68002B0DD0F9
:104A800098470134E4B21A4B1B78A3420ED3F0D9F5
:104A9000184B1B6862019B18002BEED1F8221649B7
:104AA00016485200FFF76EF82800F8BD154B1E702F
:104AB00039003000FFF7CAFC051E03D03000FFF7B5
:104AC00091FCF1E7FC220C490C485200FFF75AF820
:104AD000EAE7C046F80F0020BA1A0120F00F0020C4
:104AE0004C1000209C0C002050100020214200108F
:104AF000B81A0120480E0020549B00100C9400109E
:104B0000649B0010A40C002070B50C00114B1B78A6
:104B10001E008B7870221A420DD10F4B997820001D
:104B200001F042F9051E0ED021003000FFF7F2FC23
:104B30000500280070BD094909480A4AFFF722F814
:104B400000231D00F5E705490548074AFFF71AF855
:104B5000EFE7C046A40C0020F80F0020BC9A00101C
:104B60000C9400100B0500000C050000F8B5CE46B3
:104B7000474680B580460C0016009946002516E091
:104B800017491848184AFEF7FDFF00273800C0BC37
:104B9000B946B046F8BD9D2211491248D200FEF731
:104BA000F1FFF3E7099A13702378E4180135AE4258
:104BB00014DD6378052BE3D1E1788907890F494536
:104BC000DED121004046FFF79FFF071EE3D0A37808
:104BD000DA09012AE6D0089A1370E5E70127D5E73C
:104BE000CC9A00100C940010E704000010B57F2050
:104BF0000840C909400040183030044BC018043048
:104C0000034B196801F084F810BDC046F80F00206E
:104C10004C10002010B57F200840C9094000401802
:104C20003030044BC0180430034B196801F09BF876
:104C300010BDC046F80F00204C100020F0B583B026
:104C40000193194B18787F240C40CD09174B66004F
:104C5000B44663445B1930331B79DB071CD4134B18
:104C60006600B44663445B1930331E7901273E4326
:104C70001E71019BFFF766FC002813D10B4B6400EB
:104C80001B195B1930331A7901218A431A711A7979
:104C900003318A431A7105E005490648064AFEF7C2
:104CA00071FF002003B0F0BDA40C0020F80F00201D
:104CB000AC9A00100C9400103905000070B50A4B36
:104CC00018787F240C40CD09FFF756FC074A640092
:104CD00013195B1930331A7902210A431A711A79B0
:104CE00001210A431A7170BDA40C0020F80F0020A6
:104CF00070B50A4B18787F240C40CD09FFF75AFC99
:104D0000074A640013195B1930331A7902218A4368
:104D10001A711A7901398A431A7170BDA40C0020E6
:104D2000F80F00207F220A40C909044B52009B184B
:104D30005B18303318798007C00F7047F80F0020D8
:104D4000F0B5C64600B584B001900C00002000F01C
:104D500089FB237860221A40602A32D0402A39D059
:104D60002378DB06DB0E012B00D1F4E0022B00D10F
:104D70003AE1002B00D0B9E1202A35D0002A00D03A
:104D8000C1E16378052B67D057D8012B00D1CDE066
:104D9000032B00D1B5E0002B4CD1CC4B1A78510934
:104DA00092080223134001220A40134302AA06324A
:104DB000138002232100019800F0FEFA01231D0058
:104DC00096E15532C249C3489200FEF7DBFE00234C
:104DD0001D008DE1C04800F045FB22000121019833
:104DE000FFF700FA050083E1227963791B02134380
:104DF0000F2A00D981E1B54AFF210B40D21813795F
:104E0000B64A1278934208D2B54A11685B01C918B4
:104E1000002909D100231D006AE1934200D96FE106
:104E20009B1A5B01AF49591822000198FFF77AFCE1
:104E300005005DE100231D005AE1082B1BD0092B62
:104E400026D0062B05D121000198FFF747FD05006C
:104E50004EE100231D004BE1200000F009FBA1788A
:104E60000198FFF7D5FA994A137802210B43137082
:104E700001231D003CE1954B5B7802AA06321370BA
:104E800001232100019800F097FA01231D002FE172
:104E9000A27890468D4B5B7893422BD08B4B5B78FE
:104EA000002B0CD1894B41465970002920D0019824
:104EB000FFF746FC051E11D0FFF78AFD1AE000211E
:104EC000019D2800FFF702FB2800FFF736FB7F4E0D
:104ED000B7782800FFF7E2FBB770E3E7C9227C4907
:104EE0007C489200FEF74EFE784B00225A70FFE09D
:104EF000FFF76FFD2100019800F04AFA01231D0021
:104F0000F6E0A278E3781B021343012B02D00023C2
:104F10001D00EDE06D4A137808210B43137021004A
:104F2000019800F035FA01231D00E1E0A278E37852
:104F30001B021343012B02D000231D00D8E0634A5B
:104F4000137808218B4313702100019800F020FA98
:104F500001231D00CCE0227963791B0213430F2A41
:104F600000D9D3E0594AFF210B40D21813795B4A8C
:104F70001278934224D25A4A11685B01C918002959
:104F800000D1C6E022000198FFF7CCFB051E00D03F
:104F9000AEE0237860221A4200D0A9E063780A3B91
:104FA000012B00D9A4E0002000F05CFA63780A2B02
:104FB0000ED02100019800F0EBF901231D0097E0CD
:104FC000934200D9A8E09B1A5B0146495918D9E7DA
:104FD00002AB9A1D0023137001332100019800F0E9
:104FE000EBF901231D0083E021797F200840CB09E4
:104FF0009C4670230B4218D1344B40001B1863446D
:105000001B7D36480078834217D2354800685B0123
:10501000C3181D00002A1BD0291E00D17FE02200EA
:105020000198FFF77FFB050062E0294929482E4AD5
:10503000FEF7A8FD00231D005AE0834205D81B1A85
:105040005B0128481B181D00E4E700231D00E1E771
:105050006378012B12D0032B10D0002B62D1019D5D
:105060002800FFF75FFE02AB9A1D1080022321008B
:10507000280000F0A1F901231D0039E0A078E278B2
:105080001202024304D1012B1BD00198FFF716FE38
:10509000002D4AD0220029000198FFF743FB002091
:1050A00000F0E0F9094B35229B5CDB07DA0F1500B5
:1050B000002B1DD12100019800F06AF901231D0089
:1050C00016E00198FFF714FEE2E7C046F80F002053
:1050D000189B00100C940010E5410010B81A012034
:1050E000480E0020649B00109503000000231D0063
:1050F000280004B080BCB846F0BD00231D00F7E7CF
:1051000000231D00F4E700231D00F1E700231D002C
:10511000EEE700231D00EBE700231D00E8E7002376
:105120001D00E5E700231D00E2E701231D00DFE786
:1051300030B585B0FFF760FC00284ED105B030BD1A
:10514000042B4AD16A4B1B78DB0746D5684B18788D
:105150000007C00FFFF73EFC3FE0072B71D0082B84
:1051600000D1B5E0062B38D1624B1B78002B62D002
:10517000604A1378013BDBB213701378002B2CD1FB
:105180005B4B1A78012401210A431A703422995C7E
:10519000A1439954995C0420814399540132995C4C
:1051A000A1439954995C8143995401AB187802A9A1
:1051B000FFF7C6FD002810D101AC20780021FFF7D1
:1051C000DBF920788021FFF7D7F906E001AC2078E1
:1051D000FFF7A2FA2279464B9A70474B1C68626926
:1051E000EFF3108172B61368002BFCD0BFF35F8F12
:1051F000A16101A9200001F04FF86269A369BFF322
:105200005F8F0021116083F31088002800D195E79B
:1052100001AB5B78052B53D09FD8032B5FD08FD881
:10522000012BD3D0022BD8D101AB1878FFF774FA39
:10523000FFF7CFFBD1E731493148324AFEF7A2FCF4
:105240007CE701AB19797F220A40CC09284B50003A
:105250001B181B19303318790125A84318711879C8
:105260000335A8431871002A15D0214B52009B1812
:105270001B191B7D244A1278934213D2234A1268C9
:105280005B01D318002B14D09C6901A84279039BC1
:105290000078A047A1E701A84279039B007800F0BD
:1052A000F5F89AE7934204D89B1A5B01184A9B18B9
:1052B000EAE7A422114912489200FEF763FC3DE799
:1052C0000B4B1B78DB0700D487E7FFF784FB84E7F1
:1052D000029B002B00D180E7039898477DE7044BA1
:1052E000DB78DB0700D478E70298FFF7F2FA74E77F
:1052F000F80F0020BA1A012050100020449B001023
:105300000C94001065020000B81A0120480E00201D
:10531000649B001010B50023CB56002B05DB8021C9
:1053200000230022FFF78AFC10BD0021F8E70000EF
:10533000F8B50700144B9E89DD89731B9BB21C1CBA
:10534000402B00D94024A4B20F4B1B785BB2002B3A
:1053500008DB0021AE4213D00C4A23003800FFF7CF
:105360006DFCF8BDAE4209D0074B9968402C09D8B6
:1053700006482200FDF79AF98021EBE78021E9E752
:105380000022EAE70020ECE7D80F0020980F002069
:1053900070B506000D00074C08222000FDF786F9C5
:1053A0000023A360E381A38129003000FFF7B2FF4F
:1053B00070BDC046D80F0020F0B5C64600B5804687
:1053C0000C0017001E001F4D08222800FDF76EF983
:1053D000AF600023EB81A379E179090219430B1C2B
:1053E000B14200D9331C99B2164A9381A279E3796C
:1053F0001B02134319D0002901D0002F08D04046CA
:10540000FFF796FF041E0AD0200080BCB846F0BD0E
:105410000D490E487222FEF7B5FB0024F4E70A4955
:105420000A487422FEF7AEFBEEE721004046FFF784
:1054300071FF041EE8D1044904487622FEF7A2FB5E
:10544000E2E7C046D80F00209C9B00100C9400108F
:1054500010B5034814220021FDF722F910BDC04603
:10546000D80F0020014B18617047C046D80F0020AC
:1054700010B50100044C08222000FDF717F90023A5
:10548000A360E381A38110BDD80F002070B5050093
:105490001A001C00C909344B1B78DB098B4219D058
:1054A000002A08D0314932489D22FEF76BFB0023C9
:1054B0001C00200070BD2C4B1C001900FFF714F8D5
:1054C0002369002B03D0284A032128009847012391
:1054D0001C00EEE7244B1B785BB2002B06DB224B53
:1054E000986800283DD02349FDF7E0F81E4AD3898B
:1054F000A1B25B189BB2D3819168A44661449160CC
:10550000D288934201D03F2C20D8174B1B69002B27
:1055100005D0154A02212800984700280BD01249CF
:105520002800FFF7F7FE041EC3D110491048C5221A
:10553000FEF728FBBDE700212800FFF71DF88021BA
:105540002800FFF719F801231C00B2E72800FFF735
:10555000EFFE041EADD105490548CD22FEF712FB32
:10556000A7E700231C00A4E7D80F0020849B0010AD
:105570000C940010980F002070B50400FFF72CFA6F
:10558000002803D100231E00300070BDFFF72CFA65
:10559000061EF7D11C4BC82262439B18DB78002BF8
:1055A000F0D0C82363431033174A9B181D0018001E
:1055B00000F05BFE3F28E7D9134BC82262439B18DB
:1055C000D9780020FFF712FB002801D10600DBE7A5
:1055D000280000F04AFE3F280DD9E2010B4BD218FB
:1055E000094BC82161435B18D97840230020FFF79D
:1055F00025FB0600C8E7044BC82262439B18D978F4
:105600000020FFF707FBBFE7D00E00204C0E002064
:1056100010B50400FFF7E0F9002800D110BDFFF736
:10562000E3F9002808D1064BC82262439B181B7976
:10563000DB0703D50130F1E70020EFE70020EDE7BD
:10564000D00E002010B5C823434310330248181869
:1056500000F0D7FD10BDC046D00E002070B504008C
:10566000C82060430300103307481818074B9A42BC
:1056700008D892B200F031FE05002000FFF77CFF51
:10568000280070BD024AF5E7D00E0020FEFF0000A2
:10569000FFFF000070B50400FFF79EF9002801D15C
:1056A000002070BDFFF7A0F90028F9D1C82363439B
:1056B00020331E4A9B1804331E00180000F0A1FD81
:1056C0000028EED0194BC82262439B18997800201D
:1056D000FFF78CFA0028E4D0E3014033144A9B180A
:1056E0001D0040221900300000F0F7FD061E14D006
:1056F0000E4BC82262439B18997803002A000020B1
:10570000FFF79CFA002801D03000CAE709490A488F
:10571000D522FEF737FA0020C3E7044BC8226243C4
:105720009B189978FFF776FA0020BAE7D00E002090
:105730004C0E0020CC9B00100C94001070B506009D
:10574000C824444320340C4BE41804340B4B9A42D5
:105750000BD892B2200000F0F8FD0500200000F008
:1057600050FD3F2803D8280070BD054AF2E73000FD
:10577000FFF790FFF7E7C046D00E0020FEFF0000C5
:10578000FFFF000010B5C82358432030024BC0185B
:10579000043000F06AFD10BDD00E0020F0B5C64602
:1057A00000B582B02448C8220021FCF779FF234BC2
:1057B00000221A700027002F03D002B080BCB84628
:1057C000F0BD1D4EC8247C433519FF236B71E123C6
:1057D0005B02AB6000222A736A730823AB7321005B
:1057E000383189192000103080190092073B40326F
:1057F00000F0C6FC21007831891920002030801982
:10580000043001230093402200F0BAFC2300B83397
:105810009B1998461800FBF733F9C034A4192000EF
:10582000FBF72EF90022EA6143462B622C636A6380
:105830000137FFB2BFE7C046D00E0020CC0E0020DB
:105840000023002B01D00120704719000E4AC82008
:1058500058431218106A126B9446002806D00A4A60
:10586000C820584312180020D06110626246002AF6
:1058700006D0054AC82041435218002111635163E4
:105880000133DBB2DDE7C046D00E002070B5002446
:10589000002C00D070BD2500C8206043154BC018F7
:1058A00005220021FCF7FCFE134B1B78DB070FD50C
:1058B000114B1B789B0713D5C820684320300D4B34
:1058C000C0180430012100F064FD0134E4B2DFE7C8
:1058D000C82060431030074BC01800F03BFDE7E7DD
:1058E000C82068432030034BC018043000F032FD5C
:1058F000E2E7C046D00E0020CC0E0020F0B5C64630
:1059000000B582B007004B79022B6BD18B79022B4B
:1059100000D06DE000231E00002E08D0002E13D111
:105920008B78404603700C780C19092518E0C823C1
:10593000734330481B1898469B78002BEED03300F9
:105940000133DBB21E00E7E742222B492B48FF322E
:10595000FEF718F9002546E023785D19ADB2E4188A
:105960006378242B01D19542F6D9052B09D06378B1
:10597000042B02D163790A2B19D03000FFF7FCFD0C
:1059800031E021003800FFF7BFF8002807D0A378E6
:105990004246537023785D19ADB2E418E7E754220C
:1059A00015491648FF32FEF7EDF800251BE0217877
:1059B0004D19ADB261184246931C0193D31C00935C
:1059C000022302223800FFF7D1F8002802D00E355A
:1059D000ADB2D2E7B122084908485200FEF7D2F82A
:1059E000002500E00025280002B080BCB846F0BDCC
:1059F0000025F8E7D00E0020C09B00100C9400108A
:105A000070B506000D001100127860231340202BA2
:105A100000D087E00024002C0FD0002C00D083E0C1
:105A20004B78222B45D019D8202B21D0212B13D1F4
:105A30002B00012D35D0012075E0C82363433E4A79
:105A400098188446D25C08794B791B0203439A422A
:105A5000E3D00134E4B2DEE7002064E0232B05D17B
:105A6000012D4ED0032D51D001205CE000205AE0E2
:105A70002B00012D03D0032D09D0012053E06246F5
:105A8000083206333000FFF797FC01204BE02B4B28
:105A9000002B4BD0614608312000FEF7C7FB0120E8
:105AA00041E06246083206333000FFF785FC0120F2
:105AB00039E0012D03D0032D06D0012033E0300062
:105AC000FFF766FC01202EE08A78CB781B02134397
:105AD000012215001D4059080A4016006246137144
:105AE00001216940C9B26046243000F052FC144BD9
:105AF000002B1DD032002900200000E000BF012053
:105B000011E03000FFF744FC01200CE00D4B002BAE
:105B100010D08B78C97809021943200000E000BF3B
:105B2000012000E0002070BD0020FCE70120FAE722
:105B30000120F8E70120F6E7D00E00202D420010EA
:105B40000000000000000000F0B5CE46474680B5DA
:105B500083B001900E0000930024002C0FD0002C85
:105B60001AD1A046EB78B3421ED0AB78B34255D0E1
:105B70000124200003B0C0BCB946B046F0BDC82522
:105B800065433D4BED18EB78B342E8D0AB78B342B8
:105B9000E5D00134E4B2E0E7E62238493848520063
:105BA000FDF7F0FF0024E4E710239C46AC44604678
:105BB000E146E101334BC9186B461A8800F0C5FB7A
:105BC000314B002B1AD06B79FF2B17D0002700E048
:105BD0000137009B9F4211D26A792A4B4146C90185
:105BE0005B18DB5D9A42F3D1484600F020FB0028A9
:105BF000EED16979200000E000BFE9E7234B002BDC
:105C000004D0484600F013FB002803D02000FFF723
:105C1000B3FCAAE7200000E000BFF7E71C4B002B15
:105C200002D0200000E000BF2000FFF733FD002875
:105C300001D001249DE72800243000F0E2FA00287A
:105C400015D1009B002B14D09B0601D0012490E7B6
:105C5000A9780198FEF7CAFF041E01D1012488E744
:105C6000A978002300220198FEF7E8FF81E70124CC
:105C70007FE701247DE7C046D00E0020B09B0010D6
:105C80000C9400104C0E00200000000000000000EA
:105C90000000000010B582B000290BD001281DD8EB
:105CA0000B78002B1AD0174A1354012B20D0012354
:105CB0001C001AE001A901230B7000234B70002087
:105CC000FEF7A4FE041E03D00E4B01221A700CE056
:105CD0000D490E484722FDF755FF06E00A490B48DB
:105CE0005A22FDF74FFF00231C00200002B010BD18
:105CF000FEF78CFE041EF8D1034904485F22FDF72D
:105D000041FFF2E7EC0F0020F89B00100C9400100C
:105D100070B504000A000D000378DB07D80F002BD4
:105D20001FD123785B07D90F0E00002B1ADB01214E
:105D30004942100002F088FC2378DB07DA0F002BC1
:105D400008D123785B070AD42378042213432370F5
:105D500001231E00280002F09FFC300002E0160024
:105D6000F8E7002070BD70B5040006000A000D00C1
:105D700001214942100002F067FC23785B07DA0F2B
:105D80001400002B04DB280002F086FC200070BD0C
:105D90003378DB0704D43378042293433370F2E77B
:105DA00000231C00EFE7000010B5027943791B02C5
:105DB00013435B055B0DC2789207920F022A14D041
:105DC000032A2DD0012A3CD1022904D01E4A9A422E
:105DD00004D3012036E08022D200F8E71B491C489A
:105DE000D122FDF7CFFE00202CE0022903D0402B6A
:105DF0000FD8012026E080229200934201D1012099
:105E000020E012491248293AFF3AFDF7BBFE002074
:105E100018E00E490E48DB22FDF7B4FE002011E029
:105E2000022904D040229A4204D301200AE08022B1
:105E3000D200F8E705490648E122FDF7A3FE00205D
:105E400000E0002010BDC046FF030000E49B0010EE
:105E50000C94001010B584461C008B1801E00A78E1
:105E6000891899420AD24A78052AF8D188787A3274
:105E7000024052006244C0091454F0E710BD030010
:105E80008A1890B2814202D85A00904203DB5B002C
:105E90009BB2C01A80B2704770B50E0014008188A2
:105EA0009A420BD3D21A92B2002A20D0914211D238
:105EB000A1420AD8641AA3B243810BE0D21A92B26B
:105EC0004D00AC46624492B2EEE70C19A3B2F3E780
:105ED0005B1A9BB29942FBD90168C2885204520CEA
:105EE0005343C9183000FCF7E1FB012070BD0020CE
:105EF000FCE7F8B5CE46474680B504000F00180011
:105F000008AB1B789C46A388191A89B2C31AD31808
:105F10009BB2E5886D046D0C0E006E43B6B2B046C0
:105F20006B439BB29946236868431B186646002E54
:105F300006D1914208D36A4319003800FCF7B6FB3A
:105F4000C0BCB946B046F8BD46463200190038001C
:105F5000FCF7ACFB2168380040444A46FCF7A6FB3E
:105F6000EEE7F0B5C64600B582B00E001700190086
:105F700008AB1B8809AA12789446828899420FD3ED
:105F8000CC1AA4B2002C1FD0A24205D28A420ED84D
:105F90008B1A9BB243811400BC420DD33C000BE032
:105FA000CC1AA4B25500A8464444A4B2EAE751185A
:105FB0008BB2EFE79B1A9BB29A42FBD962460092E2
:105FC00022003100FFF795FF200002B080BCB846E8
:105FD000F0BDF0B583B004000D0016001F0000698D
:105FE000002803D00121494202F02EFB23899BB2F5
:105FF000628901970092320029002000FFF7B1FF6B
:1060000002000500618989B2A088FFF738FF60812E
:106010002069002801D002F03FFB280003B0F0BD4A
:10602000F8B5CE46474680B504000F00190008AB0E
:106030001B789C468388581A80B2CB1AD3189BB21F
:10604000E5886D046D0C06006E43B6B2B0466B4336
:106050009BB29946236869435B186646002E06D1B9
:10606000904208D36A4339001800FCF71FFBC0BCFC
:10607000B946B046F8BD4646320039001800FCF774
:1060800015FB2068390041444A46FCF70FFBEEE758
:10609000F0B585B004000391151E029300D16DE0A8
:1060A000C068002803D00121494202F0CDFA2789B7
:1060B000BFB2618989B2E379DB0918D1A3888F4225
:1060C0000FD3791A89B28B4256D95B1A9BB22E1C18
:1060D0009D4200D91E1CB6B2002E45D0A2883B00BE
:1060E00033E0791A89B25A00891889B2EBE7A68899
:1060F000AE420ED8029B002B21D1AB1BE5886D046C
:106100006D0C5D43039B9C46AC44634603930F00B8
:10611000E2E78F420DD37B1A9BB25B197200934268
:106120000FDB721B92B23000FFF7A9FE07002E00B2
:10613000D2E77B1A9BB272009B189BB2EDE70F006F
:10614000CAE72E00C8E79B1A9BB29A42FBD9029A73
:106150000092320003992000FFF762FFA08832000E
:106160003900FFF78CFE2081E068002801D002F0A2
:1061700093FA300005B0F0BD0026F5E71600F8E709
:10618000F0B5C64600B504000D0016001F0006ABB2
:106190001B78984680231B029A422ED8C06800289C
:1061A00003D00121494202F04FFA2069002803D0B0
:1061B0000121494202F048FA2560A6807A04520C77
:1061C000E388DB0BDB031343E3804346DA01E17929
:1061D0007F230B401343E371002363812381E06835
:1061E000002801D002F058FA2069002807D002F0F8
:1061F00053FA012080BCB846F0BD0020FAE7012028
:10620000F8E710B5828801898BB2408984B2884250
:1062100007D81B1B9BB2101C9A4200D9181C80B2D5
:1062200010BD1B1B9BB251005B189BB2F3E70389A7
:106230004089181A43425841C0B2704783889C462F
:10624000028993B2418988B2914207D81B1A9BB246
:106250000020624693424041C0B270471B1A9BB275
:10626000624652009B189BB2F2E710B58288018902
:106270008BB2408984B2884206D81B1B9BB29A42DB
:1062800008D9D01A80B210BD1B1B9BB251005B18FD
:106290009BB2F4E70020F6E770B504000D0000693A
:1062A000002803D00121494202F0CEF9228992B29E
:1062B00063899BB229002000FFF7EEFD0200050074
:1062C000618989B2A088FFF7DAFD60812069002822
:1062D00001D002F0E1F9280070BD10B50023FFF7EE
:1062E00078FE10BDF8B504000F00C068002803D088
:1062F0000121494202F0A8F923899BB21E00200027
:10630000FFF79CFF002802D0E579ED0916D0A2889E
:10631000330001E09B1A9BB29A42FBD92068E288C5
:106320005204520C5343C0183900FCF7BFF9A0883F
:1063300001223100FFF7A3FD20810125E06800283C
:1063400001D002F0A9F92800F8BD10B50023FFF72D
:106350009FFE10BD10B50400C068002803D00121C5
:10636000494202F071F92069002803D00121494215
:1063700002F06AF9002363812381E068002801D0DC
:1063800002F08AF92069002801D002F085F9012085
:1063900010BD70B504000D00C068002803D00121B5
:1063A000494202F051F92069002803D001214942F5
:1063B00002F04AF9EB01E2797F2111401943E171C2
:1063C000E068002801D002F067F92069002801D0B8
:1063D00002F062F9012070BD014B00225A60704743
:1063E000400E002070470000000000000000000088
:1063F0000B4A13681868203080F30988022080F364
:106400001488BFF36F8F3FBCAE4608BC04BC62B6B5
:106410001847C046C046C046C046C046C046C046F3
:10642000A416002000000000000000000000000092
:10643000EFF30980164B1A6820381060F0C044460C
:106440004D4656465F46F0C00D221207146E556E3B
:10645000566F176F3038F0C008B572B601F036FAD3
:1064600062B60CBC116808681030F0C8A046A94696
:10647000B246BB4680F309880D2212073038F0C8B7
:106480001466556656671767F0C81847C046C04679
:10649000A416002010B5F9F7DBFF000000B583B0AB
:1064A00002E0D0231B069B6DD0231B061B6DDB0770
:1064B000F7D4D0231B06FF221A6500230193114B4A
:1064C0001968EFF3108372B60A68002AFCD0BFF394
:1064D0005F8F0D480168002202600A480068BFF320
:1064E0005F8F026083F31088084B186801AA00F0E0
:1064F000EBFA019B002B03D0054B802252051A605A
:1065000003B000BDA016002090190120F819012049
:1065100004ED00E070B504000D00FAF7C1FE2200A2
:106520002B00121A8B41100019000A4A01235B420A
:1065300080185941002906DC01D0002070BDFA23E3
:106540009B009842F9D3FA2292000023FBF7D8F976
:10655000F4E7C04618FCFFFF10B5031F8024640455
:106560001C60043B1960044B01000C390B600300F4
:10657000203B1A60403810BD95640010044B802207
:1065800052051A60BFF34F8FBFF36F8F7047C0463D
:1065900004ED00E072B6044A136801331360BFF3E0
:1065A0004F8FBFF36F8F70478C19012010B5094BC7
:1065B0001B68002B07D0074A1368013B1360002BB0
:1065C00000D162B610BDE92103484900F9F762FE27
:1065D000F1E7C0468C19012024940010EFF31080DD
:1065E00072B6704780F310887047000010B5FFF74F
:1065F000F5FF040000F0AEFF002803D0034B80221B
:1066000052051A602000FFF7EDFF10BD04ED00E019
:1066100010B5094C00232360084A13600520FAF7DF
:10662000C5FEFA218900FBF745F90138044B1860D3
:106630000723236010BDC04610E000E018E000E032
:1066400014E000E010B51F4B1968FF2212040A4342
:106650001A601968FF2212060A431A601A490E20AE
:1066600001F0F6FD19490F2001F0F2FD18490B2049
:1066700001F0EEFDFFF7CCFF164B00221A60D0238D
:106680001B061C68144A1470FF221A6502E0D0230E
:106690001B069B6DD0231B061B6DDB07F7D40F3445
:1066A000FF212000FAF740F90C492000FAF704F81E
:1066B00001212000F9F7D6FFFFF79AFE01F006F955
:1066C000FFF7E8FE20ED00E031640010ED650010FA
:1066D000E56300108C190120A50C00209D640010BA
:1066E00010B5094B1B78D02212061068834200D0E7
:1066F00010BDEFF30583002B02D05B00C018F7E755
:1067000001F02AFBF4E7C046A50C002010B582B0CA
:106710000A0003682E498C46634499105C2B00D90B
:10672000183901238B4019002A4B1B789C46D02333
:106730001B061B689C4523D040BF03689C46264B24
:106740001B689C453DD01C68002CFCD0BFF35F8FBC
:10675000224B9C461B680B4361460B601E4B1B681B
:10676000BFF35F8F002119600023D02109064B651C
:106770000168BFF35F8F0B6082F3108802B010BD19
:1067800040BF0368BFF35F8F0020186082F310885A
:10679000EFF30583DBB2002B04D1114B186800F036
:1067A00049F9EBE7002301930D4B186801AA00F0AB
:1067B0008BF9019B002BE1D00A4B802252051A6015
:1067C000DCE7064B9C461B680B4361460B60CBE73E
:1067D00000FFFF2FA50C0020A0160020901901201B
:1067E000F819012004ED00E0F0B583B004000D00BD
:1067F00017001E00EFF30583DBB2002B16D12368D0
:10680000002B18D02B4B1A78D0231B061B689A42FA
:1068100016D02368BFF35F8F00221A6085F31088BB
:1068200038003100FAF76AFC03B0F0BD2248234972
:10683000F9F730FDE3E720482149F9F72BFDE1E7BF
:1068400038003100FFF766FE031E25D02268BFF333
:106850005F8F0021116085F310881A4A1068226842
:1068600019498C46624491100C005C2A01D91839F0
:106870000C000121A14000930023012200F058F8F0
:10688000124A526A96420FD81049896AB9420FD209
:10689000964209D00120C7E72368BFF35F8F00222B
:1068A0001A6085F31088EBE7FFF768FE0020BBE76E
:1068B0000120B9E7A50C0020249400103904000041
:1068C0003A040000F819012000FFFF2F00400540A6
:1068D00010B5F9F71DFE054B9C4660448000044B43
:1068E000186000F018F8034B186010BD4000003429
:1068F000A0160020F8190120002A03D1014206D178
:10690000100003E00840884203D0002070470120B7
:10691000FCE70120FAE710B51C2001F027FD041E5A
:1069200003D0002308C000F0DBF8200010BD0000F9
:10693000F0B5C64600B506000D0090461F000028C1
:1069400030D080235B049D4232D2002D36D001F03E
:1069500009FA002802D1069B002B35D100F0E6FD94
:1069600034683A0029002000FFF7C6FF002831D024
:106970004346002B44D02300AB43336000230693EF
:1069800000F0AAFE069B002B08D000283AD001F0A8
:1069900053FA0400830138D52402240A200080BC65
:1069A000B846F0BD48212248FF31F9F773FCC8E72B
:1069B000A4211F484900F9F76DFCC6E74A211C488D
:1069C000FF31F9F767FCC2E7A62119484900F9F73A
:1069D00061FCC3E7069B002BD2D04346002B0CD1B1
:1069E0000021002F02D08023DB0419432943301DEE
:1069F000069A00F0F5FF0024C2E780214904F0E781
:106A00000693BDE7FFF7BAFDC1E7FFF7C3FD3468A2
:106A10003A0029002000FFF76FFF002805D0434609
:106A2000002B02D02300AB433360FFF7BFFDB3E779
:106A300088940010F8B504000D0000280DD08023C4
:106A40005B049D420ED226000C3600F06FFD2069DB
:106A500023682B432360002715E016481649F9F7F1
:106A600019FCECE713481549F9F714FCEBE721682A
:106A70001940994206D111E0236880218904194305
:106A800001F092F82800B0420CD045680268130269
:106A90001B0A5101EBD421680B42F3D0D201EBD594
:106AA0001F43E9E72568BD43256000F015FE280077
:106AB000F8BDC04688940010320200003302000086
:106AC00010B5FFF7B7FF10BD10B58446130003489B
:106AD0000A00614601F082FB10BDC046C16A001089
:106AE000030008334360012252428260C3600361A5
:106AF00000230360704700230361704730B5050031
:106B000008000C68631C10D02B00083319005B6868
:106B10001A68A242FAD94B68436098608160486065
:106B200005612B6801332B6030BD2969F3E70369E8
:106B3000416882688A60416851605A68824205D023
:106B400000220261186801381860704782685A6034
:106B5000F6E710B50400FFF71DFDA36B002B04D171
:106B60000124FFF723FD200010BD0024F9E770B5D4
:106B700004001600856B026C002A0CD10368002B00
:106B800003D000200135A56370BD806801F0FCF8DA
:106B90000023A360F6E7002E0DD14068FBF786FDC9
:106BA0006368226C9B186360A26893421AD32368BF
:106BB00063603000E6E7C068FBF778FDE368226CAD
:106BC00051429B1AE3602268934202D2A3685B1889
:106BD000E360022E01D00020D4E7002D04D0013D57
:106BE0000020CFE73000CDE70020CBE710B5030051
:106BF00008001A6C002A0AD0D9688918D9609C68E4
:106C0000A14201D31968D960D968FBF74FFD10BDC7
:106C100070B50500FFF7BEFC4523EC5C64B201E0F3
:106C2000013C64B2002C0BDD6B6A002B08D02800FD
:106C3000243000F03DFF0028F2D001F087F8EFE7A4
:106C40004523FF22EA54FFF7B1FCFFF7A3FC4423DE
:106C5000EC5C64B201E0013C64B2002C0BDD2B69FA
:106C6000002B08D02800103000F022FF0028F2D0BE
:106C700001F06CF8EFE74423FF22EA54FFF796FC9B
:106C800070BD000070B504000D00002809D0C36B72
:106C9000002B0CD1B6212D484900F9F7FBFA002052
:106CA00070BD38212948FF31F9F7F4FAF2E7026C98
:106CB00000218C46190C100C002930D1011E20D166
:106CC0006346002BE6D1FFF765FC2268E36B206C7E
:106CD000010059435118A1600021A1636260013B8A
:106CE0004343D218E260FF234422A3540132A35449
:106CF000002D21D12369002B15D1FFF757FC01206E
:106D0000CEE7181C9BB292B25A4380B289B241437B
:106D1000120C8918090CD3D001239C46D0E7100C23
:106D2000FAD1101CEEE72000103000F0C1FE002860
:106D3000E3D0FFF723FCE0E720001030FFF7D0FEA0
:106D400020002430FFF7CCFED7E7C046D8940010CF
:106D500070B51D00049C002909D12460E063216402
:106D600001212000FFF78EFF4C23E55470BD226007
:106D7000F4E70000F0B583B004000D001700002810
:106D80002DD00023010C280C002924D1002814D177
:106D9000002B24D128006043030051331FD850300A
:106DA00001F0E4FA061E1FD00200503200903B00B2
:106DB00029002000FFF7CCFF16E0011C201CA6B222
:106DC000AAB2724380B289B24143120C8918090CED
:106DD000DED00123DCE72A0CFBD1281CEFE70448B6
:106DE0000449F9F757FA0026300003B0F0BDC04659
:106DF000D89400102D020000F0B5C64600B582B050
:106E00000400884601921D0000281AD0002915D0E0
:106E1000002C1ED0022D19D0FFF7E0FB0700A26B5B
:106E2000E36B9A421AD3022D18D000243800FFF7E2
:106E3000D9FB200002B080BCB846F0BD036C002B2B
:106E4000E6D021482149F9F725FAE1E7E36B012B68
:106E5000E2D01D481E49F9F71DFADDE74523E35C42
:106E60005EB2A36B2A0041462000FFF780FE731C30
:106E700011D1636A002B01D10124D7E7200024300F
:106E800000F016FE002818D0019A002A17D001231E
:106E900013600124CAE700F057FB864211D27F2E0F
:106EA00006D0330001335BB24522A3540124BDE771
:106EB00005480849F9F7EEF9F3E70124B6E701249C
:106EC000B4E70124B2E7C046D89400109A04000049
:106ED0009B04000027050000F0B585B004000F00FA
:106EE000019200280AD0002F0ED000F03BFF0028AE
:106EF00002D1019B002B0FD100254AE0BE21414861
:106F0000C900F9F7C7F9EEE7236C002BEDD03D4837
:106F10003D49F9F7BFF9E8E73A483C49F9F7BAF9CA
:106F2000EAE739002000FFF761FE013EA66323690E
:106F3000002B04D1FFF73AFB012005B0F0BD200083
:106F4000103000F0B5FD0028F4D0FFF717FBF1E793
:106F5000FFF72CFB0020F0E702A800F099FE0135B6
:106F600021E044230022E25428E045230022E25499
:106F700029E02000FFF74CFE00F0AEFB09E0200006
:106F8000FFF746FE00F0A8FB2000FFF7E2FD002817
:106F900035D1FFF7FFFAA66B002EC2D1019B002B63
:106FA000D6D0002DD8D0FFF701FB00F0BFFAFFF7D5
:106FB000F1FA4423E35C5BB20133D2D04523E35CB6
:106FC0005BB20133D1D0FFF7F1FA01A902A800F0BA
:106FD0006BFE0028D3D12000FFF7BBFD0028C8D0EE
:106FE00020002430019900F0DFFC2000FFF710FEA4
:106FF00000F072FB0028CCD1FFF7C0FAC9E70020EF
:107000009BE7C046D8940010F4050000F905000085
:1070100070B504000D00002804D0002D21D0002000
:10702000002208E00F481049F9F734F9F5E70F4B53
:10703000C81814E00132072A0FD80C4BD1005B1896
:107040005B68A342F3D00028F4D1084BD100CB58A1
:10705000002BEFD1054BC818ECE7002801D00560E4
:10706000446070BDD8940010CE0B0000341A01208B
:1070700070B504000D001600FFF78CFA4423E35CA2
:107080005BB201330DD04523E35C5BB201330CD01E
:10709000FFF78CFAA36B002B0BD02000FFF7B8FD95
:1070A00070BD44230022E254EDE745230022E25460
:1070B000EEE7200024303200290000F0CBFCECE7A2
:1070C000084B1B681B68002B04D1074B012252425E
:1070D0001A607047034B1B68DB681A68024B1A6022
:1070E000F7E7C046AC1600200C1A012010B50400CA
:1070F000006B01F0FFF9200001F0FCF910BD000069
:10710000F8B5CE46474680B580460F001600994632
:107110000A9C206B9200A521FBF7C2FA256B234B3A
:10712000F3189B00ED1807239D43002F0DD000237B
:107130000F2B07D8F95CE21834321170002901D006
:107140000133F5E743230022E254089B072B21D8A3
:10715000089BE362E364201DFFF7CDFC200018309C
:10716000FFF7C9FC24610823089A9B1AA361646293
:107170004A4641462800FFF7EFF920602D1AAD106E
:10718000B5420ED2099B002B00D01C60C0BCB94692
:10719000B046F8BD06480749F9F77CF8072308937D
:1071A000D6E703480449F9F775F8EBE7FFFFFF3F1F
:1071B000209500106F070000D2070000F0B587B0DF
:1071C0000490059115001F00900001F0CFF8061EF5
:1071D0001DD0702001F0CAF8041E14D070220021C6
:1071E000FBF75EFA26630023039302940D9B019341
:1071F0000C9B00933B002A0005990498FFF780FF41
:10720000200007B0F0BD300001F074F9F8E7040089
:10721000F6E7000070B5002407E0A0000019800028
:107220000E4BC018FFF75CFC0134072CF5D90C4D50
:107230002800FFF755FC0B4C2000FFF751FC0A48D3
:10724000FFF74EFC0948FFF74BFC0948FFF748FCE5
:10725000084B1D60084B1C6070BDC046BC1600206A
:10726000D0190120E4190120201A0120941A0120CC
:10727000801A0120AC160020B416002010B50400BE
:10728000FFF788F9284A136801331360274B1B68FE
:10729000002B0CD0264B1B68002B0DD1234B1B68F9
:1072A000DA6AE36A9A4207D8204B1C6004E01F4B5D
:1072B0001C601368012B31D01E4A13680133136020
:1072C0006364E16A1C4B1B68994201D91A4B19602F
:1072D0001A4A8B005B189B00D3185B68A360986800
:1072E000E060211D41609960E06A830019188900FF
:1072F0008918616119188900895801311B189B0090
:107300009950FFF753F90A4B1B68002B05D0074B28
:107310001B68DA6AE36A9A4203D310BDFFF77AFF6B
:10732000CAE7FFF72BF9F8E794190120A41600200B
:10733000741A0120A0190120A4190120BC160020F4
:1073400010B514E0FFF726F90B4BDB68DC68201D55
:10735000FFF7EDFB094A1368013B1360084A136805
:10736000013B1360FFF722F92000FFF7BFFE044B3B
:107370001B68002BE6D110BD941A0120941901203E
:107380009819012010B5FFF7DBFF034B1B68012B99
:10739000F9D9FFF7F3F8F6E7BC160020F0B583B093
:1073A00004000191224B1D68224B1B681E00224BDA
:1073B0001B681F00214B19686D2200208854186833
:1073C0000430FFF7B4FB631C0DD02C191B4B1B685A
:1073D0005C60A5421ED9194B196804313800FFF7CB
:1073E0008DFB03B0F0BD019B002BEED0144A516819
:1073F000124B1868816018688C68C4601868043083
:1074000060601868043088601B685A611368013333
:107410001360E6E7094B196804313000FFF76EFB93
:10742000084B1B68A342DCD9064B1C60D9E7C04659
:10743000A81A0120AC160020B4160020A4160020C3
:10744000801A01200C1A012010B582B0059C01940D
:10745000049C0094FFF7B2FE002804D0FFF70EFF53
:10746000012002B010BD01204042FAE710B586B0FD
:107470001022002102A8FBF713F900230E2B07D8D6
:10748000104AD25C02A9CA54002A01D00133F5E7A0
:1074900002AA0021D15400240120002C01DD06B0F5
:1074A00010BDA300084A9B188022084801930023BE
:1074B0000093520002A9FFF7C7FF0128EFD1013462
:1074C000EBE7C04668950010001A01208573001094
:1074D00010B5FFF7CBFF012804D0013014D00D4BBD
:1074E0001B6810BD00F050FE0128F6D172B60A4BA1
:1074F000012252421A60094B02321A60084B0022E4
:107500001A60FFF79FF8EAE706480749F8F7C2FE56
:10751000E5E7C0460C9C00100C1A0120741A0120EB
:10752000A81A012020950010F80E0000024A1368E6
:10753000013313607047C0469C190120014B186845
:107540007047C046A81A0120014B18687047C04612
:107550009419012070B5534B1B68002B00D099E0A3
:10756000514B1C6801341C60002C10D14F4B1B6820
:107570001B68002B24D14D4A11684D4B18681060D0
:1075800019604C4A136801331360FFF799FD4A4BA9
:107590001B68A34219D900239C46484B1B68D96A33
:1075A000474A8B005B189B009B58012B01D9012394
:1075B0009C46444B1B68002B72D001239C466FE015
:1075C00041484249F8F766FED5E700239C4636E07D
:1075D000394B012252421A60DFE7374B1A60DCE771
:1075E000D968516041E00021996211680139116048
:1075F000D86A374A1268904201D9354A106030493A
:107600008200121892008A1852689A609068D860B6
:1076100045609560DD6AAA005019800040185861E5
:107620005019800040580130521992005050DA6AC7
:10763000224B1B68DB6A9A4201D901239C461B4BF3
:107640001B681B68002BC3D0184B1B68DB68DB680A
:107650005A689442C1D35A699868D9688160986819
:10766000486051681D1DA942BAD0002159611168B6
:10767000013911609A6A002ABAD0D869196A816002
:10768000D86948605068190018318842ABD1196A2E
:107690005160A8E70F4A13680133136000239C462A
:1076A000604670BD9C190120A81A0120AC1600206C
:1076B000B4160020101A01200C1A0120A416002074
:1076C000BC160020B41A012020950010FC12000006
:1076D000A41901201C1A012010B5FEF75BFF494BCD
:1076E0001B68002B0DD0474B1A68013A1A601B68C3
:1076F000002B00D081E0444B1B68002B0CD10024F0
:107700007CE042484249F8F7C5FDECE7196A516050
:1077100015E0D968516021E000233E4A1268002A32
:107720004AD03C4BDB68DB689A6AD869196A816089
:10773000D86948605068190018318842E6D00021A5
:1077400099621168013911605A699868D968816035
:107750009868486051681C1DA142DAD00021596127
:10776000116801391160D86A2B4A1268904201D918
:10777000294A106029498200121892008A1852681A
:107780009A609068D86044609460DC6AA200101926
:1077900080004018586110198000405801301219BB
:1077A00092005050D96A1E4A1268D26A9142B4D9E6
:1077B0001C4A01211160B0E7002B01D0FFF780FCCB
:1077C000194B1C68002C0CD1164B1C68002C15D0D2
:1077D000134B1B68FEF7D2FE01240FE0013C002C86
:1077E00007D0FFF7B7FE0028F8D00E4B01221A6031
:1077F000F4E70D4B00221A60E6E70024FEF7D6FE00
:10780000200010BD9C190120941901202095001022
:10781000F60F0000201A0120A4190120BC16002038
:10782000A4160020B41A01201C1A012070B505000E
:107830000C00002812D0002C15D0FFF777FE1D4B4E
:107840001E681D4B1B68012B12D12A681419B24205
:107850001AD9A24211D82C6000241FE017481849F9
:10786000F8F718FDE7E715481649F8F713FDE4E7C0
:1078700012481549F8F70EFDE7E7A64202D32C603F
:1078800000240BE02C6004E0A24201D8A6420BD2F7
:107890002C60A01B0021FFF781FD0124FFF71CFFD6
:1078A000002804D0200070BD2C600024F6E7FEF70D
:1078B00065FEF7E7A81A01209C1901202095001009
:1078C00076090000770900007F09000010B52E4BF3
:1078D0001B68002B03D02D4B01221A6010BD2B4BCF
:1078E00000221A602A4B1A68116B1A6812681B680A
:1078F0001B6B10339A4203D90A68264B9A4208D070
:10790000234B196834311868F8F7D4FC224B1C68F3
:107910000AE04A689A42F3D18A689A42F0D1CA686A
:107920009A42EDD1F2E7013C1C4AA3001B199B00CF
:107930009B58002B06D1002CF5D119481949F8F7AE
:10794000A9FCF0E71100A3001A1992008A185068E8
:10795000406850601B199B0008335B1898420CD09C
:107960000E4BA200121992009B185B68DA68084B54
:107970001A60094A14601B68B0E7A200121992004D
:107980008B18DA685A60EBE79C190120B41A0120C1
:10799000A4160020A5A5A5A5A4190120BC160020A9
:1079A000209500109914000070B504000D00002807
:1079B0000AD0084B196818312000FFF79FF8012101
:1079C0002800FFF7EBFC70BD03480449F8F762FCA0
:1079D000EFE7C046A4160020209500101F150000F8
:1079E00070B504000D00160000281FD0144B1B6852
:1079F000002B20D0134B1A6880210906294391617E
:107A000062681968CA611968906808621968183153
:107A100041601968183191601B689C6223680133CA
:107A2000236001213000FFF7B9FC70BD064807490B
:107A3000F8F730FCDAE704480549F8F72BFCD9E7FA
:107A40009C190120A4160020209500103D1500006F
:107A50004115000070B504000E00150000281BD071
:107A60006268104B1968CA611968906808621968E1
:107A7000183141601968183191601B689C62236855
:107A800001332360002D02D001235B421E00290038
:107A90003000FFF783FC70BD03480449F8F7FAFB98
:107AA000DEE7C046A4160020209500105D150000FA
:107AB00010B5C368DC68002C4CD0A36AE169226A67
:107AC0008A60E16951605A68210018318A4246D0C3
:107AD0000022A2621A68013A1A602B4B1B68002B25
:107AE00043D16369A168E2688A60A16851605A68FD
:107AF000201D824236D0002262611A68013A1A6063
:107B0000E16A224B1B68994201D9204B1960204A37
:107B10008B005B189B00D3185B68A3609968E160D9
:107B200048609860E06A83001918890089186161CB
:107B300019188900895801311B189B009950E26A75
:107B4000144B1B68DB6A9A421BD9134B01221A6043
:107B5000012010BD11481249F8F79CFBADE7226ADD
:107B60005A60B5E7E2685A60C5E70E4B5A68E261B1
:107B70009068206241609160A3621A6801321A60C5
:107B8000DDE70020E5E7C0469C190120A41901208B
:107B9000BC160020A4160020B41A01202095001065
:107BA00094150000201A012070B505000C00304B20
:107BB0001B68002B4CD08021090621432960EC680A
:107BC000002C4AD02B696968AA688A60696851608C
:107BD0005A68AA4246D000222A611A68013A1A60FD
:107BE0006369A168E2688A60A16851605A68201DD3
:107BF00082423AD0002262611A68013A1A60E16A50
:107C00001C4B1B68994201D91A4B19601A4A8B0008
:107C10005B189B00D3185B68A3609968E1604860BB
:107C20009860E06A83001918890089186161191841
:107C30008900895801311B189B009950E26A0F4B4B
:107C40001B68DB6A9A4202D90D4B01221A6070BD93
:107C50000C480D49F8F71EFBADE70A480B49F8F749
:107C600019FBAFE7AA685A60B5E7E2685A60C1E756
:107C70009C190120A4190120BC160020A416002084
:107C8000B41A012020950010E2150000ED15000047
:107C9000034B1B680360034B1B6843607047C0467F
:107CA000101A0120A81A012070B504000D00002848
:107CB00018D0002D1BD0FEF76DFC1E4B1A686368B0
:107CC000D11A8C461C4908686D21415C002913D0EB
:107CD000194B1A686D230021D1540124FEF766FC6C
:107CE000200070BD15481649F8F7D4FAE1E71348AB
:107CF0001449F8F7CFFADEE72968481C18D026683F
:107D000011480068864205D0934203D800232B60B7
:107D10000124E3E7614503D800232B600124DDE75C
:107D20009B1A5B182B602000FFF7B2FF0024D5E7F9
:107D30000024D3E7A81A0120A416002020950010E3
:107D40004416000045160000101A0120014B0122C4
:107D50001A607047B41A0120014B18687047C0467A
:107D6000A4160020064B1B68002B07D0054B1B6890
:107D7000002B01D0002002E0022000E0012070472B
:107D8000741A01209C19012070B5041E44D0244BA4
:107D90001B68834203D023482349F8F77BFA236DFD
:107DA000002B0AD0236D013B2365E16AE26C91420E
:107DB00034D0002B06D0002070BD1A481B49F8F7BC
:107DC00069FAEFE7231D1D001800FEF7B0FEE16C15
:107DD000E16208235B1AA361154B1B68994201D924
:107DE000134B1960134A8B005B189B00D3185B6818
:107DF000A3609968E1604D609D60E06A8300191896
:107E000089008918616119188900895801311B1886
:107E10009B0099500120CFE70020CDE70020CBE761
:107E2000A416002020950010CD1A0000CE1A0000E4
:107E3000A4190120BC160020044B1A6890691A6826
:107E4000D16A1A6808235B1A93617047A416002050
:107E5000074B1A681368002B06D101330360002B0F
:107E600004D1D368186870470023F7E70020FAE7C9
:107E7000A816002010B54160006191420CD8D21ABA
:107E800083699A4201D3012010BD011D094B186876
:107E9000FEF734FE0020F7E79A4201D2994206D25B
:107EA000011D054B1868FEF729FE0020ECE70120B4
:107EB000EAE7C046B8160020A816002070B50400F6
:107EC0000D00160004E0A369ED18236A200098470E
:107ED000A16949192B0032002000FFF7CBFF0028D1
:107EE000F1D170BD70B505000E000C4B1B68DB684E
:107EF000DC68201DFEF71BFE2823E35C5A0707D42D
:107F0000012293432732A354236A2000984770BD6F
:107F1000320029002000FFF7D1FFF5E7A816002066
:107F200010B505E0DB68186801214942FFF7DAFF68
:107F3000054B1B681A68002AF4D1034A03490868F4
:107F400010600B6010BDC046A8160020B8160020B7
:107F500070B50500FFF7F2FA0400074B1B68834277
:107F600005D800232B60044B1C60200070BDFFF778
:107F7000D7FF01232B60F6E7041A012070B582B009
:107F800005000C00FFF7D2FA01A8FFF7E1FF060099
:107F9000019B002B23D1002C14D1A8420BD2A91B8A
:107FA000104B18682200FFF763F8FFF795FB0028D5
:107FB00012D002B070BDFFF78FFB31002800FFF731
:107FC00091FFF6E7084A12681268002A02D10123DD
:107FD0001C00E4E71C00E2E7FEF7D0FAE9E7FFF750
:107FE0007BFBE6E7AC1A0120B816002030B587B05D
:107FF0001022002102A8FAF753FB424B1868002216
:1080000002A9FEF769FF002879D0029B002B29DB2B
:10801000029B002BF1DB049C002CEED06369002B4B
:1080200002D0201DFEF783FD01A8FFF791FF050098
:108030000299052956D037DC032947D017DD0429DA
:10804000DBD12822A35C01210B43A354039BA36132
:10805000002B41D0A16949192B002A002000FFF70D
:1080600009FFCAE7039A049805999047D0E70139B8
:108070000129C2D82822A35C01210B43A354039BEE
:10808000A16959182A002000FFF7F4FE0028B4D097
:108090002823E35C5A0711D4012293432732A354C7
:1080A000236A20009847A8E708290FD002DD092994
:1080B000C7D0A2E706390129DCD99EE70399A36955
:1080C000C9182A002000FFF7F9FEE9E72822A35C7F
:1080D00001218B43A35490E782210B48C900F8F794
:1080E000D9F8B7E72823E35C9A0704D50122934324
:1080F0002732A35481E7200000F0FCF97DE707B0A8
:1081000030BDC046AC1A01207095001000B583B098
:1081100001A8FFF79DFE0199FFF730FFFFF766FF0B
:10812000F6E7000070B5FEF735FA114B1B68002B1F
:1081300002D0FEF73BFA70BD0E4B1D001800FEF793
:10814000CFFC0D4A14001000FEF7CAFC0B4B1D605B
:108150000B4B1C60002210210820FEF70BFE044B85
:1081600018600028E5D00749FEF752FFE1E7C04656
:10817000AC1A0120A8190120BC190120A816002062
:10818000B8160020B895001010B582B0FFF7CAFFEE
:108190000D4B1B68002B14D080220C490C480D4B52
:1081A00001930223009300239200FFF74DF9041E70
:1081B00004D1A32108484900F8F76CF8200002B068
:1081C00010BD1C00F5E7C046AC1A0120C095001098
:1081D0000D810010B01A01207095001010B584B008
:1081E0000C0094461A00694602235B4200930190FA
:1081F000029463460393034B18680023FEF7FCFDCB
:1082000004B010BDAC1A0120054B984204D3054BB5
:10821000984203D3002000E0002070470120FCE7D3
:10822000C0010010D4010010044B9B68800019505D
:10823000BFF35F8F82F310887047C04600ED00E007
:10824000024B9B688000C0587047C04600ED00E0BC
:10825000F8B507000D00EFF3108672B6FFF7F0FFD8
:108260000400A84203D0FFF7CFFF002806D0320059
:1082700029003800FFF7D8FF2000F8BD024B034A61
:1082800003483921FBF712FBC8950010109C001021
:108290000C960010104A53071BD0D11D0723994399
:1082A00080235B025B1A9B180A000C4802600021C5
:1082B0004160D318083B0720834309480360596095
:1082C0001960991A51601360064B1960064B1960CA
:1082D000704780235B02E8E778190020781A0120B4
:1082E000B0160020081A0120FC19012070B5040006
:1082F000184B1D001B68A342FBD3164B9D4209D0AF
:10830000154B9D4202D3154B9D4203D91448154984
:10831000F7F7C0FF6B68EA18A24209D06268A1189B
:108320002B68994209D02360AC4200D02C6070BD0C
:1083300062689B186B602C00F0E70B4909688B4260
:1083400006D05B68D21862602B681B682360EBE77D
:108350002160E9E7781A01207819002077190120B7
:108360007496001006020000B0160020F0B5C64654
:1083700000B5061E10D0030009330CD808360722BA
:1083800013003340324207D00132D21A093BB342C4
:108390001DD3B61800E00026FFF7C8F84D4B1B6848
:1083A000002B16D0002E17DB22D04B4B1B68B3429C
:1083B00022D34A4B1C684A4B9C4202D3494B9C42F5
:1083C00003D94948F621F7F765FF444F1EE0002620
:1083D000E2E7FFF75FFFE5E7FFF77EF90025F7F734
:1083E0005FFF6B0700D06EE0280080BCB846F0BD90
:1083F000FFF772F90025F2E7FFF76EF90025EEE7C7
:108400003948FC21F7F746FF27002C006368B34288
:1084100009D22568002D06D0314B9D42F0D3314B57
:108420009D42F1D9ECE72B4B1B68A3423BD03D6842
:1084300008352B4B9D4202D32A4B9D4204D9832100
:1084400029484900F7F726FF23683B606368B34279
:108450002DD363689B1B102B0BD9A31998465B0780
:108460002BD163689B1B4246536066603B68136078
:108470003A60626818490B689B1A0B601B490968CF
:108480008B4201D219490B6080231B0613436360A2
:1084900000232360164A136801331360FFF71CF9A9
:1084A000002D9ED19BE7FFF717F9002597E787215D
:1084B0000D484900F7F7EEFECBE718210A48FF31D7
:1084C000F7F7E8FECDE75E210748FF31F7F7E2FE58
:1084D0008AE7C046B0160020FC190120781A012056
:1084E000781900207719012074960010081A0120CD
:1084F000141A012070B5041E20D00500083D204B41
:108500009D4202D31F4B9D4204D9B8211E48490009
:10851000F7F7C0FE2300083B5B68002B0FDA23004F
:10852000083B1B68002B04D0B92117484900F7F716
:10853000B1FE2300083B5B68002B06DB70BD722197
:108540001148FF31F7F7A6FEE9E72200083A126862
:10855000002AF3D1083C5B005B086360FEF7E6FF8E
:1085600061680A4A13685B1813602800FFF7BEFEB3
:10857000074A136801331360FFF7AEF8DEE7C04621
:10858000781900207719012074960010FC19012039
:10859000181A0120030084469B070BD00300032117
:1085A00002E001330B4206D01A78002AF9D1624664
:1085B000981A7047030019680C4A0D488A188A43B4
:1085C00002420FD15968094A04338A188A43024289
:1085D00008D15968054A04338A188A430242F1D007
:1085E00000E001331A78002AFBD1E0E7FFFEFEFE2F
:1085F000808080800000000001B40248844601BCF5
:10860000604700BFF907002001B40248844601BC5E
:10861000604700BFED07002001B40248844601BC5A
:10862000604700BFF50A002001B40248844601BC3F
:10863000604700BFAD03002001B40248844601BC7E
:10864000604700BFF106002001B40248844601BC27
:10865000604700BFA501002001B40248844601BC68
:10866000604700BF1D07002001B40248844601BCDA
:10867000604700BFC100002001B40248844601BC2D
:10868000604700BF7101002001B40248844601BC6C
:10869000604700BFF50A002001B40248844601BCCF
:1086A000604700BFE101002001B40248844601BCDC
:1086B000604700BF4508002001B40248844601BC61
:1086C000604700BFA902002095160010C1160010D7
:1086D0005518001091260010F91E00106125001099
:1086E00089170010DD160010FD160010111700107C
:1086F000BD0A001019170010451200108116001055
:108700009D050010D96300108D400010D168001045
:10871000433A2F55736572732F4368726973746996
:10872000616E2F433234352D536F6C646572696E00
:10873000672D53746174696F6E2F7372632F686F46
:108740006F6B732E63000000636F6E74726F6C004A
:108750006D616E756661637475726572203D3D2052
:108760004D414E5546414354555245525F52504932
:1087700000000000433A2F55736572732F436872EF
:1087800069737469616E2F433234352D536F6C6495
:108790006572696E672D53746174696F6E2F6C69B1
:1087A000622F7069636F2D73646B2F7372632F7206
:1087B00070323034302F7069636F5F706C61746633
:1087C0006F726D2F706C6174666F726D2E63000036
:1087D00070617274203D3D20504152545F525032BE
:1087E000000000000A2A2A2A2050414E4943202A2C
:1087F0002A2A0A006E6F7420737570706F72746528
:10880000640000004E6F207370696E6C6F636B7351
:108810002061726520617661696C61626C6500003F
:1088200030783163203D3D20282A696E7374293EDB
:108830003E31317500000000433A2F557365727365
:108840002F43687269737469616E2F433234352D1A
:10885000536F6C646572696E672D53746174696FD0
:108860006E2F6C69622F7069636F2D73646B2F7349
:1088700072632F7270325F636F6D6D6F6E2F686100
:108880007264776172655F6972712F6972712E63AC
:108890000000000064656C7461203E3D202D323084
:1088A00034382026262064656C7461203C3D2032DB
:1088B00030343620262620212864656C74612026F9
:1088C0002031290063757272656E74203D3D205F12
:1088D0005F756E68616E646C65645F757365725F09
:1088E000697271207C7C2063757272656E74203DA4
:1088F0003D2068616E646C65720000006972715F92
:1089000068616E646C65725F636861696E5F6672F0
:1089100065655F736C6F745F68656164203E3D20C0
:1089200030000000767461626C655F68616E646C33
:108930006572203D3D205F5F756E68616E646C6599
:10894000645F757365725F69727100002128282861
:108950002875696E747074725F742972656D6F76B4
:10896000655F7468756D625F6269742876746162B0
:108970006C655F68616E646C65722929202D202802
:108980002875696E747074725F74296972715F689A
:10899000616E646C65725F636861696E5F736C6F52
:1089A0007473292920252073697A656F662873748A
:1089B00072756374206972715F68616E646C657250
:1089C0005F636861696E5F736C6F742929000000D2
:1089D00069735F7368617265645F6972715F726108
:1089E000775F68616E646C657228736C6F745F6822
:1089F000616E646C65722900657863657074696F77
:108A00006E000000666F756E640000004E6F20758A
:108A100073657220495251732061726520617661DD
:108A2000696C61626C65000031203D3D20287569EC
:108A30006E747074725F74296C2D3E7370696E5F12
:108A40006C6F636B00000000433A2F5573657273BF
:108A50002F43687269737469616E2F433234352D08
:108A6000536F6C646572696E672D53746174696FBE
:108A70006E2F6C69622F7069636F2D73646B2F7337
:108A800072632F636F6D6D6F6E2F7069636F5F73AD
:108A9000796E632F6D757465782E6300746F7461E1
:108AA0006C0000006D74782D3E636F72652E7370DC
:108AB000696E5F6C6F636B006C6F636B5F69735F94
:108AC0006F776E65725F69645F76616C6964286D4B
:108AD00074782D3E6F776E65722900006D74782D65
:108AE0003E656E7465725F636F756E7400000000A2
:108AF000706F6F6C2D3E74696D65725F616C617231
:108B00006D5F6E756D203D3D2074696D65725F61AE
:108B10006C61726D5F6E756D00000000433A2F55F9
:108B2000736572732F43687269737469616E2F4342
:108B30003234352D536F6C646572696E672D5374D2
:108B40006174696F6E2F6C69622F7069636F2D732A
:108B5000646B2F7372632F636F6D6D6F6E2F70690F
:108B6000636F5F74696D652F74696D652E630000B6
:108B700064656661756C745F616C61726D5F706F66
:108B80006F6C5F696E697469616C697A65642829C4
:108B900000000000486172647761726520616C6159
:108BA000726D20256420616C726561647920636C4C
:108BB00061696D656400000076636F5F6672657160
:108BC000203E3D205049434F5F504C4C5F56434F31
:108BD0005F4D494E5F465245515F485A2026262038
:108BE00076636F5F66726571203C3D205049434F4C
:108BF0005F504C4C5F56434F5F4D41585F46524566
:108C0000515F485A00000000433A2F557365727354
:108C10002F43687269737469616E2F433234352D46
:108C2000536F6C646572696E672D53746174696FFC
:108C30006E2F6C69622F7069636F2D73646B2F7375
:108C400072632F7270325F636F6D6D6F6E2F68612C
:108C50007264776172655F706C6C2F706C6C2E63E0
:108C6000000000006662646976203E3D20313620B7
:108C70002626206662646976203C3D20333230002F
:108C800028706F73745F64697631203E3D20312017
:108C9000262620706F73745F64697631203C3D2016
:108CA00037292026262028706F73745F6469763216
:108CB000203E3D203120262620706F73745F64694A
:108CC0007632203C3D203729000000007265665F47
:108CD00066726571203C3D202876636F5F66726521
:108CE00071202F20313629002A282875696E7438A2
:108CF0005F74202A29282828766F6964202A29721F
:108D00006F6D5F7461626C655F666C6F6174292D55
:108D1000322929202A2034203E3D2053465F5441E9
:108D2000424C455F56325F53495A4500433A2F55EE
:108D3000736572732F43687269737469616E2F4330
:108D40003234352D536F6C646572696E672D5374C0
:108D50006174696F6E2F6C69622F7069636F2D7318
:108D6000646B2F7372632F7270325F636F6D6D6F00
:108D70006E2F7069636F5F646F75626C652F646FCF
:108D800075626C655F696E69745F726F6D5F72703A
:108D9000323034302E6300002A282875696E74380A
:108DA0005F74202A29726F6D5F7461626C652D3269
:108DB00029202A2034203E3D2053465F5441424C16
:108DC000455F56325F53495A45000000433A2F55DC
:108DD000736572732F43687269737469616E2F4390
:108DE0003234352D536F6C646572696E672D537420
:108DF0006174696F6E2F6C69622F7069636F2D7378
:108E0000646B2F7372632F7270325F636F6D6D6F5F
:108E10006E2F7069636F5F666C6F61742F666C6F25
:108E200061745F696E69745F726F6D5F727032300A
:108E300034302E6300000000446562756700000056
:108E4000626F6F74325F77323571303830000000F6
:108E5000322E332E310000007069636F0000000075
:108E6000736F6C6465725F73746174696F6E000018
:108E7000536570203330203230323600666E692BF5
:108E800000000000666E69006E616E00666E692DFE
:108E9000000000002C2066756E6374696F6E3A20C6
:108EA00000000000617373657274696F6E20222583
:108EB0007322206661696C65643A2066696C65207E
:108EC000222573222C206C696E652025642573256C
:108ED000730A000066616C7365000000433A2F5509
:108EE000736572732F43687269737469616E2F437F
:108EF0003234352D536F6C646572696E672D53740F
:108F00006174696F6E2F6C69622F7069636F2D7366
:108F1000646B2F7372632F7270325F636F6D6D6F4E
:108F20006E2F7069636F5F737464696F5F757362CE
:108F30002F737464696F5F7573622E6300000000A5
:108F400055534220737464696E202F207374646FCC
:108F50007574000052617370626572727920506995
:108F6000000000005069636F00000000426F6172F2
:108F700064204344430000005265736574000000A0
:108F80006C656E203E203000433A2F557365727336
:108F90002F43687269737469616E2F433234352DC3
:108FA000536F6C646572696E672D53746174696F79
:108FB0006E2F6C69622F7069636F2D73646B2F73F2
:108FC00072632F7270325F636F6D6D6F6E2F706999
:108FD000636F5F756E697175655F69642F756E6922
:108FE0007175655F69642E6300000000636F6E6ECB
:108FF0006563745F696E7465726E616C5F666C61E7
:1090000073685F66756E6320262620666C617368E0
:109010005F657869745F7869705F66756E63202636
:109020002620666C6173685F666C7573685F636148
:109030006368655F66756E6320262620666C6173C3
:10904000685F656E7465725F636D645F7869705F99
:1090500066756E6300000000433A2F5573657273A6
:109060002F43687269737469616E2F433234352DF2
:10907000536F6C646572696E672D53746174696FA8
:109080006E2F6C69622F7069636F2D73646B2F7321
:1090900072632F7270325F636F6D6D6F6E2F6861D8
:1090A0007264776172655F666C6173682F666C616C
:1090B00073682E6300000000666C6173685F6F6602
:1090C0006673202B20636F756E74203C3D205049E1
:1090D000434F5F464C4153485F53495A455F42599D
:1090E00054455300636F6E6E6563745F696E74659B
:1090F000726E616C5F666C6173685F66756E63202B
:10910000262620666C6173685F657869745F78698C
:10911000705F66756E6320262620666C6173685FDB
:1091200072616E67655F65726173655F66756E63B8
:1091300020262620666C6173685F666C7573685FB5
:1091400063616368655F66756E630000636F6E6E72
:109150006563745F696E7465726E616C5F666C6185
:1091600073685F66756E6320262620666C6173687F
:109170005F657869745F7869705F66756E632026D5
:109180002620666C6173685F72616E67655F7072DE
:109190006F6772616D5F66756E6320262620666C50
:1091A0006173685F666C7573685F63616368655F50
:1091B00066756E6300000000636F6E6E6563745FBA
:1091C000696E7465726E616C5F666C6173685F6610
:1091D000756E6320262620666C6173685F6578690A
:1091E000745F7869705F66756E6320262620666CF2
:1091F0006173685F666C7573685F63616368655F00
:1092000066756E63000000006E6578745F62756657
:109210006665725F707472203C207573625F647063
:1092200072616D2D3E6570785F64617461202B20E2
:1092300073697A656F66287573625F647072616DB9
:109240002D3E6570785F646174612900433A2F5543
:10925000736572732F43687269737469616E2F430B
:109260003234352D536F6C646572696E672D53749B
:109270006174696F6E2F6C69622F7069636F2D73F3
:10928000646B2F6C69622F74696E797573622F73CA
:1092900072632F706F727461626C652F726173708C
:1092A000626572727970692F7270323034302F6457
:1092B00063645F7270323034302E6300556E6861C3
:1092C0006E646C65642049525120307825780A001C
:1092D0007268706F7274203D3D20300021286275E5
:1092E000665F6374726C2026205553425F42554678
:1092F0005F4354524C5F46554C4C2900433A2F551E
:10930000736572732F43687269737469616E2F435A
:109310003234352D536F6C646572696E672D5374EA
:109320006174696F6E2F6C69622F7069636F2D7342
:10933000646B2F6C69622F74696E797573622F7319
:1093400072632F706F727461626C652F72617370DB
:10935000626572727970692F7270323034302F7298
:1093600070323034305F7573622E63006275665FF1
:109370006374726C2026205553425F4255465F430A
:1093800054524C5F46554C4C00000000657020253F
:109390003032582077617320616C72656164792086
:1093A000617661696C61626C6500000043616E27E3
:1093B0007420636F6E74696E7565207866657220BF
:1093C0006F6E20696E616374697665206570202513
:1093D000303258005741524E3A20737461727469AA
:1093E0006E67206E6577207472616E736665722099
:1093F0006F6E20616C726561647920616374697657
:109400006520657020253032580D0A00257320250F
:10941000643A20415353455254204641494C4544F7
:109420000D0A0000433A2F55736572732F4368721B
:1094300069737469616E2F433234352D536F6C64D8
:109440006572696E672D53746174696F6E2F6C69F4
:10945000622F4672656552544F532D4B65726E658F
:109460006C2F706F727461626C652F5468697264DE
:1094700050617274792F4743432F52503230343049
:109480002F706F72742E6300433A2F557365727399
:109490002F43687269737469616E2F433234352DBE
:1094A000536F6C646572696E672D53746174696F74
:1094B0006E2F6C69622F4672656552544F532D4B67
:1094C00065726E656C2F6576656E745F67726F7519
:1094D00070732E6300000000433A2F55736572735A
:1094E0002F43687269737469616E2F433234352D6E
:1094F000536F6C646572696E672D53746174696F24
:109500006E2F6C69622F4672656552544F532D4B16
:1095100065726E656C2F71756575652E6300000050
:10952000433A2F55736572732F4368726973746978
:10953000616E2F433234352D536F6C646572696EE2
:10954000672D53746174696F6E2F6C69622F467258
:10955000656552544F532D4B65726E656C2F746167
:10956000736B732E6300000049444C4500000000FB
:10957000433A2F55736572732F4368726973746928
:10958000616E2F433234352D536F6C646572696E92
:10959000672D53746174696F6E2F6C69622F467208
:1095A000656552544F532D4B65726E656C2F74690F
:1095B0006D6572732E630000546D725100000000DF
:1095C000546D72205376630068616E646C6572201E
:1095D0003D3D2063757272656E74207C7C206578D9
:1095E00063657074696F6E5F69735F636F6D7069D7
:1095F0006C655F74696D655F64656661756C742820
:1096000063757272656E742900000000433A2F552D
:10961000736572732F43687269737469616E2F4347
:109620003234352D536F6C646572696E672D5374D7
:109630006174696F6E2F6C69622F7069636F2D732F
:10964000646B2F7372632F7270325F636F6D6D6F17
:109650006E2F68617264776172655F6578636570AB
:1096600074696F6E2F657863657074696F6E2E63B1
:1096700000000000433A2F55736572732F436872E0
:1096800069737469616E2F433234352D536F6C6486
:109690006572696E672D53746174696F6E2F6C69A2
:1096A000622F4672656552544F532D4B65726E653D
:1096B0006C2F706F727461626C652F4D656D4D61BA
:1096C0006E672F686561705F342E63007270323090
:1096D00034305F636869705F76657273696F6E00BE
:1096E0006972715F6164645F7461696C5F746F5FFC
:1096F000667265655F6C6973740000006D616B650F
:109700005F6A5F31360000007265736F6C76655F6B
:109710006A5F3136000000006972715F6164645FE6
:109720007368617265645F68616E646C6572000085
:109730006972715F7365745F6578636C7573697660
:10974000655F68616E646C65720000006D757465BC
:10975000785F6578697400006D757465785F656E13
:109760007465725F626C6F636B5F756E74696C00B9
:1097700072756E74696D655F696E69745F6D75741D
:1097800065780000616C61726D5F706F6F6C5F6710
:1097900065745F64656661756C740000616C61720C
:1097A0006D5F706F6F6C5F6972715F68616E646C22
:1097B00065720000706C6C5F696E69740000000077
:1097C0005F5F61656162695F646F75626C655F6947
:1097D0006E6974005F5F61656162695F666C6F618D
:1097E000745F696E6974000006005250D3F07542D0
:1097F000388E001006005250E182887F408E0010A3
:1098000006005250ABB36053508E00100600525009
:10981000BBFF3CB6588E001006005250861C030257
:10982000608E0010060052505422A29D708E0010CF
:1098300005005250DE65F46848A8001000000000E2
:10984000000000000000F03F000000000000244085
:1098500000000000000059400000000000408F4060
:10986000000000000088C34000000000006AF840CB
:109870000000000080842E4100000000D0126341EF
:109880000000000084D797410000000065CDCD4165
:109890000D0A00000600525053B4F4A1408F00108E
:1098A000737464696F5F7573625F696E69740000D9
:1098B00000000000548F0010648F00107819012000
:1098C0006C8F0010788F0010090254000301008093
:1098D0007D080B00020202000009040000010202E0
:1098E00000040524002001052401000104240206CF
:1098F0000524060001070581030800100904010082
:10990000020A00000007050202400000070582026B
:109910004000000904020000FF00010512011002CE
:10992000EF0201408A2E0A0000010102030100003B
:109930007069636F5F6765745F756E697175655F88
:10994000626F6172645F69645F737472696E6700ED
:10995000666C6173685F646F5F636D645F637300FF
:109960000A00000000000306A60008000200020032
:109970009C001400030057494E555342000000005C
:1099800000000000000080000400010028004400E6
:109990006500760069006300650049006E00740090
:1099A00065007200660061006300650047005500B5
:1099B0004900440000004E007B0062006300370055
:1099C000330039003800630031002D0037003300C8
:1099D000630064002D0034006300620037002D0036
:1099E00039003800620038002D00390031003300A2
:1099F00061003800660063006100370062006600A5
:109A000036007D0000000000050F2100011C10053C
:109A100000DF60DDD88945C74C9CD2659D9E648A75
:109A20009F00000306A600010000000000000000E7
:109A3000374100100000000039410010454100107E
:109A40007D41001079410010000000006463645FF4
:109A5000656470745F786665720000006463645FBB
:109A60007365745F61646472657373006463645FDB
:109A7000696E745F656E61626C65000068775F6532
:109A80006E64706F696E745F616C6C6F6300000070
:109A90006463645F696E69740000000073796E63CB
:109AA0005F65705F627566666572000075736264FB
:109AB0005F656470745F78666572000075736264D8
:109AC0005F656470745F6F70656E000075736264CB
:109AD0005F6F70656E5F656470745F70616972005E
:109AE00071756575655F6576656E740070726F631C
:109AF0006573735F6765745F6465736372697074BF
:109B00006F72000070726F636573735F7365745F6B
:109B1000636F6E666967000070726F636573735F71
:109B2000636F6E74726F6C5F7265717565737400CC
:109B3000636F6E66696775726174696F6E5F726577
:109B4000736574007475645F7461736B5F657874BA
:109B5000000000007475645F7268706F72745F69F2
:109B60006E697400000000009D57001041580010FD
:109B70008D580010FD580010015A0010495B00106C
:109B800000000000757362645F636F6E74726F6CC7
:109B90005F786665725F6362000000007475645FE1
:109BA000636F6E74726F6C5F7866657200000000A0
:109BB000636463645F786665725F636200000000DF
:109BC000636463645F6F70656E0000007475645F4A
:109BD0006364635F6E5F77726974655F666C7573EB
:109BE0006800000074755F656470745F76616C690D
:109BF0006461746500000000747573625F72687060
:109C00006F72745F696E69740000000007000000E5
:109C1000657863657074696F6E5F7365745F65788E
:109C2000636C75736976655F68616E646C657200FC
:109C3000E8970010F4970010009800100C9800109E
:109C40001898001024980010309800109498001074
:109C500070B504000268EFF3108572B61368002B2C
:109C6000FCD0BFF35F8F63685A1C0BD000290ED065
:109C70000B6000202368BFF35F8F00221A6085F31A
:109C8000108870BD00F010FD60600120F2E7002038
:109C9000F0E70000F8B5040015001E000368002B73
:109CA00018D000F001FD07002068EFF3108172B6B4
:109CB0000B000268002AFCD0BFF35F8F60680130A0
:109CC0000ED02A003300200000F03EFD0028EBD02B
:109CD00000200EE0074B084A0848A82100F014FDB8
:109CE00067602268BFF35F8F0021116083F31088E3
:109CF0000120F8BDA48A001058970010488A00106F
:109D0000F0B583B0050016001F0001A9FFF7A0FF02
:109D1000041E02D0200003B0F0BD00F0C5FC019B82
:109D20009842F7D032003B002800FFF7B3FF040051
:109D3000F0E70000F8B507000C0000F0CDFC0500CE
:109D40000E00FA22920000232000002100F09CFC6B
:109D50002A00330012184B41002B03DB3800FFF7B9
:109D600099FFF8BD01225242004BF7E7FFFFFF7F4A
:109D700010B50268EFF3108172B61368002BFCD0A7
:109D8000BFF35F8F4368013305D001235B4243601B
:109D900000F092FC10BD034B034A0448D92100F0A7
:109DA000B3FCC046B88A00104C970010488A0010D7
:109DB000094B1B78002B08D00CE09A008021490544
:109DC000511808680549505001333F2BF5DD024B0F
:109DD00001221A707047C046BB1A012014110020DE
:109DE00010B5014B984710BD15110020002206E068
:109DF0009300064959184968C31859600132052A69
:109E0000F6D9A0235B051B68036070470000024081
:109E100010B5002207E09300C1184968054CA4461C
:109E2000634459600132052AF5D90268A0235B0515
:109E30001A6010BD00000240F0B5D6464F464646B7
:109E4000C0B588B082460D00140018263388142748
:109E5000388832499847814633883888304998474E
:109E60008046338838882F49984707004B46002B97
:109E700017D04346002B14D0002812D0FFF798FFCC
:109E800001A8FFF7B3FFC847C047274B1A688023D4
:109E90009B005340C02292001340244A13602100CB
:109EA00010E0234B234A96212348490000F02CFC64
:109EB000002B07D0002905D0C0235B051B6E2B703B
:109EC0000139013523000B4314D0C0235B059A6A86
:109ED000082313409207EBD5002CE9D00A1B0D2A6A
:109EE000E6D856463078C02252051066013C721CF6
:109EF0009246DDE70C4B1A68C0239B0093430B4A44
:109F00001360B847FFF76CFF01A8FFF781FF08B0A7
:109F1000E0BCBA46B146A846F0BDC046494600007E
:109F200045580000464300000C8001400C90014061
:109F3000B8910010509900105890001010B50023EF
:109F400008E00133DA0000210848115084466244D9
:109F50005160DBB20E2BF4D90548F02292000021AB
:109F600000F0CAFB034B044A1A6010BD00001050F9
:109F7000C01200208416002080011050F0B5CE469B
:109F8000474680B585B0214B9F6D0024012603E034
:109F9000B74376000134E4B2002F31D01F2C2FD804
:109FA0003E42F6D01A4B9E65630899460123234032
:109FB00001225340DBB298464B465D0045446D019B
:109FC000144BED18280000F043FA0028E0D0114AA5
:109FD0004B465B0043445B01D3189978DA8A01A8A9
:109FE0000023984603700733437001718260434633
:109FF0004371012100F04CFA280000F0BFF9C7E7D7
:10A0000005B0C0BCB946B046F0BDC0460000115016
:10A010000030115080120020F0B5CE46474680B582
:10A0200085B0734A9823D55880239B022F001F4088
:10A030001D4245D06F4B9A6A6F4B1A600024002175
:10A0400009E06E4B5B183C3300221A7000F0C2F935
:10A0500031000134E4B20F2C18D8A60130002030B2
:10A06000664BC0189B193B331B78022BF1D1634B15
:10A070009B193A331E78002EEBD0604BA1015B1880
:10A080003C331B78002BDCD13100E2E7002908D1FA
:10A090005B4B1B78002B04D15A4A903380218902F4
:10A0A000D150534B9B6C5B055B0D01A800220270E5
:10A0B000033242704360012100F0EAF98027BF02B9
:10A0C000EB0606D4EB034DD580235B021F4300242F
:10A0D00016E010231F43FFF751FFF3E702261CE0B1
:10A0E000494B1E66424B5B6E33409E42FAD118E0EC
:10A0F000424B4A4652019B180122DA700134E4B205
:10A10000012C1FD8A14666013C4BF31898469B7E54
:10A11000002BEDD0002CE1D0012600F0FDFA012843
:10A12000DED8C02292010021404600F02DF94046C1
:10A1300000F024F900F0F0FA0128D9D9314B5E661D
:10A140001E66D5E701A800230370063343702F4A2B
:10A1500002AB12CA12C3012100F09AF9294B8022E6
:10A1600092021A65EB040AD46B041DD42B042AD482
:10A17000AF4238D105B0C0BCB946B046F0BD80236F
:10A180005B011F4300241A4B1C60FFF7D7FE01A898
:10A190000470012343700471012100F079F9194B17
:10A1A000802212031A65DFE78023DB011F4301A829
:10A1B0000023037004334370012100F069F9114B4F
:10A1C00010221A65D2E780231B021F4301A8002337
:10A1D000037005334370012100F05AF9094B8022C6
:10A1E00012011A65C4E739006940094800F0A4FA71
:10A1F000000011500040054078120020801200201D
:10A20000B91A0120003011500020115000001050E8
:10A21000BC920010F8B504000F00838A028B1E1C4C
:10A22000934200D9161CB6B29B1BA3828022D20097
:10A230003243E378002B13D08025AD011543012272
:10A240005340E3706378002B0CD0A38A002B02D11B
:10A250008023DB011D43002F00D02D042800F8BD12
:10A260000025EBE7E068BB01C0182169320000F06F
:10A2700013FA23699B19236180231B021D43E4E722
:10A28000094B1B6C9B070CD48378DB09012B01D095
:10A29000002007E0C37E022B01D0002002E0012055
:10A2A00000E000207047C0460000115010B5FFF7D5
:10A2B000E7FF002809D0064B9B6A064A12689B1AE2
:10A2C000054A94466344C62B00D810BD0020FCE725
:10A2D0000040054078120020E0FCFFFF70B504004C
:10A2E00083681B68002900D01B0C9D05AD0D6278AA
:10A2F000002A11D11B0409D4E38A5B19E382238B62
:10A30000AB4201D90023A382280070BD0D4B0E4A39
:10A310000E48E82100F0F8F91B040DD52069E36828
:10A32000890159182A0000F0B7F9E38A5B19E38222
:10A3300023695B192361E2E7054B034A0348EE21D9
:10A3400000F0E2F9DC9200109C9A0010FC920010E0
:10A350006C93001010B5040083681B680021FFF7A0
:10A36000BDFF63681B685B0002D5238B834200D06E
:10A3700010BD01212000FFF7B1FFF9E7002383762C
:10A380008382C3820361704710B5002902D08368BD
:10A390001B681940002A10D0114352050DD5826860
:10A3A00013685B050CD4084B0B401360074B1B6C08
:10A3B0009B0702D40C23033BFDD28368196010BDB8
:10A3C0008178034800F0B8F9FFFBFFFF000011504F
:10A3D0008C93001070B5040043681E680021FFF7DD
:10A3E00019FF80256D010543164B1B6C9B0715D586
:10A3F000A3785B0617D10023A28A002A01D0002B84
:10A4000015D0114B1E4080239B05334362681360B7
:10A410002A0000212000FFF7B7FF70BDA378DB09F9
:10A4200003D10133E8E70123E6E70023E4E7012154
:10A430002000FFF7EFFE0543044A3240A023DB056E
:10A440001343E3E700001150FFFFFFAFFFFFFFDF03
:10A4500070B50400857E002D06D0FFF77BFFA38A30
:10A46000002B05D1280070BD8178084800F064F900
:10A470002000FFF71BFF051E03D0012323770025D3
:10A48000F0E72000FFF7A6FFECE7C046AC93001012
:10A4900070B584B005000E004378042B41D009D973
:10A4A000052B48D0062B1AD16E4A13780133DBB244
:10A4B000137014E0022B03D0032B10D1002450E0C2
:10A4C000694B1A7801218A431A701A7801318A433C
:10A4D0001A7000225A701A7802318A431A70634B3C
:10A4E0001C686269EFF3108172B61368002BFCD010
:10A4F000BFF35F8FA1612900200000F0F5F86269C9
:10A50000A369BFF35F8F0021116083F310880028D7
:10A5100000D1A0E028786978320000F0D5F804B0C6
:10A5200070BD514B1B78DB07F9D54F4A13780421D6
:10A530000B431370D3E74C4B1B78DB07EFD54A4A2C
:10A54000137804218B431370C9E7E31A5B01484A6F
:10A550009B18DB69002B02D0287869689847013482
:10A56000E4B2444B1B78A34207D3EED9424B1B689D
:10A5700062019B18002BECD1F1E73B4B1B785B078A
:10A580002ED5394A137804218B43137001AC0C2269
:10A590000021200000F0B0F82B78237005236370B1
:10A5A000324B1C686269EFF3108172B61368002B9E
:10A5B000FCD0BFF35F8FA16101A9200000F094F8E7
:10A5C0006269A369BFF35F8F0021116083F3108874
:10A5D000002832D001AB18785978320000F074F8B6
:10A5E000214BDB78DB0700D499E72A7801AB1A709E
:10A5F00003225A706A6802921C4B1C686269EFF36E
:10A60000108172B61368002BFCD0BFF35F8FA1617D
:10A6100001A9200000F068F86269A369BFF35F8FA9
:10A620000021116083F3108800280DD001AB187849
:10A630005978320000F048F871E766220F49104857
:10A64000FF3200F071F8CBE766220C490C48FF326C
:10A6500000F06AF863E7662208490948FF3200F013
:10A6600063F85CE7BA1A0120F80F002050100020B0
:10A67000649B0010B81A0120480E0020E09A0010D8
:10A680000C9400107047C04601B40248844601BCD7
:10A69000604700BF2D25001001B40248844601BC6C
:10A6A000604700BFE545001001B40248844601BC84
:10A6B000604700BFE166001001B40248844601BC57
:10A6C000604700BF0D67001001B40248844601BC1A
:10A6D000604700BFD148001001B40248844601BC65
:10A6E000604700BFA112001001B40248844601BCBB
:10A6F000604700BFE562001001B40248844601BC17
:10A70000604700BFA126001001B40248844601BC86
:10A71000604700BFAD38001001B40248844601BC58
:10A72000604700BFCD03001001B40248844601BC5D
:10A73000604700BF853B001001B40248844601BC5D
:10A74000604700BF2104001001B40248844601BCE8
:10A75000604700BFE9670010100000000000000023
:10A7600000000100000000000000000000000200E6
:10A7700000000000000000000000030000000000D6
:10A7800000000000000004000000000000000000C5
:10A790000000050000000000000000000000FF00B5
:10A7A0000000000001B5486801318E460047704640
:10A7B00009380149884701BD510900100000000017
:10A7C0000000000000000000000000000000000089
:10A7D000B80C002000000000000000000000000095
:10A7E000503300004C33000054330000523300005B
:10A7F0004D5300004D43000053340000433400002B
:10A80000293F0010B13B0010893E00109D3B001015
:10A8100000000000000100005410002010000C0097
:10A820000000000000000000000000000000000028
:10A8300000000000FFFF000000000000000000001A
:08A84000000000000000000010
:04000005100001E9FD
:00000001FF
