
C:/Users/Christian/C245-Soldering-Station/build/solder_station.elf:     file format elf32-littlearm

Sections:
Idx Name          Size      VMA       LMA       File off  Algn
  0 .boot2        00000100  10000000  10000000  00001000  2**0
                  CONTENTS, ALLOC, LOAD, READONLY, CODE
  1 .text         00008610  10000100  10000100  00001100  2**4
                  CONTENTS, ALLOC, LOAD, READONLY, CODE
  2 .rodata       00001520  10008710  10008710  00009710  2**3
                  CONTENTS, ALLOC, LOAD, READONLY, DATA
  3 .binary_info  00000020  10009c30  10009c30  0000ac30  2**2
                  CONTENTS, ALLOC, LOAD, READONLY, DATA
  4 .xip_ram      00000000  15000000  15000000  0000bcb8  2**0
                  CONTENTS
  5 .ram_vector_table 000000c0  20000000  20000000  0000c000  2**2
                  ALLOC
  6 .uninitialized_data 00000000  200000c0  200000c0  0000bcb8  2**0
                  CONTENTS
  7 .data         00000bf8  200000c0  10009c50  0000b0c0  2**4
                  CONTENTS, ALLOC, LOAD, READONLY, CODE
  8 .tdata        00000000  20000cb8  20000cb8  0000bcb8  2**0
                  CONTENTS, ALLOC, LOAD, DATA, THREAD_LOCAL
  9 .tbss         00000000  20000cb8  20000cb8  00000000  2**0
                  ALLOC, THREAD_LOCAL
 10 .tbss_space   00000000  20000cb8  20000cb8  0000bcb8  2**0
                  CONTENTS
 11 .bss          00010e0c  20000cb8  1000a848  0000bcb8  2**3
                  ALLOC
 12 .tls0         00000000  20011ac4  20011ac4  0000bcb8  2**0
                  CONTENTS
 13 .tls1         00000000  20011ac4  20011ac4  0000bcb8  2**0
                  CONTENTS
 14 .persistent_data 00000000  20011ac4  20011ac4  0000bcb8  2**0
                  CONTENTS
 15 .dummy_pre_heap 00000000  20011ac4  20011ac4  0000bcb8  2**0
                  CONTENTS
 16 .heap         00000800  20011ac4  20011ac4  0000cac4  2**2
                  ALLOC, READONLY
 17 .scratch_x    00000000  20040000  20040000  0000bcb8  2**0
                  CONTENTS
 18 .scratch_y    00000000  20041000  20041000  0000bcb8  2**0
                  CONTENTS
 19 .stack1_dummy 00000800  20040000  20040000  0000c000  2**2
                  ALLOC
 20 .stack_dummy  00000800  20041000  20041000  0000c000  2**5
                  ALLOC, READONLY
 21 .debug_info   00037031  00000000  00000000  0000bcb8  2**0
                  CONTENTS, READONLY, DEBUGGING, OCTETS
 22 .debug_abbrev 0000a1dc  00000000  00000000  00042ce9  2**0
                  CONTENTS, READONLY, DEBUGGING, OCTETS
 23 .debug_aranges 000020c0  00000000  00000000  0004cec8  2**3
                  CONTENTS, READONLY, DEBUGGING, OCTETS
 24 .debug_rnglists 0000236c  00000000  00000000  0004ef88  2**0
                  CONTENTS, READONLY, DEBUGGING, OCTETS
 25 .debug_line   00026c97  00000000  00000000  000512f4  2**0
                  CONTENTS, READONLY, DEBUGGING, OCTETS
 26 .debug_str    0000c13c  00000000  00000000  00077f8b  2**0
                  CONTENTS, READONLY, DEBUGGING, OCTETS
 27 .comment      00000045  00000000  00000000  000840c7  2**0
                  CONTENTS, READONLY
 28 .ARM.attributes 0000002a  00000000  00000000  0008410c  2**0
                  CONTENTS, READONLY
 29 .debug_frame  00004a28  00000000  00000000  00084138  2**2
                  CONTENTS, READONLY, DEBUGGING, OCTETS
 30 .debug_loclists 000186fc  00000000  00000000  00088b60  2**0
                  CONTENTS, READONLY, DEBUGGING, OCTETS
 31 .debug_line_str 000003f1  00000000  00000000  000a125c  2**0
                  CONTENTS, READONLY, DEBUGGING, OCTETS

C:/Users/Christian/C245-Soldering-Station/build/solder_station.elf:     file format elf32-littlearm


Disassembly of section .boot2:

10000000 <__boot2_start__>:
10000000:	4b32b500 	.word	0x4b32b500
10000004:	60582021 	.word	0x60582021
10000008:	21026898 	.word	0x21026898
1000000c:	60984388 	.word	0x60984388
10000010:	611860d8 	.word	0x611860d8
10000014:	4b2e6158 	.word	0x4b2e6158
10000018:	60992100 	.word	0x60992100
1000001c:	61592102 	.word	0x61592102
10000020:	22f02101 	.word	0x22f02101
10000024:	492b5099 	.word	0x492b5099
10000028:	21016019 	.word	0x21016019
1000002c:	20356099 	.word	0x20356099
10000030:	f844f000 	.word	0xf844f000
10000034:	42902202 	.word	0x42902202
10000038:	2106d014 	.word	0x2106d014
1000003c:	f0006619 	.word	0xf0006619
10000040:	6e19f834 	.word	0x6e19f834
10000044:	66192101 	.word	0x66192101
10000048:	66182000 	.word	0x66182000
1000004c:	f000661a 	.word	0xf000661a
10000050:	6e19f82c 	.word	0x6e19f82c
10000054:	6e196e19 	.word	0x6e196e19
10000058:	f0002005 	.word	0xf0002005
1000005c:	2101f82f 	.word	0x2101f82f
10000060:	d1f94208 	.word	0xd1f94208
10000064:	60992100 	.word	0x60992100
10000068:	6019491b 	.word	0x6019491b
1000006c:	60592100 	.word	0x60592100
10000070:	481b491a 	.word	0x481b491a
10000074:	21016001 	.word	0x21016001
10000078:	21eb6099 	.word	0x21eb6099
1000007c:	21a06619 	.word	0x21a06619
10000080:	f0006619 	.word	0xf0006619
10000084:	2100f812 	.word	0x2100f812
10000088:	49166099 	.word	0x49166099
1000008c:	60014814 	.word	0x60014814
10000090:	60992101 	.word	0x60992101
10000094:	2800bc01 	.word	0x2800bc01
10000098:	4700d000 	.word	0x4700d000
1000009c:	49134812 	.word	0x49134812
100000a0:	c8036008 	.word	0xc8036008
100000a4:	8808f380 	.word	0x8808f380
100000a8:	b5034708 	.word	0xb5034708
100000ac:	20046a99 	.word	0x20046a99
100000b0:	d0fb4201 	.word	0xd0fb4201
100000b4:	42012001 	.word	0x42012001
100000b8:	bd03d1f8 	.word	0xbd03d1f8
100000bc:	6618b502 	.word	0x6618b502
100000c0:	f7ff6618 	.word	0xf7ff6618
100000c4:	6e18fff2 	.word	0x6e18fff2
100000c8:	bd026e18 	.word	0xbd026e18
100000cc:	40020000 	.word	0x40020000
100000d0:	18000000 	.word	0x18000000
100000d4:	00070000 	.word	0x00070000
100000d8:	005f0300 	.word	0x005f0300
100000dc:	00002221 	.word	0x00002221
100000e0:	180000f4 	.word	0x180000f4
100000e4:	a0002022 	.word	0xa0002022
100000e8:	10000100 	.word	0x10000100
100000ec:	e000ed08 	.word	0xe000ed08
	...
100000fc:	7a4eb274 	.word	0x7a4eb274

Disassembly of section .text:

10000100 <__VECTOR_TABLE>:
10000100:	20042000 	.word	0x20042000
10000104:	100001f7 	.word	0x100001f7
10000108:	100001cb 	.word	0x100001cb
1000010c:	100001cd 	.word	0x100001cd
10000110:	100001c9 	.word	0x100001c9
10000114:	100001c9 	.word	0x100001c9
10000118:	100001c9 	.word	0x100001c9
1000011c:	100001c9 	.word	0x100001c9
10000120:	100001c9 	.word	0x100001c9
10000124:	100001c9 	.word	0x100001c9
10000128:	100001c9 	.word	0x100001c9
1000012c:	100001cf 	.word	0x100001cf
10000130:	100001c9 	.word	0x100001c9
10000134:	100001c9 	.word	0x100001c9
10000138:	100001d1 	.word	0x100001d1
1000013c:	100001d3 	.word	0x100001d3
10000140:	100001c1 	.word	0x100001c1
10000144:	100001c1 	.word	0x100001c1
10000148:	100001c1 	.word	0x100001c1
1000014c:	100001c1 	.word	0x100001c1
10000150:	100001c1 	.word	0x100001c1
10000154:	100001c1 	.word	0x100001c1
10000158:	100001c1 	.word	0x100001c1
1000015c:	100001c1 	.word	0x100001c1
10000160:	100001c1 	.word	0x100001c1
10000164:	100001c1 	.word	0x100001c1
10000168:	100001c1 	.word	0x100001c1
1000016c:	100001c1 	.word	0x100001c1
10000170:	100001c1 	.word	0x100001c1
10000174:	100001c1 	.word	0x100001c1
10000178:	100001c1 	.word	0x100001c1
1000017c:	100001c1 	.word	0x100001c1
10000180:	100001c1 	.word	0x100001c1
10000184:	100001c1 	.word	0x100001c1
10000188:	100001c1 	.word	0x100001c1
1000018c:	100001c1 	.word	0x100001c1
10000190:	100001c1 	.word	0x100001c1
10000194:	100001c1 	.word	0x100001c1
10000198:	100001c1 	.word	0x100001c1
1000019c:	100001c1 	.word	0x100001c1
100001a0:	100001c1 	.word	0x100001c1
100001a4:	100001c1 	.word	0x100001c1
100001a8:	100001c1 	.word	0x100001c1
100001ac:	100001c1 	.word	0x100001c1
100001b0:	100001c1 	.word	0x100001c1
100001b4:	100001c1 	.word	0x100001c1
100001b8:	100001c1 	.word	0x100001c1
100001bc:	100001c1 	.word	0x100001c1

100001c0 <__unhandled_user_irq>:
100001c0:	f3ef 8005 	mrs	r0, IPSR
100001c4:	3810      	subs	r0, #16

100001c6 <unhandled_user_irq_num_in_r0>:
100001c6:	be00      	bkpt	0x0000

100001c8 <isr_invalid>:
100001c8:	be00      	bkpt	0x0000

100001ca <isr_nmi>:
100001ca:	be00      	bkpt	0x0000

100001cc <isr_hardfault>:
100001cc:	be00      	bkpt	0x0000

100001ce <isr_svcall>:
100001ce:	be00      	bkpt	0x0000

100001d0 <isr_pendsv>:
100001d0:	be00      	bkpt	0x0000

100001d2 <isr_systick>:
100001d2:	be00      	bkpt	0x0000

100001d4 <__default_isrs_end>:
100001d4:	7188ebf2 	.word	0x7188ebf2
100001d8:	10009c30 	.word	0x10009c30
100001dc:	10009c50 	.word	0x10009c50
100001e0:	10000238 	.word	0x10000238
100001e4:	e71aa390 	.word	0xe71aa390

100001e8 <_entry_point>:
100001e8:	2000      	movs	r0, #0

100001ea <_enter_vtable_in_r0>:
100001ea:	491e      	ldr	r1, [pc, #120]	@ (10000264 <data_cpy_table+0x2c>)
100001ec:	6008      	str	r0, [r1, #0]
100001ee:	c806      	ldmia	r0!, {r1, r2}
100001f0:	f381 8808 	msr	MSP, r1
100001f4:	4710      	bx	r2

100001f6 <_reset_handler>:
100001f6:	481c      	ldr	r0, [pc, #112]	@ (10000268 <data_cpy_table+0x30>)
100001f8:	6800      	ldr	r0, [r0, #0]
100001fa:	2800      	cmp	r0, #0
100001fc:	d001      	beq.n	10000202 <hold_non_core0_in_bootrom+0x4>

100001fe <hold_non_core0_in_bootrom>:
100001fe:	2000      	movs	r0, #0
10000200:	e7f3      	b.n	100001ea <_enter_vtable_in_r0>
10000202:	a40d      	add	r4, pc, #52	@ (adr r4, 10000238 <data_cpy_table>)
10000204:	cc0e      	ldmia	r4!, {r1, r2, r3}
10000206:	2900      	cmp	r1, #0
10000208:	d002      	beq.n	10000210 <hold_non_core0_in_bootrom+0x12>
1000020a:	f000 f812 	bl	10000232 <data_cpy>
1000020e:	e7f9      	b.n	10000204 <hold_non_core0_in_bootrom+0x6>
10000210:	4916      	ldr	r1, [pc, #88]	@ (1000026c <data_cpy_table+0x34>)
10000212:	4a17      	ldr	r2, [pc, #92]	@ (10000270 <data_cpy_table+0x38>)
10000214:	2000      	movs	r0, #0
10000216:	e000      	b.n	1000021a <bss_fill_test>

10000218 <bss_fill_loop>:
10000218:	c101      	stmia	r1!, {r0}

1000021a <bss_fill_test>:
1000021a:	4291      	cmp	r1, r2
1000021c:	d1fc      	bne.n	10000218 <bss_fill_loop>

1000021e <platform_entry>:
1000021e:	4915      	ldr	r1, [pc, #84]	@ (10000274 <data_cpy_table+0x3c>)
10000220:	4788      	blx	r1
10000222:	4915      	ldr	r1, [pc, #84]	@ (10000278 <data_cpy_table+0x40>)
10000224:	4788      	blx	r1
10000226:	4915      	ldr	r1, [pc, #84]	@ (1000027c <data_cpy_table+0x44>)
10000228:	4788      	blx	r1
1000022a:	be00      	bkpt	0x0000
1000022c:	e7fd      	b.n	1000022a <platform_entry+0xc>

1000022e <data_cpy_loop>:
1000022e:	c901      	ldmia	r1!, {r0}
10000230:	c201      	stmia	r2!, {r0}

10000232 <data_cpy>:
10000232:	429a      	cmp	r2, r3
10000234:	d3fb      	bcc.n	1000022e <data_cpy_loop>

10000236 <data_cpy_done>:
10000236:	4770      	bx	lr

10000238 <data_cpy_table>:
10000238:	10009c50 	.word	0x10009c50
1000023c:	200000c0 	.word	0x200000c0
10000240:	20000cb8 	.word	0x20000cb8
10000244:	1000a848 	.word	0x1000a848
10000248:	20040000 	.word	0x20040000
1000024c:	20040000 	.word	0x20040000
10000250:	1000a848 	.word	0x1000a848
10000254:	20041000 	.word	0x20041000
10000258:	20041000 	.word	0x20041000
1000025c:	00000000 	.word	0x00000000
10000260:	4770      	bx	lr
10000262:	0000      	.short	0x0000
10000264:	e000ed08 	.word	0xe000ed08
10000268:	d0000000 	.word	0xd0000000
1000026c:	20000cb8 	.word	0x20000cb8
10000270:	20011ac4 	.word	0x20011ac4
10000274:	100038e5 	.word	0x100038e5
10000278:	10000281 	.word	0x10000281
1000027c:	100038a7 	.word	0x100038a7

10000280 <main>:
10000280:	b510      	push	{r4, lr}
10000282:	f003 fc4b 	bl	10003b1c <stdio_init_all>
10000286:	f000 f83b 	bl	10000300 <heater_init>
1000028a:	f000 f871 	bl	10000370 <control_task_start>
1000028e:	f007 f91f 	bl	100074d0 <vTaskStartScheduler>
10000292:	e7fe      	b.n	10000292 <main+0x12>

10000294 <vAssertCalled>:
10000294:	b510      	push	{r4, lr}
10000296:	b672      	cpsid	i
10000298:	f000 f84e 	bl	10000338 <heater_force_off>
1000029c:	e7fe      	b.n	1000029c <vAssertCalled+0x8>
	...

100002a0 <vApplicationMallocFailedHook>:
100002a0:	b510      	push	{r4, lr}
100002a2:	f000 f849 	bl	10000338 <heater_force_off>
100002a6:	4802      	ldr	r0, [pc, #8]	@ (100002b0 <vApplicationMallocFailedHook+0x10>)
100002a8:	2112      	movs	r1, #18
100002aa:	f7ff fff3 	bl	10000294 <vAssertCalled>
100002ae:	46c0      	nop			@ (mov r8, r8)
100002b0:	10008710 	.word	0x10008710

100002b4 <vApplicationStackOverflowHook>:
100002b4:	b510      	push	{r4, lr}
100002b6:	f000 f83f 	bl	10000338 <heater_force_off>
100002ba:	4802      	ldr	r0, [pc, #8]	@ (100002c4 <vApplicationStackOverflowHook+0x10>)
100002bc:	2118      	movs	r1, #24
100002be:	f7ff ffe9 	bl	10000294 <vAssertCalled>
100002c2:	46c0      	nop			@ (mov r8, r8)
100002c4:	10008710 	.word	0x10008710

100002c8 <pwm_set_chan_level>:
100002c8:	0083      	lsls	r3, r0, #2
100002ca:	181b      	adds	r3, r3, r0
100002cc:	009b      	lsls	r3, r3, #2
100002ce:	4809      	ldr	r0, [pc, #36]	@ (100002f4 <pwm_set_chan_level+0x2c>)
100002d0:	4684      	mov	ip, r0
100002d2:	4463      	add	r3, ip
100002d4:	0010      	movs	r0, r2
100002d6:	2900      	cmp	r1, #0
100002d8:	d00a      	beq.n	100002f0 <pwm_set_chan_level+0x28>
100002da:	0410      	lsls	r0, r2, #16
100002dc:	4a06      	ldr	r2, [pc, #24]	@ (100002f8 <pwm_set_chan_level+0x30>)
100002de:	6819      	ldr	r1, [r3, #0]
100002e0:	4048      	eors	r0, r1
100002e2:	4010      	ands	r0, r2
100002e4:	2280      	movs	r2, #128	@ 0x80
100002e6:	0152      	lsls	r2, r2, #5
100002e8:	4694      	mov	ip, r2
100002ea:	4463      	add	r3, ip
100002ec:	6018      	str	r0, [r3, #0]
100002ee:	4770      	bx	lr
100002f0:	4a02      	ldr	r2, [pc, #8]	@ (100002fc <pwm_set_chan_level+0x34>)
100002f2:	e7f4      	b.n	100002de <pwm_set_chan_level+0x16>
100002f4:	4005000c 	.word	0x4005000c
100002f8:	ffff0000 	.word	0xffff0000
100002fc:	0000ffff 	.word	0x0000ffff

10000300 <heater_init>:
10000300:	b510      	push	{r4, lr}
10000302:	2104      	movs	r1, #4
10000304:	2000      	movs	r0, #0
10000306:	f000 f847 	bl	10000398 <gpio_set_function>
1000030a:	4c08      	ldr	r4, [pc, #32]	@ (1000032c <heater_init+0x2c>)
1000030c:	23fa      	movs	r3, #250	@ 0xfa
1000030e:	00db      	lsls	r3, r3, #3
10000310:	6063      	str	r3, [r4, #4]
10000312:	4b07      	ldr	r3, [pc, #28]	@ (10000330 <heater_init+0x30>)
10000314:	6123      	str	r3, [r4, #16]
10000316:	2200      	movs	r2, #0
10000318:	2100      	movs	r1, #0
1000031a:	2000      	movs	r0, #0
1000031c:	f7ff ffd4 	bl	100002c8 <pwm_set_chan_level>
10000320:	6822      	ldr	r2, [r4, #0]
10000322:	2301      	movs	r3, #1
10000324:	4393      	bics	r3, r2
10000326:	4a03      	ldr	r2, [pc, #12]	@ (10000334 <heater_init+0x34>)
10000328:	6013      	str	r3, [r2, #0]
1000032a:	bd10      	pop	{r4, pc}
1000032c:	40050000 	.word	0x40050000
10000330:	00002710 	.word	0x00002710
10000334:	40051000 	.word	0x40051000

10000338 <heater_force_off>:
10000338:	b510      	push	{r4, lr}
1000033a:	2200      	movs	r2, #0
1000033c:	2100      	movs	r1, #0
1000033e:	2000      	movs	r0, #0
10000340:	f7ff ffc2 	bl	100002c8 <pwm_set_chan_level>
10000344:	bd10      	pop	{r4, pc}
	...

10000348 <control_task_heartbeat>:
10000348:	b510      	push	{r4, lr}
1000034a:	f007 f8f7 	bl	1000753c <xTaskGetTickCount>
1000034e:	4b01      	ldr	r3, [pc, #4]	@ (10000354 <control_task_heartbeat+0xc>)
10000350:	6018      	str	r0, [r3, #0]
10000352:	bd10      	pop	{r4, pc}
10000354:	20001764 	.word	0x20001764

10000358 <control_task>:
10000358:	b500      	push	{lr}
1000035a:	b083      	sub	sp, #12
1000035c:	f007 f8ee 	bl	1000753c <xTaskGetTickCount>
10000360:	9001      	str	r0, [sp, #4]
10000362:	f7ff fff1 	bl	10000348 <control_task_heartbeat>
10000366:	2132      	movs	r1, #50	@ 0x32
10000368:	a801      	add	r0, sp, #4
1000036a:	f007 fa5f 	bl	1000782c <xTaskDelayUntil>
1000036e:	e7f8      	b.n	10000362 <control_task+0xa>

10000370 <control_task_start>:
10000370:	b500      	push	{lr}
10000372:	b083      	sub	sp, #12
10000374:	22c0      	movs	r2, #192	@ 0xc0
10000376:	4906      	ldr	r1, [pc, #24]	@ (10000390 <control_task_start+0x20>)
10000378:	4806      	ldr	r0, [pc, #24]	@ (10000394 <control_task_start+0x24>)
1000037a:	2300      	movs	r3, #0
1000037c:	9301      	str	r3, [sp, #4]
1000037e:	3304      	adds	r3, #4
10000380:	9300      	str	r3, [sp, #0]
10000382:	2300      	movs	r3, #0
10000384:	0052      	lsls	r2, r2, #1
10000386:	f007 f85f 	bl	10007448 <xTaskCreate>
1000038a:	b003      	add	sp, #12
1000038c:	bd00      	pop	{pc}
1000038e:	46c0      	nop			@ (mov r8, r8)
10000390:	10008748 	.word	0x10008748
10000394:	10000359 	.word	0x10000359

10000398 <gpio_set_function>:
10000398:	b510      	push	{r4, lr}
1000039a:	0083      	lsls	r3, r0, #2
1000039c:	4a08      	ldr	r2, [pc, #32]	@ (100003c0 <gpio_set_function+0x28>)
1000039e:	189a      	adds	r2, r3, r2
100003a0:	6812      	ldr	r2, [r2, #0]
100003a2:	2440      	movs	r4, #64	@ 0x40
100003a4:	4054      	eors	r4, r2
100003a6:	22c0      	movs	r2, #192	@ 0xc0
100003a8:	4022      	ands	r2, r4
100003aa:	4c06      	ldr	r4, [pc, #24]	@ (100003c4 <gpio_set_function+0x2c>)
100003ac:	46a4      	mov	ip, r4
100003ae:	4463      	add	r3, ip
100003b0:	601a      	str	r2, [r3, #0]
100003b2:	00c0      	lsls	r0, r0, #3
100003b4:	4b04      	ldr	r3, [pc, #16]	@ (100003c8 <gpio_set_function+0x30>)
100003b6:	469c      	mov	ip, r3
100003b8:	4460      	add	r0, ip
100003ba:	6041      	str	r1, [r0, #4]
100003bc:	bd10      	pop	{r4, pc}
100003be:	46c0      	nop			@ (mov r8, r8)
100003c0:	4001c004 	.word	0x4001c004
100003c4:	4001d004 	.word	0x4001d004
100003c8:	40014000 	.word	0x40014000

100003cc <rp2040_chip_version>:
100003cc:	b510      	push	{r4, lr}
100003ce:	2380      	movs	r3, #128	@ 0x80
100003d0:	05db      	lsls	r3, r3, #23
100003d2:	6818      	ldr	r0, [r3, #0]
100003d4:	0503      	lsls	r3, r0, #20
100003d6:	0d1b      	lsrs	r3, r3, #20
100003d8:	4a0b      	ldr	r2, [pc, #44]	@ (10000408 <rp2040_chip_version+0x3c>)
100003da:	4293      	cmp	r3, r2
100003dc:	d107      	bne.n	100003ee <rp2040_chip_version+0x22>
100003de:	4b0b      	ldr	r3, [pc, #44]	@ (1000040c <rp2040_chip_version+0x40>)
100003e0:	4003      	ands	r3, r0
100003e2:	2280      	movs	r2, #128	@ 0x80
100003e4:	0192      	lsls	r2, r2, #6
100003e6:	4293      	cmp	r3, r2
100003e8:	d107      	bne.n	100003fa <rp2040_chip_version+0x2e>
100003ea:	0f00      	lsrs	r0, r0, #28
100003ec:	bd10      	pop	{r4, pc}
100003ee:	4b08      	ldr	r3, [pc, #32]	@ (10000410 <rp2040_chip_version+0x44>)
100003f0:	4a08      	ldr	r2, [pc, #32]	@ (10000414 <rp2040_chip_version+0x48>)
100003f2:	4809      	ldr	r0, [pc, #36]	@ (10000418 <rp2040_chip_version+0x4c>)
100003f4:	2113      	movs	r1, #19
100003f6:	f003 fa59 	bl	100038ac <__assert_func>
100003fa:	4b08      	ldr	r3, [pc, #32]	@ (1000041c <rp2040_chip_version+0x50>)
100003fc:	4a05      	ldr	r2, [pc, #20]	@ (10000414 <rp2040_chip_version+0x48>)
100003fe:	4806      	ldr	r0, [pc, #24]	@ (10000418 <rp2040_chip_version+0x4c>)
10000400:	2114      	movs	r1, #20
10000402:	f003 fa53 	bl	100038ac <__assert_func>
10000406:	46c0      	nop			@ (mov r8, r8)
10000408:	00000927 	.word	0x00000927
1000040c:	0ffff000 	.word	0x0ffff000
10000410:	10008750 	.word	0x10008750
10000414:	100096cc 	.word	0x100096cc
10000418:	10008774 	.word	0x10008774
1000041c:	100087d0 	.word	0x100087d0

10000420 <panic>:
10000420:	b40f      	push	{r0, r1, r2, r3}
10000422:	b500      	push	{lr}
10000424:	b083      	sub	sp, #12
10000426:	4808      	ldr	r0, [pc, #32]	@ (10000448 <panic+0x28>)
10000428:	f003 fb7c 	bl	10003b24 <__wrap_puts>
1000042c:	9b04      	ldr	r3, [sp, #16]
1000042e:	2b00      	cmp	r3, #0
10000430:	d007      	beq.n	10000442 <panic+0x22>
10000432:	a905      	add	r1, sp, #20
10000434:	9101      	str	r1, [sp, #4]
10000436:	0018      	movs	r0, r3
10000438:	f003 fb84 	bl	10003b44 <__wrap_vprintf>
1000043c:	4803      	ldr	r0, [pc, #12]	@ (1000044c <panic+0x2c>)
1000043e:	f003 fb71 	bl	10003b24 <__wrap_puts>
10000442:	2001      	movs	r0, #1
10000444:	f003 fa2c 	bl	100038a0 <_exit>
10000448:	100087e4 	.word	0x100087e4
1000044c:	10008ea0 	.word	0x10008ea0

10000450 <panic_unsupported>:
10000450:	b510      	push	{r4, lr}
10000452:	4801      	ldr	r0, [pc, #4]	@ (10000458 <panic_unsupported+0x8>)
10000454:	f7ff ffe4 	bl	10000420 <panic>
10000458:	100087f4 	.word	0x100087f4

1000045c <hw_claim_lock>:
1000045c:	f3ef 8010 	mrs	r0, PRIMASK
10000460:	b672      	cpsid	i
10000462:	4b03      	ldr	r3, [pc, #12]	@ (10000470 <hw_claim_lock+0x14>)
10000464:	681b      	ldr	r3, [r3, #0]
10000466:	2b00      	cmp	r3, #0
10000468:	d0fb      	beq.n	10000462 <hw_claim_lock+0x6>
1000046a:	f3bf 8f5f 	dmb	sy
1000046e:	4770      	bx	lr
10000470:	d000012c 	.word	0xd000012c

10000474 <hw_claim_unlock>:
10000474:	f3bf 8f5f 	dmb	sy
10000478:	4b02      	ldr	r3, [pc, #8]	@ (10000484 <hw_claim_unlock+0x10>)
1000047a:	2200      	movs	r2, #0
1000047c:	601a      	str	r2, [r3, #0]
1000047e:	f380 8810 	msr	PRIMASK, r0
10000482:	4770      	bx	lr
10000484:	d000012c 	.word	0xd000012c

10000488 <hw_claim_or_assert>:
10000488:	b570      	push	{r4, r5, r6, lr}
1000048a:	0005      	movs	r5, r0
1000048c:	000c      	movs	r4, r1
1000048e:	0016      	movs	r6, r2
10000490:	f7ff ffe4 	bl	1000045c <hw_claim_lock>
10000494:	08e3      	lsrs	r3, r4, #3
10000496:	18ea      	adds	r2, r5, r3
10000498:	4694      	mov	ip, r2
1000049a:	5ce9      	ldrb	r1, [r5, r3]
1000049c:	2207      	movs	r2, #7
1000049e:	4022      	ands	r2, r4
100004a0:	2301      	movs	r3, #1
100004a2:	4093      	lsls	r3, r2
100004a4:	420b      	tst	r3, r1
100004a6:	d106      	bne.n	100004b6 <hw_claim_or_assert+0x2e>
100004a8:	b2db      	uxtb	r3, r3
100004aa:	430b      	orrs	r3, r1
100004ac:	4662      	mov	r2, ip
100004ae:	7013      	strb	r3, [r2, #0]
100004b0:	f7ff ffe0 	bl	10000474 <hw_claim_unlock>
100004b4:	bd70      	pop	{r4, r5, r6, pc}
100004b6:	0021      	movs	r1, r4
100004b8:	0030      	movs	r0, r6
100004ba:	f7ff ffb1 	bl	10000420 <panic>

100004be <hw_claim_unused_from_range>:
100004be:	b5f0      	push	{r4, r5, r6, r7, lr}
100004c0:	b083      	sub	sp, #12
100004c2:	0005      	movs	r5, r0
100004c4:	9101      	str	r1, [sp, #4]
100004c6:	0014      	movs	r4, r2
100004c8:	001e      	movs	r6, r3
100004ca:	f7ff ffc7 	bl	1000045c <hw_claim_lock>
100004ce:	e000      	b.n	100004d2 <hw_claim_unused_from_range+0x14>
100004d0:	3401      	adds	r4, #1
100004d2:	42b4      	cmp	r4, r6
100004d4:	d80c      	bhi.n	100004f0 <hw_claim_unused_from_range+0x32>
100004d6:	08e3      	lsrs	r3, r4, #3
100004d8:	18ef      	adds	r7, r5, r3
100004da:	5ceb      	ldrb	r3, [r5, r3]
100004dc:	2107      	movs	r1, #7
100004de:	4021      	ands	r1, r4
100004e0:	2201      	movs	r2, #1
100004e2:	408a      	lsls	r2, r1
100004e4:	421a      	tst	r2, r3
100004e6:	d1f3      	bne.n	100004d0 <hw_claim_unused_from_range+0x12>
100004e8:	b2d2      	uxtb	r2, r2
100004ea:	431a      	orrs	r2, r3
100004ec:	703a      	strb	r2, [r7, #0]
100004ee:	e001      	b.n	100004f4 <hw_claim_unused_from_range+0x36>
100004f0:	2401      	movs	r4, #1
100004f2:	4264      	negs	r4, r4
100004f4:	f7ff ffbe 	bl	10000474 <hw_claim_unlock>
100004f8:	2c00      	cmp	r4, #0
100004fa:	db02      	blt.n	10000502 <hw_claim_unused_from_range+0x44>
100004fc:	0020      	movs	r0, r4
100004fe:	b003      	add	sp, #12
10000500:	bdf0      	pop	{r4, r5, r6, r7, pc}
10000502:	9b01      	ldr	r3, [sp, #4]
10000504:	2b00      	cmp	r3, #0
10000506:	d0f9      	beq.n	100004fc <hw_claim_unused_from_range+0x3e>
10000508:	9808      	ldr	r0, [sp, #32]
1000050a:	f7ff ff89 	bl	10000420 <panic>
	...

10000510 <next_striped_spin_lock_num>:
10000510:	4a05      	ldr	r2, [pc, #20]	@ (10000528 <next_striped_spin_lock_num+0x18>)
10000512:	7810      	ldrb	r0, [r2, #0]
10000514:	1c43      	adds	r3, r0, #1
10000516:	b2db      	uxtb	r3, r3
10000518:	7013      	strb	r3, [r2, #0]
1000051a:	2b17      	cmp	r3, #23
1000051c:	d902      	bls.n	10000524 <next_striped_spin_lock_num+0x14>
1000051e:	0013      	movs	r3, r2
10000520:	2210      	movs	r2, #16
10000522:	701a      	strb	r2, [r3, #0]
10000524:	4770      	bx	lr
10000526:	46c0      	nop			@ (mov r8, r8)
10000528:	20000bc8 	.word	0x20000bc8

1000052c <spin_lock_claim_unused>:
1000052c:	b500      	push	{lr}
1000052e:	b083      	sub	sp, #12
10000530:	0001      	movs	r1, r0
10000532:	4804      	ldr	r0, [pc, #16]	@ (10000544 <spin_lock_claim_unused+0x18>)
10000534:	4b04      	ldr	r3, [pc, #16]	@ (10000548 <spin_lock_claim_unused+0x1c>)
10000536:	9300      	str	r3, [sp, #0]
10000538:	231f      	movs	r3, #31
1000053a:	2218      	movs	r2, #24
1000053c:	f7ff ffbf 	bl	100004be <hw_claim_unused_from_range>
10000540:	b003      	add	sp, #12
10000542:	bd00      	pop	{pc}
10000544:	2000121c 	.word	0x2000121c
10000548:	10008804 	.word	0x10008804

1000054c <spin_locks_reset>:
1000054c:	2300      	movs	r3, #0
1000054e:	e007      	b.n	10000560 <spin_locks_reset+0x14>
10000550:	4a05      	ldr	r2, [pc, #20]	@ (10000568 <spin_locks_reset+0x1c>)
10000552:	189a      	adds	r2, r3, r2
10000554:	0092      	lsls	r2, r2, #2
10000556:	f3bf 8f5f 	dmb	sy
1000055a:	2100      	movs	r1, #0
1000055c:	6011      	str	r1, [r2, #0]
1000055e:	3301      	adds	r3, #1
10000560:	2b1f      	cmp	r3, #31
10000562:	d9f5      	bls.n	10000550 <spin_locks_reset+0x4>
10000564:	4770      	bx	lr
10000566:	46c0      	nop			@ (mov r8, r8)
10000568:	34000040 	.word	0x34000040

1000056c <set_raw_irq_handler_and_unlock>:
1000056c:	4b07      	ldr	r3, [pc, #28]	@ (1000058c <set_raw_irq_handler_and_unlock+0x20>)
1000056e:	689b      	ldr	r3, [r3, #8]
10000570:	3010      	adds	r0, #16
10000572:	0080      	lsls	r0, r0, #2
10000574:	5019      	str	r1, [r3, r0]
10000576:	f3bf 8f5f 	dmb	sy
1000057a:	f3bf 8f5f 	dmb	sy
1000057e:	4b04      	ldr	r3, [pc, #16]	@ (10000590 <set_raw_irq_handler_and_unlock+0x24>)
10000580:	2100      	movs	r1, #0
10000582:	6019      	str	r1, [r3, #0]
10000584:	f382 8810 	msr	PRIMASK, r2
10000588:	4770      	bx	lr
1000058a:	46c0      	nop			@ (mov r8, r8)
1000058c:	e000ed00 	.word	0xe000ed00
10000590:	d0000124 	.word	0xd0000124

10000594 <nvic_ipr0>:
10000594:	4800      	ldr	r0, [pc, #0]	@ (10000598 <nvic_ipr0+0x4>)
10000596:	4770      	bx	lr
10000598:	e000e400 	.word	0xe000e400

1000059c <runtime_init_per_core_irq_priorities>:
1000059c:	b510      	push	{r4, lr}
1000059e:	f7ff fff9 	bl	10000594 <nvic_ipr0>
100005a2:	2300      	movs	r3, #0
100005a4:	e002      	b.n	100005ac <runtime_init_per_core_irq_priorities+0x10>
100005a6:	4a03      	ldr	r2, [pc, #12]	@ (100005b4 <runtime_init_per_core_irq_priorities+0x18>)
100005a8:	c004      	stmia	r0!, {r2}
100005aa:	3301      	adds	r3, #1
100005ac:	2b07      	cmp	r3, #7
100005ae:	d9fa      	bls.n	100005a6 <runtime_init_per_core_irq_priorities+0xa>
100005b0:	bd10      	pop	{r4, pc}
100005b2:	46c0      	nop			@ (mov r8, r8)
100005b4:	80808080 	.word	0x80808080

100005b8 <resolve_j_16>:
100005b8:	b510      	push	{r4, lr}
100005ba:	8803      	ldrh	r3, [r0, #0]
100005bc:	0ada      	lsrs	r2, r3, #11
100005be:	2a1c      	cmp	r2, #28
100005c0:	d105      	bne.n	100005ce <resolve_j_16+0x16>
100005c2:	055b      	lsls	r3, r3, #21
100005c4:	155b      	asrs	r3, r3, #21
100005c6:	3302      	adds	r3, #2
100005c8:	005b      	lsls	r3, r3, #1
100005ca:	18c0      	adds	r0, r0, r3
100005cc:	bd10      	pop	{r4, pc}
100005ce:	4b03      	ldr	r3, [pc, #12]	@ (100005dc <resolve_j_16+0x24>)
100005d0:	4a03      	ldr	r2, [pc, #12]	@ (100005e0 <resolve_j_16+0x28>)
100005d2:	21a0      	movs	r1, #160	@ 0xa0
100005d4:	4803      	ldr	r0, [pc, #12]	@ (100005e4 <resolve_j_16+0x2c>)
100005d6:	0049      	lsls	r1, r1, #1
100005d8:	f003 f968 	bl	100038ac <__assert_func>
100005dc:	10008820 	.word	0x10008820
100005e0:	10009708 	.word	0x10009708
100005e4:	10008838 	.word	0x10008838

100005e8 <make_j_16>:
100005e8:	b510      	push	{r4, lr}
100005ea:	1a09      	subs	r1, r1, r0
100005ec:	1f0b      	subs	r3, r1, #4
100005ee:	4a0a      	ldr	r2, [pc, #40]	@ (10000618 <make_j_16+0x30>)
100005f0:	1888      	adds	r0, r1, r2
100005f2:	4a0a      	ldr	r2, [pc, #40]	@ (1000061c <make_j_16+0x34>)
100005f4:	4290      	cmp	r0, r2
100005f6:	d808      	bhi.n	1000060a <make_j_16+0x22>
100005f8:	07c9      	lsls	r1, r1, #31
100005fa:	d406      	bmi.n	1000060a <make_j_16+0x22>
100005fc:	105b      	asrs	r3, r3, #1
100005fe:	055b      	lsls	r3, r3, #21
10000600:	0d5b      	lsrs	r3, r3, #21
10000602:	4807      	ldr	r0, [pc, #28]	@ (10000620 <make_j_16+0x38>)
10000604:	4318      	orrs	r0, r3
10000606:	b280      	uxth	r0, r0
10000608:	bd10      	pop	{r4, pc}
1000060a:	4b06      	ldr	r3, [pc, #24]	@ (10000624 <make_j_16+0x3c>)
1000060c:	4a06      	ldr	r2, [pc, #24]	@ (10000628 <make_j_16+0x40>)
1000060e:	2199      	movs	r1, #153	@ 0x99
10000610:	4806      	ldr	r0, [pc, #24]	@ (1000062c <make_j_16+0x44>)
10000612:	0049      	lsls	r1, r1, #1
10000614:	f003 f94a 	bl	100038ac <__assert_func>
10000618:	000007fc 	.word	0x000007fc
1000061c:	00000ffe 	.word	0x00000ffe
10000620:	ffffe000 	.word	0xffffe000
10000624:	10008894 	.word	0x10008894
10000628:	100096fc 	.word	0x100096fc
1000062c:	10008838 	.word	0x10008838

10000630 <irq_is_enabled>:
10000630:	2301      	movs	r3, #1
10000632:	4083      	lsls	r3, r0
10000634:	4a03      	ldr	r2, [pc, #12]	@ (10000644 <irq_is_enabled+0x14>)
10000636:	6810      	ldr	r0, [r2, #0]
10000638:	4018      	ands	r0, r3
1000063a:	1e43      	subs	r3, r0, #1
1000063c:	4198      	sbcs	r0, r3
1000063e:	b2c0      	uxtb	r0, r0
10000640:	4770      	bx	lr
10000642:	46c0      	nop			@ (mov r8, r8)
10000644:	e000e100 	.word	0xe000e100

10000648 <irq_set_mask_n_enabled>:
10000648:	2a00      	cmp	r2, #0
1000064a:	d005      	beq.n	10000658 <irq_set_mask_n_enabled+0x10>
1000064c:	4b04      	ldr	r3, [pc, #16]	@ (10000660 <irq_set_mask_n_enabled+0x18>)
1000064e:	22c0      	movs	r2, #192	@ 0xc0
10000650:	0052      	lsls	r2, r2, #1
10000652:	5099      	str	r1, [r3, r2]
10000654:	6019      	str	r1, [r3, #0]
10000656:	4770      	bx	lr
10000658:	4a01      	ldr	r2, [pc, #4]	@ (10000660 <irq_set_mask_n_enabled+0x18>)
1000065a:	2380      	movs	r3, #128	@ 0x80
1000065c:	50d1      	str	r1, [r2, r3]
1000065e:	e7fa      	b.n	10000656 <irq_set_mask_n_enabled+0xe>
10000660:	e000e100 	.word	0xe000e100

10000664 <irq_set_enabled>:
10000664:	b510      	push	{r4, lr}
10000666:	000a      	movs	r2, r1
10000668:	231f      	movs	r3, #31
1000066a:	4003      	ands	r3, r0
1000066c:	2101      	movs	r1, #1
1000066e:	4099      	lsls	r1, r3
10000670:	0940      	lsrs	r0, r0, #5
10000672:	f7ff ffe9 	bl	10000648 <irq_set_mask_n_enabled>
10000676:	bd10      	pop	{r4, pc}

10000678 <irq_set_pending>:
10000678:	2301      	movs	r3, #1
1000067a:	4083      	lsls	r3, r0
1000067c:	4902      	ldr	r1, [pc, #8]	@ (10000688 <irq_set_pending+0x10>)
1000067e:	2280      	movs	r2, #128	@ 0x80
10000680:	0052      	lsls	r2, r2, #1
10000682:	508b      	str	r3, [r1, r2]
10000684:	4770      	bx	lr
10000686:	46c0      	nop			@ (mov r8, r8)
10000688:	e000e100 	.word	0xe000e100

1000068c <irq_get_vtable_handler>:
1000068c:	4b02      	ldr	r3, [pc, #8]	@ (10000698 <irq_get_vtable_handler+0xc>)
1000068e:	689b      	ldr	r3, [r3, #8]
10000690:	3010      	adds	r0, #16
10000692:	0080      	lsls	r0, r0, #2
10000694:	58c0      	ldr	r0, [r0, r3]
10000696:	4770      	bx	lr
10000698:	e000ed00 	.word	0xe000ed00

1000069c <irq_has_shared_handler>:
1000069c:	b510      	push	{r4, lr}
1000069e:	f7ff fff5 	bl	1000068c <irq_get_vtable_handler>
100006a2:	4b04      	ldr	r3, [pc, #16]	@ (100006b4 <irq_has_shared_handler+0x18>)
100006a4:	1ac3      	subs	r3, r0, r3
100006a6:	2000      	movs	r0, #0
100006a8:	2247      	movs	r2, #71	@ 0x47
100006aa:	429a      	cmp	r2, r3
100006ac:	4140      	adcs	r0, r0
100006ae:	b2c0      	uxtb	r0, r0
100006b0:	bd10      	pop	{r4, pc}
100006b2:	46c0      	nop			@ (mov r8, r8)
100006b4:	20000bcc 	.word	0x20000bcc

100006b8 <irq_set_exclusive_handler>:
100006b8:	b570      	push	{r4, r5, r6, lr}
100006ba:	0005      	movs	r5, r0
100006bc:	000e      	movs	r6, r1
100006be:	f3ef 8410 	mrs	r4, PRIMASK
100006c2:	b672      	cpsid	i
100006c4:	4b0d      	ldr	r3, [pc, #52]	@ (100006fc <irq_set_exclusive_handler+0x44>)
100006c6:	681b      	ldr	r3, [r3, #0]
100006c8:	2b00      	cmp	r3, #0
100006ca:	d0fb      	beq.n	100006c4 <irq_set_exclusive_handler+0xc>
100006cc:	f3bf 8f5f 	dmb	sy
100006d0:	0028      	movs	r0, r5
100006d2:	f7ff ffdb 	bl	1000068c <irq_get_vtable_handler>
100006d6:	4b0a      	ldr	r3, [pc, #40]	@ (10000700 <irq_set_exclusive_handler+0x48>)
100006d8:	4298      	cmp	r0, r3
100006da:	d001      	beq.n	100006e0 <irq_set_exclusive_handler+0x28>
100006dc:	42b0      	cmp	r0, r6
100006de:	d105      	bne.n	100006ec <irq_set_exclusive_handler+0x34>
100006e0:	0022      	movs	r2, r4
100006e2:	0031      	movs	r1, r6
100006e4:	0028      	movs	r0, r5
100006e6:	f7ff ff41 	bl	1000056c <set_raw_irq_handler_and_unlock>
100006ea:	bd70      	pop	{r4, r5, r6, pc}
100006ec:	4b05      	ldr	r3, [pc, #20]	@ (10000704 <irq_set_exclusive_handler+0x4c>)
100006ee:	4a06      	ldr	r2, [pc, #24]	@ (10000708 <irq_set_exclusive_handler+0x50>)
100006f0:	2112      	movs	r1, #18
100006f2:	4806      	ldr	r0, [pc, #24]	@ (1000070c <irq_set_exclusive_handler+0x54>)
100006f4:	31ff      	adds	r1, #255	@ 0xff
100006f6:	f003 f8d9 	bl	100038ac <__assert_func>
100006fa:	46c0      	nop			@ (mov r8, r8)
100006fc:	d0000124 	.word	0xd0000124
10000700:	100001c1 	.word	0x100001c1
10000704:	100088c4 	.word	0x100088c4
10000708:	10009730 	.word	0x10009730
1000070c:	10008838 	.word	0x10008838

10000710 <irq_add_shared_handler>:
10000710:	b5f0      	push	{r4, r5, r6, r7, lr}
10000712:	46de      	mov	lr, fp
10000714:	4657      	mov	r7, sl
10000716:	464e      	mov	r6, r9
10000718:	4645      	mov	r5, r8
1000071a:	b5e0      	push	{r5, r6, r7, lr}
1000071c:	b089      	sub	sp, #36	@ 0x24
1000071e:	4681      	mov	r9, r0
10000720:	9101      	str	r1, [sp, #4]
10000722:	0015      	movs	r5, r2
10000724:	f3ef 8310 	mrs	r3, PRIMASK
10000728:	b672      	cpsid	i
1000072a:	469a      	mov	sl, r3
1000072c:	4b6e      	ldr	r3, [pc, #440]	@ (100008e8 <irq_add_shared_handler+0x1d8>)
1000072e:	681b      	ldr	r3, [r3, #0]
10000730:	2b00      	cmp	r3, #0
10000732:	d0fb      	beq.n	1000072c <irq_add_shared_handler+0x1c>
10000734:	f3bf 8f5f 	dmb	sy
10000738:	4b6c      	ldr	r3, [pc, #432]	@ (100008ec <irq_add_shared_handler+0x1dc>)
1000073a:	2600      	movs	r6, #0
1000073c:	579e      	ldrsb	r6, [r3, r6]
1000073e:	2e00      	cmp	r6, #0
10000740:	db40      	blt.n	100007c4 <irq_add_shared_handler+0xb4>
10000742:	0074      	lsls	r4, r6, #1
10000744:	19a4      	adds	r4, r4, r6
10000746:	00a4      	lsls	r4, r4, #2
10000748:	4869      	ldr	r0, [pc, #420]	@ (100008f0 <irq_add_shared_handler+0x1e0>)
1000074a:	1823      	adds	r3, r4, r0
1000074c:	469b      	mov	fp, r3
1000074e:	2206      	movs	r2, #6
10000750:	569a      	ldrsb	r2, [r3, r2]
10000752:	4b66      	ldr	r3, [pc, #408]	@ (100008ec <irq_add_shared_handler+0x1dc>)
10000754:	701a      	strb	r2, [r3, #0]
10000756:	4b67      	ldr	r3, [pc, #412]	@ (100008f4 <irq_add_shared_handler+0x1e4>)
10000758:	689a      	ldr	r2, [r3, #8]
1000075a:	464b      	mov	r3, r9
1000075c:	3310      	adds	r3, #16
1000075e:	009b      	lsls	r3, r3, #2
10000760:	58d7      	ldr	r7, [r2, r3]
10000762:	1a3b      	subs	r3, r7, r0
10000764:	2b47      	cmp	r3, #71	@ 0x47
10000766:	d93b      	bls.n	100007e0 <irq_add_shared_handler+0xd0>
10000768:	4b63      	ldr	r3, [pc, #396]	@ (100008f8 <irq_add_shared_handler+0x1e8>)
1000076a:	429f      	cmp	r7, r3
1000076c:	d131      	bne.n	100007d2 <irq_add_shared_handler+0xc2>
1000076e:	af05      	add	r7, sp, #20
10000770:	4b62      	ldr	r3, [pc, #392]	@ (100008fc <irq_add_shared_handler+0x1ec>)
10000772:	803b      	strh	r3, [r7, #0]
10000774:	4962      	ldr	r1, [pc, #392]	@ (10000900 <irq_add_shared_handler+0x1f0>)
10000776:	0073      	lsls	r3, r6, #1
10000778:	9302      	str	r3, [sp, #8]
1000077a:	1998      	adds	r0, r3, r6
1000077c:	0080      	lsls	r0, r0, #2
1000077e:	4c5c      	ldr	r4, [pc, #368]	@ (100008f0 <irq_add_shared_handler+0x1e0>)
10000780:	1900      	adds	r0, r0, r4
10000782:	3002      	adds	r0, #2
10000784:	f7ff ff30 	bl	100005e8 <make_j_16>
10000788:	8078      	strh	r0, [r7, #2]
1000078a:	4b5e      	ldr	r3, [pc, #376]	@ (10000904 <irq_add_shared_handler+0x1f4>)
1000078c:	80bb      	strh	r3, [r7, #4]
1000078e:	23ff      	movs	r3, #255	@ 0xff
10000790:	71bb      	strb	r3, [r7, #6]
10000792:	71fd      	strb	r5, [r7, #7]
10000794:	9a01      	ldr	r2, [sp, #4]
10000796:	9207      	str	r2, [sp, #28]
10000798:	9b02      	ldr	r3, [sp, #8]
1000079a:	199b      	adds	r3, r3, r6
1000079c:	009b      	lsls	r3, r3, #2
1000079e:	18e3      	adds	r3, r4, r3
100007a0:	cf07      	ldmia	r7!, {r0, r1, r2}
100007a2:	c307      	stmia	r3!, {r0, r1, r2}
100007a4:	2701      	movs	r7, #1
100007a6:	465b      	mov	r3, fp
100007a8:	433b      	orrs	r3, r7
100007aa:	001f      	movs	r7, r3
100007ac:	4652      	mov	r2, sl
100007ae:	0039      	movs	r1, r7
100007b0:	4648      	mov	r0, r9
100007b2:	f7ff fedb 	bl	1000056c <set_raw_irq_handler_and_unlock>
100007b6:	b009      	add	sp, #36	@ 0x24
100007b8:	bcf0      	pop	{r4, r5, r6, r7}
100007ba:	46bb      	mov	fp, r7
100007bc:	46b2      	mov	sl, r6
100007be:	46a9      	mov	r9, r5
100007c0:	46a0      	mov	r8, r4
100007c2:	bdf0      	pop	{r4, r5, r6, r7, pc}
100007c4:	4b50      	ldr	r3, [pc, #320]	@ (10000908 <irq_add_shared_handler+0x1f8>)
100007c6:	4a51      	ldr	r2, [pc, #324]	@ (1000090c <irq_add_shared_handler+0x1fc>)
100007c8:	21d0      	movs	r1, #208	@ 0xd0
100007ca:	4851      	ldr	r0, [pc, #324]	@ (10000910 <irq_add_shared_handler+0x200>)
100007cc:	0049      	lsls	r1, r1, #1
100007ce:	f003 f86d 	bl	100038ac <__assert_func>
100007d2:	4b50      	ldr	r3, [pc, #320]	@ (10000914 <irq_add_shared_handler+0x204>)
100007d4:	4a4d      	ldr	r2, [pc, #308]	@ (1000090c <irq_add_shared_handler+0x1fc>)
100007d6:	21a8      	movs	r1, #168	@ 0xa8
100007d8:	484d      	ldr	r0, [pc, #308]	@ (10000910 <irq_add_shared_handler+0x200>)
100007da:	31ff      	adds	r1, #255	@ 0xff
100007dc:	f003 f866 	bl	100038ac <__assert_func>
100007e0:	2301      	movs	r3, #1
100007e2:	003a      	movs	r2, r7
100007e4:	439a      	bics	r2, r3
100007e6:	4690      	mov	r8, r2
100007e8:	1a10      	subs	r0, r2, r0
100007ea:	210c      	movs	r1, #12
100007ec:	f001 f862 	bl	100018b4 <__wrap___aeabi_uidiv>
100007f0:	2900      	cmp	r1, #0
100007f2:	d10f      	bne.n	10000814 <irq_add_shared_handler+0x104>
100007f4:	4643      	mov	r3, r8
100007f6:	2400      	movs	r4, #0
100007f8:	79da      	ldrb	r2, [r3, #7]
100007fa:	42aa      	cmp	r2, r5
100007fc:	d912      	bls.n	10000824 <irq_add_shared_handler+0x114>
100007fe:	2106      	movs	r1, #6
10000800:	5659      	ldrsb	r1, [r3, r1]
10000802:	2900      	cmp	r1, #0
10000804:	db0d      	blt.n	10000822 <irq_add_shared_handler+0x112>
10000806:	004a      	lsls	r2, r1, #1
10000808:	1852      	adds	r2, r2, r1
1000080a:	0092      	lsls	r2, r2, #2
1000080c:	4938      	ldr	r1, [pc, #224]	@ (100008f0 <irq_add_shared_handler+0x1e0>)
1000080e:	001c      	movs	r4, r3
10000810:	188b      	adds	r3, r1, r2
10000812:	e7f1      	b.n	100007f8 <irq_add_shared_handler+0xe8>
10000814:	4b40      	ldr	r3, [pc, #256]	@ (10000918 <irq_add_shared_handler+0x208>)
10000816:	4a3d      	ldr	r2, [pc, #244]	@ (1000090c <irq_add_shared_handler+0x1fc>)
10000818:	21dc      	movs	r1, #220	@ 0xdc
1000081a:	483d      	ldr	r0, [pc, #244]	@ (10000910 <irq_add_shared_handler+0x200>)
1000081c:	0049      	lsls	r1, r1, #1
1000081e:	f003 f845 	bl	100038ac <__assert_func>
10000822:	001c      	movs	r4, r3
10000824:	2c00      	cmp	r4, #0
10000826:	d02d      	beq.n	10000884 <irq_add_shared_handler+0x174>
10000828:	ab05      	add	r3, sp, #20
1000082a:	4a3c      	ldr	r2, [pc, #240]	@ (1000091c <irq_add_shared_handler+0x20c>)
1000082c:	801a      	strh	r2, [r3, #0]
1000082e:	3a81      	subs	r2, #129	@ 0x81
10000830:	805a      	strh	r2, [r3, #2]
10000832:	2306      	movs	r3, #6
10000834:	56e3      	ldrsb	r3, [r4, r3]
10000836:	4698      	mov	r8, r3
10000838:	2b00      	cmp	r3, #0
1000083a:	da16      	bge.n	1000086a <irq_add_shared_handler+0x15a>
1000083c:	4838      	ldr	r0, [pc, #224]	@ (10000920 <irq_add_shared_handler+0x210>)
1000083e:	ab04      	add	r3, sp, #16
10000840:	8118      	strh	r0, [r3, #8]
10000842:	4642      	mov	r2, r8
10000844:	729a      	strb	r2, [r3, #10]
10000846:	72dd      	strb	r5, [r3, #11]
10000848:	9b01      	ldr	r3, [sp, #4]
1000084a:	9307      	str	r3, [sp, #28]
1000084c:	1d20      	adds	r0, r4, #4
1000084e:	4659      	mov	r1, fp
10000850:	f7ff feca 	bl	100005e8 <make_j_16>
10000854:	80a0      	strh	r0, [r4, #4]
10000856:	71a6      	strb	r6, [r4, #6]
10000858:	4b25      	ldr	r3, [pc, #148]	@ (100008f0 <irq_add_shared_handler+0x1e0>)
1000085a:	0072      	lsls	r2, r6, #1
1000085c:	1992      	adds	r2, r2, r6
1000085e:	0092      	lsls	r2, r2, #2
10000860:	189b      	adds	r3, r3, r2
10000862:	aa05      	add	r2, sp, #20
10000864:	ca13      	ldmia	r2!, {r0, r1, r4}
10000866:	c313      	stmia	r3!, {r0, r1, r4}
10000868:	e7a0      	b.n	100007ac <irq_add_shared_handler+0x9c>
1000086a:	1d20      	adds	r0, r4, #4
1000086c:	f7ff fea4 	bl	100005b8 <resolve_j_16>
10000870:	0001      	movs	r1, r0
10000872:	0070      	lsls	r0, r6, #1
10000874:	1980      	adds	r0, r0, r6
10000876:	0080      	lsls	r0, r0, #2
10000878:	4b1d      	ldr	r3, [pc, #116]	@ (100008f0 <irq_add_shared_handler+0x1e0>)
1000087a:	18c0      	adds	r0, r0, r3
1000087c:	3004      	adds	r0, #4
1000087e:	f7ff feb3 	bl	100005e8 <make_j_16>
10000882:	e7dc      	b.n	1000083e <irq_add_shared_handler+0x12e>
10000884:	af05      	add	r7, sp, #20
10000886:	4b1d      	ldr	r3, [pc, #116]	@ (100008fc <irq_add_shared_handler+0x1ec>)
10000888:	803b      	strh	r3, [r7, #0]
1000088a:	491d      	ldr	r1, [pc, #116]	@ (10000900 <irq_add_shared_handler+0x1f0>)
1000088c:	0073      	lsls	r3, r6, #1
1000088e:	9302      	str	r3, [sp, #8]
10000890:	199b      	adds	r3, r3, r6
10000892:	009b      	lsls	r3, r3, #2
10000894:	4c16      	ldr	r4, [pc, #88]	@ (100008f0 <irq_add_shared_handler+0x1e0>)
10000896:	0018      	movs	r0, r3
10000898:	46a4      	mov	ip, r4
1000089a:	4460      	add	r0, ip
1000089c:	9003      	str	r0, [sp, #12]
1000089e:	3002      	adds	r0, #2
100008a0:	f7ff fea2 	bl	100005e8 <make_j_16>
100008a4:	8078      	strh	r0, [r7, #2]
100008a6:	9a03      	ldr	r2, [sp, #12]
100008a8:	1d10      	adds	r0, r2, #4
100008aa:	4641      	mov	r1, r8
100008ac:	f7ff fe9c 	bl	100005e8 <make_j_16>
100008b0:	80b8      	strh	r0, [r7, #4]
100008b2:	4b1c      	ldr	r3, [pc, #112]	@ (10000924 <irq_add_shared_handler+0x214>)
100008b4:	4642      	mov	r2, r8
100008b6:	1b12      	subs	r2, r2, r4
100008b8:	4152      	adcs	r2, r2
100008ba:	4353      	muls	r3, r2
100008bc:	0d1b      	lsrs	r3, r3, #20
100008be:	71bb      	strb	r3, [r7, #6]
100008c0:	71fd      	strb	r5, [r7, #7]
100008c2:	9901      	ldr	r1, [sp, #4]
100008c4:	9107      	str	r1, [sp, #28]
100008c6:	9b02      	ldr	r3, [sp, #8]
100008c8:	199b      	adds	r3, r3, r6
100008ca:	009b      	lsls	r3, r3, #2
100008cc:	46a4      	mov	ip, r4
100008ce:	4463      	add	r3, ip
100008d0:	cf07      	ldmia	r7!, {r0, r1, r2}
100008d2:	c307      	stmia	r3!, {r0, r1, r2}
100008d4:	4b11      	ldr	r3, [pc, #68]	@ (1000091c <irq_add_shared_handler+0x20c>)
100008d6:	4642      	mov	r2, r8
100008d8:	8013      	strh	r3, [r2, #0]
100008da:	3b81      	subs	r3, #129	@ 0x81
100008dc:	8053      	strh	r3, [r2, #2]
100008de:	2701      	movs	r7, #1
100008e0:	465b      	mov	r3, fp
100008e2:	433b      	orrs	r3, r7
100008e4:	001f      	movs	r7, r3
100008e6:	e761      	b.n	100007ac <irq_add_shared_handler+0x9c>
100008e8:	d0000124 	.word	0xd0000124
100008ec:	20011abc 	.word	0x20011abc
100008f0:	20000bcc 	.word	0x20000bcc
100008f4:	e000ed00 	.word	0xe000ed00
100008f8:	100001c1 	.word	0x100001c1
100008fc:	ffffa100 	.word	0xffffa100
10000900:	20000c14 	.word	0x20000c14
10000904:	ffffbd01 	.word	0xffffbd01
10000908:	100088fc 	.word	0x100088fc
1000090c:	10009718 	.word	0x10009718
10000910:	10008838 	.word	0x10008838
10000914:	10008924 	.word	0x10008924
10000918:	1000894c 	.word	0x1000894c
1000091c:	00004801 	.word	0x00004801
10000920:	0000bd01 	.word	0x0000bd01
10000924:	0000aaaa 	.word	0x0000aaaa

10000928 <irq_set_priority>:
10000928:	b570      	push	{r4, r5, r6, lr}
1000092a:	0004      	movs	r4, r0
1000092c:	000d      	movs	r5, r1
1000092e:	f7ff fe31 	bl	10000594 <nvic_ipr0>
10000932:	08a3      	lsrs	r3, r4, #2
10000934:	009b      	lsls	r3, r3, #2
10000936:	18c2      	adds	r2, r0, r3
10000938:	6811      	ldr	r1, [r2, #0]
1000093a:	2303      	movs	r3, #3
1000093c:	4023      	ands	r3, r4
1000093e:	00db      	lsls	r3, r3, #3
10000940:	20ff      	movs	r0, #255	@ 0xff
10000942:	4098      	lsls	r0, r3
10000944:	4381      	bics	r1, r0
10000946:	0028      	movs	r0, r5
10000948:	4098      	lsls	r0, r3
1000094a:	4301      	orrs	r1, r0
1000094c:	6011      	str	r1, [r2, #0]
1000094e:	bd70      	pop	{r4, r5, r6, pc}

10000950 <irq_add_tail_to_free_list>:
10000950:	b570      	push	{r4, r5, r6, lr}
10000952:	2201      	movs	r2, #1
10000954:	4302      	orrs	r2, r0
10000956:	4b2d      	ldr	r3, [pc, #180]	@ (10000a0c <irq_add_tail_to_free_list+0xbc>)
10000958:	1ad3      	subs	r3, r2, r3
1000095a:	2b47      	cmp	r3, #71	@ 0x47
1000095c:	d829      	bhi.n	100009b2 <irq_add_tail_to_free_list+0x62>
1000095e:	f3ef 8305 	mrs	r3, IPSR
10000962:	2b00      	cmp	r3, #0
10000964:	d02b      	beq.n	100009be <irq_add_tail_to_free_list+0x6e>
10000966:	f3ef 8110 	mrs	r1, PRIMASK
1000096a:	b672      	cpsid	i
1000096c:	468c      	mov	ip, r1
1000096e:	4928      	ldr	r1, [pc, #160]	@ (10000a10 <irq_add_tail_to_free_list+0xc0>)
10000970:	6809      	ldr	r1, [r1, #0]
10000972:	2900      	cmp	r1, #0
10000974:	d0fb      	beq.n	1000096e <irq_add_tail_to_free_list+0x1e>
10000976:	f3bf 8f5f 	dmb	sy
1000097a:	4924      	ldr	r1, [pc, #144]	@ (10000a0c <irq_add_tail_to_free_list+0xbc>)
1000097c:	4c25      	ldr	r4, [pc, #148]	@ (10000a14 <irq_add_tail_to_free_list+0xc4>)
1000097e:	0005      	movs	r5, r0
10000980:	1a6d      	subs	r5, r5, r1
10000982:	416d      	adcs	r5, r5
10000984:	436c      	muls	r4, r5
10000986:	0d24      	lsrs	r4, r4, #20
10000988:	b264      	sxtb	r4, r4
1000098a:	4923      	ldr	r1, [pc, #140]	@ (10000a18 <irq_add_tail_to_free_list+0xc8>)
1000098c:	6889      	ldr	r1, [r1, #8]
1000098e:	009b      	lsls	r3, r3, #2
10000990:	58c9      	ldr	r1, [r1, r3]
10000992:	4291      	cmp	r1, r2
10000994:	d019      	beq.n	100009ca <irq_add_tail_to_free_list+0x7a>
10000996:	2100      	movs	r1, #0
10000998:	2905      	cmp	r1, #5
1000099a:	d830      	bhi.n	100009fe <irq_add_tail_to_free_list+0xae>
1000099c:	4b1b      	ldr	r3, [pc, #108]	@ (10000a0c <irq_add_tail_to_free_list+0xbc>)
1000099e:	004a      	lsls	r2, r1, #1
100009a0:	1852      	adds	r2, r2, r1
100009a2:	0092      	lsls	r2, r2, #2
100009a4:	189b      	adds	r3, r3, r2
100009a6:	799b      	ldrb	r3, [r3, #6]
100009a8:	b25b      	sxtb	r3, r3
100009aa:	42a3      	cmp	r3, r4
100009ac:	d01d      	beq.n	100009ea <irq_add_tail_to_free_list+0x9a>
100009ae:	3101      	adds	r1, #1
100009b0:	e7f2      	b.n	10000998 <irq_add_tail_to_free_list+0x48>
100009b2:	4b1a      	ldr	r3, [pc, #104]	@ (10000a1c <irq_add_tail_to_free_list+0xcc>)
100009b4:	4a1a      	ldr	r2, [pc, #104]	@ (10000a20 <irq_add_tail_to_free_list+0xd0>)
100009b6:	481b      	ldr	r0, [pc, #108]	@ (10000a24 <irq_add_tail_to_free_list+0xd4>)
100009b8:	491b      	ldr	r1, [pc, #108]	@ (10000a28 <irq_add_tail_to_free_list+0xd8>)
100009ba:	f002 ff77 	bl	100038ac <__assert_func>
100009be:	4b1b      	ldr	r3, [pc, #108]	@ (10000a2c <irq_add_tail_to_free_list+0xdc>)
100009c0:	4a17      	ldr	r2, [pc, #92]	@ (10000a20 <irq_add_tail_to_free_list+0xd0>)
100009c2:	4818      	ldr	r0, [pc, #96]	@ (10000a24 <irq_add_tail_to_free_list+0xd4>)
100009c4:	491a      	ldr	r1, [pc, #104]	@ (10000a30 <irq_add_tail_to_free_list+0xe0>)
100009c6:	f002 ff71 	bl	100038ac <__assert_func>
100009ca:	4a13      	ldr	r2, [pc, #76]	@ (10000a18 <irq_add_tail_to_free_list+0xc8>)
100009cc:	6892      	ldr	r2, [r2, #8]
100009ce:	4919      	ldr	r1, [pc, #100]	@ (10000a34 <irq_add_tail_to_free_list+0xe4>)
100009d0:	50d1      	str	r1, [r2, r3]
100009d2:	4b19      	ldr	r3, [pc, #100]	@ (10000a38 <irq_add_tail_to_free_list+0xe8>)
100009d4:	781a      	ldrb	r2, [r3, #0]
100009d6:	7182      	strb	r2, [r0, #6]
100009d8:	701c      	strb	r4, [r3, #0]
100009da:	f3bf 8f5f 	dmb	sy
100009de:	4b0c      	ldr	r3, [pc, #48]	@ (10000a10 <irq_add_tail_to_free_list+0xc0>)
100009e0:	2200      	movs	r2, #0
100009e2:	601a      	str	r2, [r3, #0]
100009e4:	f38c 8810 	msr	PRIMASK, ip
100009e8:	bd70      	pop	{r4, r5, r6, pc}
100009ea:	4b08      	ldr	r3, [pc, #32]	@ (10000a0c <irq_add_tail_to_free_list+0xbc>)
100009ec:	004a      	lsls	r2, r1, #1
100009ee:	1855      	adds	r5, r2, r1
100009f0:	00ad      	lsls	r5, r5, #2
100009f2:	195d      	adds	r5, r3, r5
100009f4:	26ff      	movs	r6, #255	@ 0xff
100009f6:	71ae      	strb	r6, [r5, #6]
100009f8:	4a10      	ldr	r2, [pc, #64]	@ (10000a3c <irq_add_tail_to_free_list+0xec>)
100009fa:	80aa      	strh	r2, [r5, #4]
100009fc:	e7e9      	b.n	100009d2 <irq_add_tail_to_free_list+0x82>
100009fe:	4b10      	ldr	r3, [pc, #64]	@ (10000a40 <irq_add_tail_to_free_list+0xf0>)
10000a00:	4a07      	ldr	r2, [pc, #28]	@ (10000a20 <irq_add_tail_to_free_list+0xd0>)
10000a02:	4808      	ldr	r0, [pc, #32]	@ (10000a24 <irq_add_tail_to_free_list+0xd4>)
10000a04:	490f      	ldr	r1, [pc, #60]	@ (10000a44 <irq_add_tail_to_free_list+0xf4>)
10000a06:	f002 ff51 	bl	100038ac <__assert_func>
10000a0a:	46c0      	nop			@ (mov r8, r8)
10000a0c:	20000bcc 	.word	0x20000bcc
10000a10:	d0000124 	.word	0xd0000124
10000a14:	0000aaaa 	.word	0x0000aaaa
10000a18:	e000ed00 	.word	0xe000ed00
10000a1c:	100089d0 	.word	0x100089d0
10000a20:	100096e0 	.word	0x100096e0
10000a24:	10008838 	.word	0x10008838
10000a28:	000002a3 	.word	0x000002a3
10000a2c:	100089f8 	.word	0x100089f8
10000a30:	000002a6 	.word	0x000002a6
10000a34:	100001c1 	.word	0x100001c1
10000a38:	20011abc 	.word	0x20011abc
10000a3c:	ffffbd01 	.word	0xffffbd01
10000a40:	10008a04 	.word	0x10008a04
10000a44:	000002b7 	.word	0x000002b7

10000a48 <user_irq_claim_unused>:
10000a48:	b500      	push	{lr}
10000a4a:	b083      	sub	sp, #12
10000a4c:	0001      	movs	r1, r0
10000a4e:	4806      	ldr	r0, [pc, #24]	@ (10000a68 <user_irq_claim_unused+0x20>)
10000a50:	4b06      	ldr	r3, [pc, #24]	@ (10000a6c <user_irq_claim_unused+0x24>)
10000a52:	9300      	str	r3, [sp, #0]
10000a54:	2305      	movs	r3, #5
10000a56:	2200      	movs	r2, #0
10000a58:	f7ff fd31 	bl	100004be <hw_claim_unused_from_range>
10000a5c:	2800      	cmp	r0, #0
10000a5e:	db01      	blt.n	10000a64 <user_irq_claim_unused+0x1c>
10000a60:	231f      	movs	r3, #31
10000a62:	1a18      	subs	r0, r3, r0
10000a64:	b003      	add	sp, #12
10000a66:	bd00      	pop	{pc}
10000a68:	20011ac0 	.word	0x20011ac0
10000a6c:	10008a0c 	.word	0x10008a0c

10000a70 <lock_init>:
10000a70:	4b02      	ldr	r3, [pc, #8]	@ (10000a7c <lock_init+0xc>)
10000a72:	469c      	mov	ip, r3
10000a74:	4461      	add	r1, ip
10000a76:	0089      	lsls	r1, r1, #2
10000a78:	6001      	str	r1, [r0, #0]
10000a7a:	4770      	bx	lr
10000a7c:	34000040 	.word	0x34000040

10000a80 <mutex_init>:
10000a80:	b510      	push	{r4, lr}
10000a82:	0004      	movs	r4, r0
10000a84:	f7ff fd44 	bl	10000510 <next_striped_spin_lock_num>
10000a88:	0001      	movs	r1, r0
10000a8a:	0020      	movs	r0, r4
10000a8c:	f7ff fff0 	bl	10000a70 <lock_init>
10000a90:	2301      	movs	r3, #1
10000a92:	425b      	negs	r3, r3
10000a94:	6063      	str	r3, [r4, #4]
10000a96:	f3bf 8f5f 	dmb	sy
10000a9a:	bd10      	pop	{r4, pc}

10000a9c <recursive_mutex_init>:
10000a9c:	b510      	push	{r4, lr}
10000a9e:	0004      	movs	r4, r0
10000aa0:	f7ff fd36 	bl	10000510 <next_striped_spin_lock_num>
10000aa4:	0001      	movs	r1, r0
10000aa6:	0020      	movs	r0, r4
10000aa8:	f7ff ffe2 	bl	10000a70 <lock_init>
10000aac:	2301      	movs	r3, #1
10000aae:	425b      	negs	r3, r3
10000ab0:	6063      	str	r3, [r4, #4]
10000ab2:	2300      	movs	r3, #0
10000ab4:	7223      	strb	r3, [r4, #8]
10000ab6:	f3bf 8f5f 	dmb	sy
10000aba:	bd10      	pop	{r4, pc}

10000abc <runtime_init_mutex>:
10000abc:	b510      	push	{r4, lr}
10000abe:	4c0d      	ldr	r4, [pc, #52]	@ (10000af4 <runtime_init_mutex+0x38>)
10000ac0:	e009      	b.n	10000ad6 <runtime_init_mutex+0x1a>
10000ac2:	4b0d      	ldr	r3, [pc, #52]	@ (10000af8 <runtime_init_mutex+0x3c>)
10000ac4:	4a0d      	ldr	r2, [pc, #52]	@ (10000afc <runtime_init_mutex+0x40>)
10000ac6:	480e      	ldr	r0, [pc, #56]	@ (10000b00 <runtime_init_mutex+0x44>)
10000ac8:	211a      	movs	r1, #26
10000aca:	f002 feef 	bl	100038ac <__assert_func>
10000ace:	0020      	movs	r0, r4
10000ad0:	f7ff ffd6 	bl	10000a80 <mutex_init>
10000ad4:	3408      	adds	r4, #8
10000ad6:	4b0b      	ldr	r3, [pc, #44]	@ (10000b04 <runtime_init_mutex+0x48>)
10000ad8:	429c      	cmp	r4, r3
10000ada:	d209      	bcs.n	10000af0 <runtime_init_mutex+0x34>
10000adc:	6823      	ldr	r3, [r4, #0]
10000ade:	2b00      	cmp	r3, #0
10000ae0:	d0f5      	beq.n	10000ace <runtime_init_mutex+0x12>
10000ae2:	2b01      	cmp	r3, #1
10000ae4:	d1ed      	bne.n	10000ac2 <runtime_init_mutex+0x6>
10000ae6:	0020      	movs	r0, r4
10000ae8:	f7ff ffd8 	bl	10000a9c <recursive_mutex_init>
10000aec:	340c      	adds	r4, #12
10000aee:	e7f2      	b.n	10000ad6 <runtime_init_mutex+0x1a>
10000af0:	bd10      	pop	{r4, pc}
10000af2:	46c0      	nop			@ (mov r8, r8)
10000af4:	20000ca8 	.word	0x20000ca8
10000af8:	10008a28 	.word	0x10008a28
10000afc:	10009770 	.word	0x10009770
10000b00:	10008a48 	.word	0x10008a48
10000b04:	20000cb8 	.word	0x20000cb8

10000b08 <critical_section_init_with_lock_num>:
10000b08:	4b03      	ldr	r3, [pc, #12]	@ (10000b18 <critical_section_init_with_lock_num+0x10>)
10000b0a:	469c      	mov	ip, r3
10000b0c:	4461      	add	r1, ip
10000b0e:	0089      	lsls	r1, r1, #2
10000b10:	6001      	str	r1, [r0, #0]
10000b12:	f3bf 8f5f 	dmb	sy
10000b16:	4770      	bx	lr
10000b18:	34000040 	.word	0x34000040

10000b1c <critical_section_init>:
10000b1c:	b510      	push	{r4, lr}
10000b1e:	0004      	movs	r4, r0
10000b20:	2001      	movs	r0, #1
10000b22:	f7ff fd03 	bl	1000052c <spin_lock_claim_unused>
10000b26:	0001      	movs	r1, r0
10000b28:	0020      	movs	r0, r4
10000b2a:	f7ff ffed 	bl	10000b08 <critical_section_init_with_lock_num>
10000b2e:	bd10      	pop	{r4, pc}

10000b30 <ta_set_timeout>:
10000b30:	b530      	push	{r4, r5, lr}
10000b32:	6a83      	ldr	r3, [r0, #40]	@ 0x28
10000b34:	469c      	mov	ip, r3
10000b36:	1ad4      	subs	r4, r2, r3
10000b38:	1d0b      	adds	r3, r1, #4
10000b3a:	009b      	lsls	r3, r3, #2
10000b3c:	581b      	ldr	r3, [r3, r0]
10000b3e:	4665      	mov	r5, ip
10000b40:	1b5b      	subs	r3, r3, r5
10000b42:	429c      	cmp	r4, r3
10000b44:	d304      	bcc.n	10000b50 <ta_set_timeout+0x20>
10000b46:	6a04      	ldr	r4, [r0, #32]
10000b48:	2301      	movs	r3, #1
10000b4a:	408b      	lsls	r3, r1
10000b4c:	4223      	tst	r3, r4
10000b4e:	d102      	bne.n	10000b56 <ta_set_timeout+0x26>
10000b50:	3104      	adds	r1, #4
10000b52:	0089      	lsls	r1, r1, #2
10000b54:	500a      	str	r2, [r1, r0]
10000b56:	bd30      	pop	{r4, r5, pc}

10000b58 <make_alarm_id>:
10000b58:	0400      	lsls	r0, r0, #16
10000b5a:	4308      	orrs	r0, r1
10000b5c:	4770      	bx	lr
	...

10000b60 <alarm_pool_irq_handler>:
10000b60:	b5f0      	push	{r4, r5, r6, r7, lr}
10000b62:	46de      	mov	lr, fp
10000b64:	4657      	mov	r7, sl
10000b66:	464e      	mov	r6, r9
10000b68:	4645      	mov	r5, r8
10000b6a:	b5e0      	push	{r5, r6, r7, lr}
10000b6c:	b083      	sub	sp, #12
10000b6e:	f3ef 8305 	mrs	r3, IPSR
10000b72:	2203      	movs	r2, #3
10000b74:	401a      	ands	r2, r3
10000b76:	9200      	str	r2, [sp, #0]
10000b78:	4bb8      	ldr	r3, [pc, #736]	@ (10000e5c <alarm_pool_irq_handler+0x2fc>)
10000b7a:	0092      	lsls	r2, r2, #2
10000b7c:	58d3      	ldr	r3, [r2, r3]
10000b7e:	4698      	mov	r8, r3
10000b80:	781b      	ldrb	r3, [r3, #0]
10000b82:	9a00      	ldr	r2, [sp, #0]
10000b84:	4293      	cmp	r3, r2
10000b86:	d107      	bne.n	10000b98 <alarm_pool_irq_handler+0x38>
10000b88:	2301      	movs	r3, #1
10000b8a:	9a00      	ldr	r2, [sp, #0]
10000b8c:	4093      	lsls	r3, r2
10000b8e:	001a      	movs	r2, r3
10000b90:	9301      	str	r3, [sp, #4]
10000b92:	4bb3      	ldr	r3, [pc, #716]	@ (10000e60 <alarm_pool_irq_handler+0x300>)
10000b94:	601a      	str	r2, [r3, #0]
10000b96:	e072      	b.n	10000c7e <alarm_pool_irq_handler+0x11e>
10000b98:	4bb2      	ldr	r3, [pc, #712]	@ (10000e64 <alarm_pool_irq_handler+0x304>)
10000b9a:	4ab3      	ldr	r2, [pc, #716]	@ (10000e68 <alarm_pool_irq_handler+0x308>)
10000b9c:	48b3      	ldr	r0, [pc, #716]	@ (10000e6c <alarm_pool_irq_handler+0x30c>)
10000b9e:	21b9      	movs	r1, #185	@ 0xb9
10000ba0:	f002 fe84 	bl	100038ac <__assert_func>
10000ba4:	695c      	ldr	r4, [r3, #20]
10000ba6:	6923      	ldr	r3, [r4, #16]
10000ba8:	0020      	movs	r0, r4
10000baa:	4798      	blx	r3
10000bac:	2800      	cmp	r0, #0
10000bae:	d021      	beq.n	10000bf4 <alarm_pool_irq_handler+0x94>
10000bb0:	cc30      	ldmia	r4, {r4, r5}
10000bb2:	e091      	b.n	10000cd8 <alarm_pool_irq_handler+0x178>
10000bb4:	48ae      	ldr	r0, [pc, #696]	@ (10000e70 <alarm_pool_irq_handler+0x310>)
10000bb6:	f000 fb6b 	bl	10001290 <timer_time_us_64>
10000bba:	1900      	adds	r0, r0, r4
10000bbc:	4169      	adcs	r1, r5
10000bbe:	e096      	b.n	10000cee <alarm_pool_irq_handler+0x18e>
10000bc0:	46ac      	mov	ip, r5
10000bc2:	2300      	movs	r3, #0
10000bc4:	5eec      	ldrsh	r4, [r5, r3]
10000bc6:	2c00      	cmp	r4, #0
10000bc8:	db0e      	blt.n	10000be8 <alarm_pool_irq_handler+0x88>
10000bca:	4663      	mov	r3, ip
10000bcc:	2200      	movs	r2, #0
10000bce:	5e9b      	ldrsh	r3, [r3, r2]
10000bd0:	005d      	lsls	r5, r3, #1
10000bd2:	18ed      	adds	r5, r5, r3
10000bd4:	00ed      	lsls	r5, r5, #3
10000bd6:	4455      	add	r5, sl
10000bd8:	68aa      	ldr	r2, [r5, #8]
10000bda:	68eb      	ldr	r3, [r5, #12]
10000bdc:	0006      	movs	r6, r0
10000bde:	000f      	movs	r7, r1
10000be0:	1ab6      	subs	r6, r6, r2
10000be2:	419f      	sbcs	r7, r3
10000be4:	2f00      	cmp	r7, #0
10000be6:	daeb      	bge.n	10000bc0 <alarm_pool_irq_handler+0x60>
10000be8:	465b      	mov	r3, fp
10000bea:	801c      	strh	r4, [r3, #0]
10000bec:	464b      	mov	r3, r9
10000bee:	4662      	mov	r2, ip
10000bf0:	8013      	strh	r3, [r2, #0]
10000bf2:	e01c      	b.n	10000c2e <alarm_pool_irq_handler+0xce>
10000bf4:	465b      	mov	r3, fp
10000bf6:	2200      	movs	r2, #0
10000bf8:	5e9b      	ldrsh	r3, [r3, r2]
10000bfa:	4642      	mov	r2, r8
10000bfc:	8113      	strh	r3, [r2, #8]
10000bfe:	6912      	ldr	r2, [r2, #16]
10000c00:	f3ef 8310 	mrs	r3, PRIMASK
10000c04:	b672      	cpsid	i
10000c06:	6811      	ldr	r1, [r2, #0]
10000c08:	2900      	cmp	r1, #0
10000c0a:	d0fc      	beq.n	10000c06 <alarm_pool_irq_handler+0xa6>
10000c0c:	f3bf 8f5f 	dmb	sy
10000c10:	4642      	mov	r2, r8
10000c12:	2102      	movs	r1, #2
10000c14:	5e52      	ldrsh	r2, [r2, r1]
10000c16:	4659      	mov	r1, fp
10000c18:	800a      	strh	r2, [r1, #0]
10000c1a:	4642      	mov	r2, r8
10000c1c:	4649      	mov	r1, r9
10000c1e:	8051      	strh	r1, [r2, #2]
10000c20:	6912      	ldr	r2, [r2, #16]
10000c22:	f3bf 8f5f 	dmb	sy
10000c26:	2100      	movs	r1, #0
10000c28:	6011      	str	r1, [r2, #0]
10000c2a:	f383 8810 	msr	PRIMASK, r3
10000c2e:	4643      	mov	r3, r8
10000c30:	889b      	ldrh	r3, [r3, #4]
10000c32:	b21b      	sxth	r3, r3
10000c34:	2b00      	cmp	r3, #0
10000c36:	da76      	bge.n	10000d26 <alarm_pool_irq_handler+0x1c6>
10000c38:	4643      	mov	r3, r8
10000c3a:	2208      	movs	r2, #8
10000c3c:	5e9a      	ldrsh	r2, [r3, r2]
10000c3e:	2a00      	cmp	r2, #0
10000c40:	da00      	bge.n	10000c44 <alarm_pool_irq_handler+0xe4>
10000c42:	e0be      	b.n	10000dc2 <alarm_pool_irq_handler+0x262>
10000c44:	4643      	mov	r3, r8
10000c46:	6959      	ldr	r1, [r3, #20]
10000c48:	0053      	lsls	r3, r2, #1
10000c4a:	189b      	adds	r3, r3, r2
10000c4c:	00db      	lsls	r3, r3, #3
10000c4e:	18cb      	adds	r3, r1, r3
10000c50:	689c      	ldr	r4, [r3, #8]
10000c52:	68dd      	ldr	r5, [r3, #12]
10000c54:	0022      	movs	r2, r4
10000c56:	002b      	movs	r3, r5
10000c58:	9900      	ldr	r1, [sp, #0]
10000c5a:	4885      	ldr	r0, [pc, #532]	@ (10000e70 <alarm_pool_irq_handler+0x310>)
10000c5c:	f7ff ff68 	bl	10000b30 <ta_set_timeout>
10000c60:	4643      	mov	r3, r8
10000c62:	799b      	ldrb	r3, [r3, #6]
10000c64:	2b00      	cmp	r3, #0
10000c66:	d000      	beq.n	10000c6a <alarm_pool_irq_handler+0x10a>
10000c68:	e0c0      	b.n	10000dec <alarm_pool_irq_handler+0x28c>
10000c6a:	4881      	ldr	r0, [pc, #516]	@ (10000e70 <alarm_pool_irq_handler+0x310>)
10000c6c:	f000 fb10 	bl	10001290 <timer_time_us_64>
10000c70:	1a24      	subs	r4, r4, r0
10000c72:	418d      	sbcs	r5, r1
10000c74:	2d00      	cmp	r5, #0
10000c76:	dd00      	ble.n	10000c7a <alarm_pool_irq_handler+0x11a>
10000c78:	e0b0      	b.n	10000ddc <alarm_pool_irq_handler+0x27c>
10000c7a:	d100      	bne.n	10000c7e <alarm_pool_irq_handler+0x11e>
10000c7c:	e0ea      	b.n	10000e54 <alarm_pool_irq_handler+0x2f4>
10000c7e:	4b7c      	ldr	r3, [pc, #496]	@ (10000e70 <alarm_pool_irq_handler+0x310>)
10000c80:	9a01      	ldr	r2, [sp, #4]
10000c82:	635a      	str	r2, [r3, #52]	@ 0x34
10000c84:	4643      	mov	r3, r8
10000c86:	2208      	movs	r2, #8
10000c88:	5e9b      	ldrsh	r3, [r3, r2]
10000c8a:	4699      	mov	r9, r3
10000c8c:	2b00      	cmp	r3, #0
10000c8e:	dbce      	blt.n	10000c2e <alarm_pool_irq_handler+0xce>
10000c90:	4643      	mov	r3, r8
10000c92:	695a      	ldr	r2, [r3, #20]
10000c94:	464b      	mov	r3, r9
10000c96:	005b      	lsls	r3, r3, #1
10000c98:	444b      	add	r3, r9
10000c9a:	00db      	lsls	r3, r3, #3
10000c9c:	4693      	mov	fp, r2
10000c9e:	449b      	add	fp, r3
10000ca0:	465b      	mov	r3, fp
10000ca2:	689e      	ldr	r6, [r3, #8]
10000ca4:	68df      	ldr	r7, [r3, #12]
10000ca6:	4872      	ldr	r0, [pc, #456]	@ (10000e70 <alarm_pool_irq_handler+0x310>)
10000ca8:	f000 faf2 	bl	10001290 <timer_time_us_64>
10000cac:	1b80      	subs	r0, r0, r6
10000cae:	41b9      	sbcs	r1, r7
10000cb0:	2900      	cmp	r1, #0
10000cb2:	dbbc      	blt.n	10000c2e <alarm_pool_irq_handler+0xce>
10000cb4:	465b      	mov	r3, fp
10000cb6:	691c      	ldr	r4, [r3, #16]
10000cb8:	2c02      	cmp	r4, #2
10000cba:	d100      	bne.n	10000cbe <alarm_pool_irq_handler+0x15e>
10000cbc:	e772      	b.n	10000ba4 <alarm_pool_irq_handler+0x44>
10000cbe:	4643      	mov	r3, r8
10000cc0:	2008      	movs	r0, #8
10000cc2:	5e18      	ldrsh	r0, [r3, r0]
10000cc4:	465b      	mov	r3, fp
10000cc6:	8859      	ldrh	r1, [r3, #2]
10000cc8:	b289      	uxth	r1, r1
10000cca:	f7ff ff45 	bl	10000b58 <make_alarm_id>
10000cce:	465b      	mov	r3, fp
10000cd0:	6959      	ldr	r1, [r3, #20]
10000cd2:	47a0      	blx	r4
10000cd4:	0004      	movs	r4, r0
10000cd6:	000d      	movs	r5, r1
10000cd8:	0023      	movs	r3, r4
10000cda:	432b      	orrs	r3, r5
10000cdc:	d100      	bne.n	10000ce0 <alarm_pool_irq_handler+0x180>
10000cde:	e789      	b.n	10000bf4 <alarm_pool_irq_handler+0x94>
10000ce0:	2d00      	cmp	r5, #0
10000ce2:	db00      	blt.n	10000ce6 <alarm_pool_irq_handler+0x186>
10000ce4:	e766      	b.n	10000bb4 <alarm_pool_irq_handler+0x54>
10000ce6:	0030      	movs	r0, r6
10000ce8:	0039      	movs	r1, r7
10000cea:	1b00      	subs	r0, r0, r4
10000cec:	41a9      	sbcs	r1, r5
10000cee:	465b      	mov	r3, fp
10000cf0:	6098      	str	r0, [r3, #8]
10000cf2:	60d9      	str	r1, [r3, #12]
10000cf4:	2400      	movs	r4, #0
10000cf6:	5f1c      	ldrsh	r4, [r3, r4]
10000cf8:	2c00      	cmp	r4, #0
10000cfa:	db98      	blt.n	10000c2e <alarm_pool_irq_handler+0xce>
10000cfc:	4643      	mov	r3, r8
10000cfe:	695a      	ldr	r2, [r3, #20]
10000d00:	4692      	mov	sl, r2
10000d02:	0063      	lsls	r3, r4, #1
10000d04:	191b      	adds	r3, r3, r4
10000d06:	00db      	lsls	r3, r3, #3
10000d08:	4453      	add	r3, sl
10000d0a:	689a      	ldr	r2, [r3, #8]
10000d0c:	68db      	ldr	r3, [r3, #12]
10000d0e:	0005      	movs	r5, r0
10000d10:	000e      	movs	r6, r1
10000d12:	1aad      	subs	r5, r5, r2
10000d14:	419e      	sbcs	r6, r3
10000d16:	2e00      	cmp	r6, #0
10000d18:	db89      	blt.n	10000c2e <alarm_pool_irq_handler+0xce>
10000d1a:	4643      	mov	r3, r8
10000d1c:	811c      	strh	r4, [r3, #8]
10000d1e:	4647      	mov	r7, r8
10000d20:	3708      	adds	r7, #8
10000d22:	46bc      	mov	ip, r7
10000d24:	e74f      	b.n	10000bc6 <alarm_pool_irq_handler+0x66>
10000d26:	4643      	mov	r3, r8
10000d28:	6919      	ldr	r1, [r3, #16]
10000d2a:	f3ef 8310 	mrs	r3, PRIMASK
10000d2e:	b672      	cpsid	i
10000d30:	680a      	ldr	r2, [r1, #0]
10000d32:	2a00      	cmp	r2, #0
10000d34:	d0fc      	beq.n	10000d30 <alarm_pool_irq_handler+0x1d0>
10000d36:	f3bf 8f5f 	dmb	sy
10000d3a:	4642      	mov	r2, r8
10000d3c:	8892      	ldrh	r2, [r2, #4]
10000d3e:	b212      	sxth	r2, r2
10000d40:	4691      	mov	r9, r2
10000d42:	2201      	movs	r2, #1
10000d44:	4252      	negs	r2, r2
10000d46:	4641      	mov	r1, r8
10000d48:	808a      	strh	r2, [r1, #4]
10000d4a:	690a      	ldr	r2, [r1, #16]
10000d4c:	f3bf 8f5f 	dmb	sy
10000d50:	2100      	movs	r1, #0
10000d52:	6011      	str	r1, [r2, #0]
10000d54:	f383 8810 	msr	PRIMASK, r3
10000d58:	e01c      	b.n	10000d94 <alarm_pool_irq_handler+0x234>
10000d5a:	469b      	mov	fp, r3
10000d5c:	2200      	movs	r2, #0
10000d5e:	5e9a      	ldrsh	r2, [r3, r2]
10000d60:	2a00      	cmp	r2, #0
10000d62:	db0e      	blt.n	10000d82 <alarm_pool_irq_handler+0x222>
10000d64:	465b      	mov	r3, fp
10000d66:	2100      	movs	r1, #0
10000d68:	5e59      	ldrsh	r1, [r3, r1]
10000d6a:	004b      	lsls	r3, r1, #1
10000d6c:	185b      	adds	r3, r3, r1
10000d6e:	00db      	lsls	r3, r3, #3
10000d70:	4453      	add	r3, sl
10000d72:	6898      	ldr	r0, [r3, #8]
10000d74:	68d9      	ldr	r1, [r3, #12]
10000d76:	0026      	movs	r6, r4
10000d78:	002f      	movs	r7, r5
10000d7a:	1a36      	subs	r6, r6, r0
10000d7c:	418f      	sbcs	r7, r1
10000d7e:	2f00      	cmp	r7, #0
10000d80:	daeb      	bge.n	10000d5a <alarm_pool_irq_handler+0x1fa>
10000d82:	464b      	mov	r3, r9
10000d84:	4659      	mov	r1, fp
10000d86:	800b      	strh	r3, [r1, #0]
10000d88:	4663      	mov	r3, ip
10000d8a:	2100      	movs	r1, #0
10000d8c:	5e5b      	ldrsh	r3, [r3, r1]
10000d8e:	4699      	mov	r9, r3
10000d90:	4663      	mov	r3, ip
10000d92:	801a      	strh	r2, [r3, #0]
10000d94:	464b      	mov	r3, r9
10000d96:	2b00      	cmp	r3, #0
10000d98:	da00      	bge.n	10000d9c <alarm_pool_irq_handler+0x23c>
10000d9a:	e74d      	b.n	10000c38 <alarm_pool_irq_handler+0xd8>
10000d9c:	4643      	mov	r3, r8
10000d9e:	695a      	ldr	r2, [r3, #20]
10000da0:	4692      	mov	sl, r2
10000da2:	464b      	mov	r3, r9
10000da4:	005b      	lsls	r3, r3, #1
10000da6:	444b      	add	r3, r9
10000da8:	00db      	lsls	r3, r3, #3
10000daa:	469c      	mov	ip, r3
10000dac:	44d4      	add	ip, sl
10000dae:	4663      	mov	r3, ip
10000db0:	689c      	ldr	r4, [r3, #8]
10000db2:	68dd      	ldr	r5, [r3, #12]
10000db4:	4646      	mov	r6, r8
10000db6:	3608      	adds	r6, #8
10000db8:	46b3      	mov	fp, r6
10000dba:	4643      	mov	r3, r8
10000dbc:	2208      	movs	r2, #8
10000dbe:	5e9a      	ldrsh	r2, [r3, r2]
10000dc0:	e7ce      	b.n	10000d60 <alarm_pool_irq_handler+0x200>
10000dc2:	4c2b      	ldr	r4, [pc, #172]	@ (10000e70 <alarm_pool_irq_handler+0x310>)
10000dc4:	0020      	movs	r0, r4
10000dc6:	f000 fa63 	bl	10001290 <timer_time_us_64>
10000dca:	2280      	movs	r2, #128	@ 0x80
10000dcc:	0612      	lsls	r2, r2, #24
10000dce:	2300      	movs	r3, #0
10000dd0:	1812      	adds	r2, r2, r0
10000dd2:	414b      	adcs	r3, r1
10000dd4:	9900      	ldr	r1, [sp, #0]
10000dd6:	0020      	movs	r0, r4
10000dd8:	f7ff feaa 	bl	10000b30 <ta_set_timeout>
10000ddc:	bf40      	sev
10000dde:	b003      	add	sp, #12
10000de0:	bcf0      	pop	{r4, r5, r6, r7}
10000de2:	46bb      	mov	fp, r7
10000de4:	46b2      	mov	sl, r6
10000de6:	46a9      	mov	r9, r5
10000de8:	46a0      	mov	r8, r4
10000dea:	bdf0      	pop	{r4, r5, r6, r7, pc}
10000dec:	2300      	movs	r3, #0
10000dee:	4642      	mov	r2, r8
10000df0:	7193      	strb	r3, [r2, #6]
10000df2:	3208      	adds	r2, #8
10000df4:	4643      	mov	r3, r8
10000df6:	2108      	movs	r1, #8
10000df8:	5e59      	ldrsh	r1, [r3, r1]
10000dfa:	e01b      	b.n	10000e34 <alarm_pool_irq_handler+0x2d4>
10000dfc:	8016      	strh	r6, [r2, #0]
10000dfe:	4643      	mov	r3, r8
10000e00:	691b      	ldr	r3, [r3, #16]
10000e02:	469c      	mov	ip, r3
10000e04:	f3ef 8310 	mrs	r3, PRIMASK
10000e08:	b672      	cpsid	i
10000e0a:	4699      	mov	r9, r3
10000e0c:	4667      	mov	r7, ip
10000e0e:	683f      	ldr	r7, [r7, #0]
10000e10:	2f00      	cmp	r7, #0
10000e12:	d0fb      	beq.n	10000e0c <alarm_pool_irq_handler+0x2ac>
10000e14:	f3bf 8f5f 	dmb	sy
10000e18:	4647      	mov	r7, r8
10000e1a:	2302      	movs	r3, #2
10000e1c:	5eff      	ldrsh	r7, [r7, r3]
10000e1e:	8007      	strh	r7, [r0, #0]
10000e20:	4640      	mov	r0, r8
10000e22:	8041      	strh	r1, [r0, #2]
10000e24:	6901      	ldr	r1, [r0, #16]
10000e26:	f3bf 8f5f 	dmb	sy
10000e2a:	2000      	movs	r0, #0
10000e2c:	6008      	str	r0, [r1, #0]
10000e2e:	f389 8810 	msr	PRIMASK, r9
10000e32:	0031      	movs	r1, r6
10000e34:	1c4b      	adds	r3, r1, #1
10000e36:	d100      	bne.n	10000e3a <alarm_pool_irq_handler+0x2da>
10000e38:	e717      	b.n	10000c6a <alarm_pool_irq_handler+0x10a>
10000e3a:	4643      	mov	r3, r8
10000e3c:	695e      	ldr	r6, [r3, #20]
10000e3e:	004b      	lsls	r3, r1, #1
10000e40:	185b      	adds	r3, r3, r1
10000e42:	00db      	lsls	r3, r3, #3
10000e44:	18f0      	adds	r0, r6, r3
10000e46:	5ef6      	ldrsh	r6, [r6, r3]
10000e48:	8843      	ldrh	r3, [r0, #2]
10000e4a:	b21b      	sxth	r3, r3
10000e4c:	2b00      	cmp	r3, #0
10000e4e:	dbd5      	blt.n	10000dfc <alarm_pool_irq_handler+0x29c>
10000e50:	0002      	movs	r2, r0
10000e52:	e7ee      	b.n	10000e32 <alarm_pool_irq_handler+0x2d2>
10000e54:	2c00      	cmp	r4, #0
10000e56:	d100      	bne.n	10000e5a <alarm_pool_irq_handler+0x2fa>
10000e58:	e711      	b.n	10000c7e <alarm_pool_irq_handler+0x11e>
10000e5a:	e7bf      	b.n	10000ddc <alarm_pool_irq_handler+0x27c>
10000e5c:	20001690 	.word	0x20001690
10000e60:	4005703c 	.word	0x4005703c
10000e64:	10008af0 	.word	0x10008af0
10000e68:	1000979c 	.word	0x1000979c
10000e6c:	10008b1c 	.word	0x10008b1c
10000e70:	40054000 	.word	0x40054000

10000e74 <ta_enable_irq_handler>:
10000e74:	b570      	push	{r4, r5, r6, lr}
10000e76:	0004      	movs	r4, r0
10000e78:	000d      	movs	r5, r1
10000e7a:	0011      	movs	r1, r2
10000e7c:	2601      	movs	r6, #1
10000e7e:	40ae      	lsls	r6, r5
10000e80:	6206      	str	r6, [r0, #32]
10000e82:	0028      	movs	r0, r5
10000e84:	f7ff fc18 	bl	100006b8 <irq_set_exclusive_handler>
10000e88:	2101      	movs	r1, #1
10000e8a:	0028      	movs	r0, r5
10000e8c:	f7ff fbea 	bl	10000664 <irq_set_enabled>
10000e90:	4b02      	ldr	r3, [pc, #8]	@ (10000e9c <ta_enable_irq_handler+0x28>)
10000e92:	469c      	mov	ip, r3
10000e94:	4464      	add	r4, ip
10000e96:	6026      	str	r6, [r4, #0]
10000e98:	bd70      	pop	{r4, r5, r6, pc}
10000e9a:	46c0      	nop			@ (mov r8, r8)
10000e9c:	00002038 	.word	0x00002038

10000ea0 <alarm_pool_post_alloc_init>:
10000ea0:	b5f8      	push	{r3, r4, r5, r6, r7, lr}
10000ea2:	0004      	movs	r4, r0
10000ea4:	000f      	movs	r7, r1
10000ea6:	0016      	movs	r6, r2
10000ea8:	001d      	movs	r5, r3
10000eaa:	60c1      	str	r1, [r0, #12]
10000eac:	f7ff fb30 	bl	10000510 <next_striped_spin_lock_num>
10000eb0:	4b12      	ldr	r3, [pc, #72]	@ (10000efc <alarm_pool_post_alloc_init+0x5c>)
10000eb2:	469c      	mov	ip, r3
10000eb4:	4460      	add	r0, ip
10000eb6:	0080      	lsls	r0, r0, #2
10000eb8:	6120      	str	r0, [r4, #16]
10000eba:	7026      	strb	r6, [r4, #0]
10000ebc:	b2ab      	uxth	r3, r5
10000ebe:	8163      	strh	r3, [r4, #10]
10000ec0:	22d0      	movs	r2, #208	@ 0xd0
10000ec2:	0612      	lsls	r2, r2, #24
10000ec4:	7812      	ldrb	r2, [r2, #0]
10000ec6:	7062      	strb	r2, [r4, #1]
10000ec8:	2201      	movs	r2, #1
10000eca:	4252      	negs	r2, r2
10000ecc:	8122      	strh	r2, [r4, #8]
10000ece:	80a2      	strh	r2, [r4, #4]
10000ed0:	189b      	adds	r3, r3, r2
10000ed2:	8063      	strh	r3, [r4, #2]
10000ed4:	2300      	movs	r3, #0
10000ed6:	e006      	b.n	10000ee6 <alarm_pool_post_alloc_init+0x46>
10000ed8:	1e58      	subs	r0, r3, #1
10000eda:	6961      	ldr	r1, [r4, #20]
10000edc:	005a      	lsls	r2, r3, #1
10000ede:	18d2      	adds	r2, r2, r3
10000ee0:	00d2      	lsls	r2, r2, #3
10000ee2:	5288      	strh	r0, [r1, r2]
10000ee4:	3301      	adds	r3, #1
10000ee6:	42ab      	cmp	r3, r5
10000ee8:	d3f6      	bcc.n	10000ed8 <alarm_pool_post_alloc_init+0x38>
10000eea:	4b05      	ldr	r3, [pc, #20]	@ (10000f00 <alarm_pool_post_alloc_init+0x60>)
10000eec:	00b2      	lsls	r2, r6, #2
10000eee:	50d4      	str	r4, [r2, r3]
10000ef0:	4a04      	ldr	r2, [pc, #16]	@ (10000f04 <alarm_pool_post_alloc_init+0x64>)
10000ef2:	0031      	movs	r1, r6
10000ef4:	0038      	movs	r0, r7
10000ef6:	f7ff ffbd 	bl	10000e74 <ta_enable_irq_handler>
10000efa:	bdf8      	pop	{r3, r4, r5, r6, r7, pc}
10000efc:	34000040 	.word	0x34000040
10000f00:	20001690 	.word	0x20001690
10000f04:	10000b61 	.word	0x10000b61

10000f08 <sleep_until_callback>:
10000f08:	b510      	push	{r4, lr}
10000f0a:	4b08      	ldr	r3, [pc, #32]	@ (10000f2c <sleep_until_callback+0x24>)
10000f0c:	681a      	ldr	r2, [r3, #0]
10000f0e:	f3ef 8110 	mrs	r1, PRIMASK
10000f12:	b672      	cpsid	i
10000f14:	6813      	ldr	r3, [r2, #0]
10000f16:	2b00      	cmp	r3, #0
10000f18:	d0fc      	beq.n	10000f14 <sleep_until_callback+0xc>
10000f1a:	f3bf 8f5f 	dmb	sy
10000f1e:	4803      	ldr	r0, [pc, #12]	@ (10000f2c <sleep_until_callback+0x24>)
10000f20:	f005 fbf4 	bl	1000670c <vPortLockInternalSpinUnlockWithNotify>
10000f24:	2000      	movs	r0, #0
10000f26:	2100      	movs	r1, #0
10000f28:	bd10      	pop	{r4, pc}
10000f2a:	46c0      	nop			@ (mov r8, r8)
10000f2c:	2000196c 	.word	0x2000196c

10000f30 <alarm_pool_get_default>:
10000f30:	b510      	push	{r4, lr}
10000f32:	4b06      	ldr	r3, [pc, #24]	@ (10000f4c <alarm_pool_get_default+0x1c>)
10000f34:	691b      	ldr	r3, [r3, #16]
10000f36:	2b00      	cmp	r3, #0
10000f38:	d001      	beq.n	10000f3e <alarm_pool_get_default+0xe>
10000f3a:	4804      	ldr	r0, [pc, #16]	@ (10000f4c <alarm_pool_get_default+0x1c>)
10000f3c:	bd10      	pop	{r4, pc}
10000f3e:	4b04      	ldr	r3, [pc, #16]	@ (10000f50 <alarm_pool_get_default+0x20>)
10000f40:	4a04      	ldr	r2, [pc, #16]	@ (10000f54 <alarm_pool_get_default+0x24>)
10000f42:	4805      	ldr	r0, [pc, #20]	@ (10000f58 <alarm_pool_get_default+0x28>)
10000f44:	2172      	movs	r1, #114	@ 0x72
10000f46:	f002 fcb1 	bl	100038ac <__assert_func>
10000f4a:	46c0      	nop			@ (mov r8, r8)
10000f4c:	20000c2c 	.word	0x20000c2c
10000f50:	10008b70 	.word	0x10008b70
10000f54:	10009784 	.word	0x10009784
10000f58:	10008b1c 	.word	0x10008b1c

10000f5c <alarm_pool_add_alarm_at_force_in_context>:
10000f5c:	b5f8      	push	{r3, r4, r5, r6, r7, lr}
10000f5e:	0004      	movs	r4, r0
10000f60:	6905      	ldr	r5, [r0, #16]
10000f62:	f3ef 8010 	mrs	r0, PRIMASK
10000f66:	b672      	cpsid	i
10000f68:	6829      	ldr	r1, [r5, #0]
10000f6a:	2900      	cmp	r1, #0
10000f6c:	d0fc      	beq.n	10000f68 <alarm_pool_add_alarm_at_force_in_context+0xc>
10000f6e:	f3bf 8f5f 	dmb	sy
10000f72:	2102      	movs	r1, #2
10000f74:	5e66      	ldrsh	r6, [r4, r1]
10000f76:	6965      	ldr	r5, [r4, #20]
10000f78:	0071      	lsls	r1, r6, #1
10000f7a:	1989      	adds	r1, r1, r6
10000f7c:	00c9      	lsls	r1, r1, #3
10000f7e:	186d      	adds	r5, r5, r1
10000f80:	2e00      	cmp	r6, #0
10000f82:	db02      	blt.n	10000f8a <alarm_pool_add_alarm_at_force_in_context+0x2e>
10000f84:	2700      	movs	r7, #0
10000f86:	5fe9      	ldrsh	r1, [r5, r7]
10000f88:	8061      	strh	r1, [r4, #2]
10000f8a:	6921      	ldr	r1, [r4, #16]
10000f8c:	f3bf 8f5f 	dmb	sy
10000f90:	2700      	movs	r7, #0
10000f92:	600f      	str	r7, [r1, #0]
10000f94:	f380 8810 	msr	PRIMASK, r0
10000f98:	2e00      	cmp	r6, #0
10000f9a:	db2c      	blt.n	10000ff6 <alarm_pool_add_alarm_at_force_in_context+0x9a>
10000f9c:	9906      	ldr	r1, [sp, #24]
10000f9e:	6129      	str	r1, [r5, #16]
10000fa0:	9907      	ldr	r1, [sp, #28]
10000fa2:	6169      	str	r1, [r5, #20]
10000fa4:	60aa      	str	r2, [r5, #8]
10000fa6:	60eb      	str	r3, [r5, #12]
10000fa8:	886b      	ldrh	r3, [r5, #2]
10000faa:	3301      	adds	r3, #1
10000fac:	045b      	lsls	r3, r3, #17
10000fae:	0c59      	lsrs	r1, r3, #17
10000fb0:	2b00      	cmp	r3, #0
10000fb2:	d100      	bne.n	10000fb6 <alarm_pool_add_alarm_at_force_in_context+0x5a>
10000fb4:	2101      	movs	r1, #1
10000fb6:	8069      	strh	r1, [r5, #2]
10000fb8:	0030      	movs	r0, r6
10000fba:	f7ff fdcd 	bl	10000b58 <make_alarm_id>
10000fbe:	6921      	ldr	r1, [r4, #16]
10000fc0:	f3ef 8310 	mrs	r3, PRIMASK
10000fc4:	b672      	cpsid	i
10000fc6:	680a      	ldr	r2, [r1, #0]
10000fc8:	2a00      	cmp	r2, #0
10000fca:	d0fc      	beq.n	10000fc6 <alarm_pool_add_alarm_at_force_in_context+0x6a>
10000fcc:	f3bf 8f5f 	dmb	sy
10000fd0:	88a2      	ldrh	r2, [r4, #4]
10000fd2:	802a      	strh	r2, [r5, #0]
10000fd4:	80a6      	strh	r6, [r4, #4]
10000fd6:	6922      	ldr	r2, [r4, #16]
10000fd8:	f3bf 8f5f 	dmb	sy
10000fdc:	2100      	movs	r1, #0
10000fde:	6011      	str	r1, [r2, #0]
10000fe0:	f383 8810 	msr	PRIMASK, r3
10000fe4:	68e3      	ldr	r3, [r4, #12]
10000fe6:	7821      	ldrb	r1, [r4, #0]
10000fe8:	2201      	movs	r2, #1
10000fea:	408a      	lsls	r2, r1
10000fec:	4903      	ldr	r1, [pc, #12]	@ (10000ffc <alarm_pool_add_alarm_at_force_in_context+0xa0>)
10000fee:	468c      	mov	ip, r1
10000ff0:	4463      	add	r3, ip
10000ff2:	601a      	str	r2, [r3, #0]
10000ff4:	bdf8      	pop	{r3, r4, r5, r6, r7, pc}
10000ff6:	2001      	movs	r0, #1
10000ff8:	4240      	negs	r0, r0
10000ffa:	e7fb      	b.n	10000ff4 <alarm_pool_add_alarm_at_force_in_context+0x98>
10000ffc:	0000203c 	.word	0x0000203c

10001000 <alarm_pool_add_alarm_at>:
10001000:	b570      	push	{r4, r5, r6, lr}
10001002:	b082      	sub	sp, #8
10001004:	0006      	movs	r6, r0
10001006:	0014      	movs	r4, r2
10001008:	001d      	movs	r5, r3
1000100a:	ab08      	add	r3, sp, #32
1000100c:	781b      	ldrb	r3, [r3, #0]
1000100e:	2b00      	cmp	r3, #0
10001010:	d107      	bne.n	10001022 <alarm_pool_add_alarm_at+0x22>
10001012:	f000 f945 	bl	100012a0 <time_us_64>
10001016:	0022      	movs	r2, r4
10001018:	002b      	movs	r3, r5
1000101a:	1a12      	subs	r2, r2, r0
1000101c:	418b      	sbcs	r3, r1
1000101e:	2b00      	cmp	r3, #0
10001020:	db0a      	blt.n	10001038 <alarm_pool_add_alarm_at+0x38>
10001022:	9b07      	ldr	r3, [sp, #28]
10001024:	9301      	str	r3, [sp, #4]
10001026:	9b06      	ldr	r3, [sp, #24]
10001028:	9300      	str	r3, [sp, #0]
1000102a:	0022      	movs	r2, r4
1000102c:	002b      	movs	r3, r5
1000102e:	0030      	movs	r0, r6
10001030:	f7ff ff94 	bl	10000f5c <alarm_pool_add_alarm_at_force_in_context>
10001034:	b002      	add	sp, #8
10001036:	bd70      	pop	{r4, r5, r6, pc}
10001038:	2000      	movs	r0, #0
1000103a:	e7fb      	b.n	10001034 <alarm_pool_add_alarm_at+0x34>

1000103c <add_alarm_at>:
1000103c:	b5f0      	push	{r4, r5, r6, r7, lr}
1000103e:	46c6      	mov	lr, r8
10001040:	b500      	push	{lr}
10001042:	b084      	sub	sp, #16
10001044:	4680      	mov	r8, r0
10001046:	000f      	movs	r7, r1
10001048:	0016      	movs	r6, r2
1000104a:	001d      	movs	r5, r3
1000104c:	ab0a      	add	r3, sp, #40	@ 0x28
1000104e:	781c      	ldrb	r4, [r3, #0]
10001050:	f7ff ff6e 	bl	10000f30 <alarm_pool_get_default>
10001054:	9402      	str	r4, [sp, #8]
10001056:	9501      	str	r5, [sp, #4]
10001058:	9600      	str	r6, [sp, #0]
1000105a:	4642      	mov	r2, r8
1000105c:	003b      	movs	r3, r7
1000105e:	f7ff ffcf 	bl	10001000 <alarm_pool_add_alarm_at>
10001062:	b004      	add	sp, #16
10001064:	bc80      	pop	{r7}
10001066:	46b8      	mov	r8, r7
10001068:	bdf0      	pop	{r4, r5, r6, r7, pc}
	...

1000106c <alarm_pool_cancel_alarm>:
1000106c:	b530      	push	{r4, r5, lr}
1000106e:	0004      	movs	r4, r0
10001070:	140a      	asrs	r2, r1, #16
10001072:	8943      	ldrh	r3, [r0, #10]
10001074:	429a      	cmp	r2, r3
10001076:	da30      	bge.n	100010da <alarm_pool_cancel_alarm+0x6e>
10001078:	6940      	ldr	r0, [r0, #20]
1000107a:	0053      	lsls	r3, r2, #1
1000107c:	189b      	adds	r3, r3, r2
1000107e:	00db      	lsls	r3, r3, #3
10001080:	18c3      	adds	r3, r0, r3
10001082:	6922      	ldr	r2, [r4, #16]
10001084:	4694      	mov	ip, r2
10001086:	f3ef 8210 	mrs	r2, PRIMASK
1000108a:	b672      	cpsid	i
1000108c:	4660      	mov	r0, ip
1000108e:	6800      	ldr	r0, [r0, #0]
10001090:	2800      	cmp	r0, #0
10001092:	d0fb      	beq.n	1000108c <alarm_pool_cancel_alarm+0x20>
10001094:	f3bf 8f5f 	dmb	sy
10001098:	8858      	ldrh	r0, [r3, #2]
1000109a:	b285      	uxth	r5, r0
1000109c:	0409      	lsls	r1, r1, #16
1000109e:	0c09      	lsrs	r1, r1, #16
100010a0:	4288      	cmp	r0, r1
100010a2:	d012      	beq.n	100010ca <alarm_pool_cancel_alarm+0x5e>
100010a4:	2000      	movs	r0, #0
100010a6:	6923      	ldr	r3, [r4, #16]
100010a8:	f3bf 8f5f 	dmb	sy
100010ac:	2100      	movs	r1, #0
100010ae:	6019      	str	r1, [r3, #0]
100010b0:	f382 8810 	msr	PRIMASK, r2
100010b4:	2800      	cmp	r0, #0
100010b6:	d011      	beq.n	100010dc <alarm_pool_cancel_alarm+0x70>
100010b8:	68e3      	ldr	r3, [r4, #12]
100010ba:	7821      	ldrb	r1, [r4, #0]
100010bc:	2201      	movs	r2, #1
100010be:	408a      	lsls	r2, r1
100010c0:	4907      	ldr	r1, [pc, #28]	@ (100010e0 <alarm_pool_cancel_alarm+0x74>)
100010c2:	468c      	mov	ip, r1
100010c4:	4463      	add	r3, ip
100010c6:	601a      	str	r2, [r3, #0]
100010c8:	e008      	b.n	100010dc <alarm_pool_cancel_alarm+0x70>
100010ca:	4906      	ldr	r1, [pc, #24]	@ (100010e4 <alarm_pool_cancel_alarm+0x78>)
100010cc:	4329      	orrs	r1, r5
100010ce:	b289      	uxth	r1, r1
100010d0:	8059      	strh	r1, [r3, #2]
100010d2:	2301      	movs	r3, #1
100010d4:	71a3      	strb	r3, [r4, #6]
100010d6:	2001      	movs	r0, #1
100010d8:	e7e5      	b.n	100010a6 <alarm_pool_cancel_alarm+0x3a>
100010da:	2000      	movs	r0, #0
100010dc:	bd30      	pop	{r4, r5, pc}
100010de:	46c0      	nop			@ (mov r8, r8)
100010e0:	0000203c 	.word	0x0000203c
100010e4:	ffff8000 	.word	0xffff8000

100010e8 <cancel_alarm>:
100010e8:	b510      	push	{r4, lr}
100010ea:	0004      	movs	r4, r0
100010ec:	f7ff ff20 	bl	10000f30 <alarm_pool_get_default>
100010f0:	0021      	movs	r1, r4
100010f2:	f7ff ffbb 	bl	1000106c <alarm_pool_cancel_alarm>
100010f6:	bd10      	pop	{r4, pc}

100010f8 <alarm_pool_core_num>:
100010f8:	7840      	ldrb	r0, [r0, #1]
100010fa:	4770      	bx	lr

100010fc <best_effort_wfe_or_timeout>:
100010fc:	b5f0      	push	{r4, r5, r6, r7, lr}
100010fe:	b085      	sub	sp, #20
10001100:	9003      	str	r0, [sp, #12]
10001102:	9102      	str	r1, [sp, #8]
10001104:	f3ef 8305 	mrs	r3, IPSR
10001108:	2b00      	cmp	r3, #0
1000110a:	d013      	beq.n	10001134 <best_effort_wfe_or_timeout+0x38>
1000110c:	000b      	movs	r3, r1
1000110e:	4a49      	ldr	r2, [pc, #292]	@ (10001234 <best_effort_wfe_or_timeout+0x138>)
10001110:	6a52      	ldr	r2, [r2, #36]	@ 0x24
10001112:	428a      	cmp	r2, r1
10001114:	d309      	bcc.n	1000112a <best_effort_wfe_or_timeout+0x2e>
10001116:	4947      	ldr	r1, [pc, #284]	@ (10001234 <best_effort_wfe_or_timeout+0x138>)
10001118:	6a89      	ldr	r1, [r1, #40]	@ 0x28
1000111a:	4281      	cmp	r1, r0
1000111c:	d208      	bcs.n	10001130 <best_effort_wfe_or_timeout+0x34>
1000111e:	429a      	cmp	r2, r3
10001120:	d001      	beq.n	10001126 <best_effort_wfe_or_timeout+0x2a>
10001122:	2001      	movs	r0, #1
10001124:	e002      	b.n	1000112c <best_effort_wfe_or_timeout+0x30>
10001126:	2000      	movs	r0, #0
10001128:	e000      	b.n	1000112c <best_effort_wfe_or_timeout+0x30>
1000112a:	2000      	movs	r0, #0
1000112c:	b005      	add	sp, #20
1000112e:	bdf0      	pop	{r4, r5, r6, r7, pc}
10001130:	2001      	movs	r0, #1
10001132:	e7fb      	b.n	1000112c <best_effort_wfe_or_timeout+0x30>
10001134:	f7ff fefc 	bl	10000f30 <alarm_pool_get_default>
10001138:	68c3      	ldr	r3, [r0, #12]
1000113a:	001f      	movs	r7, r3
1000113c:	7806      	ldrb	r6, [r0, #0]
1000113e:	9a03      	ldr	r2, [sp, #12]
10001140:	0014      	movs	r4, r2
10001142:	9a02      	ldr	r2, [sp, #8]
10001144:	0015      	movs	r5, r2
10001146:	0018      	movs	r0, r3
10001148:	f000 f8a2 	bl	10001290 <timer_time_us_64>
1000114c:	0002      	movs	r2, r0
1000114e:	000b      	movs	r3, r1
10001150:	1aa4      	subs	r4, r4, r2
10001152:	419d      	sbcs	r5, r3
10001154:	0022      	movs	r2, r4
10001156:	1d31      	adds	r1, r6, #4
10001158:	0089      	lsls	r1, r1, #2
1000115a:	59c9      	ldr	r1, [r1, r7]
1000115c:	1a09      	subs	r1, r1, r0
1000115e:	2000      	movs	r0, #0
10001160:	42a8      	cmp	r0, r5
10001162:	dc10      	bgt.n	10001186 <best_effort_wfe_or_timeout+0x8a>
10001164:	d00d      	beq.n	10001182 <best_effort_wfe_or_timeout+0x86>
10001166:	9b02      	ldr	r3, [sp, #8]
10001168:	4a32      	ldr	r2, [pc, #200]	@ (10001234 <best_effort_wfe_or_timeout+0x138>)
1000116a:	6a52      	ldr	r2, [r2, #36]	@ 0x24
1000116c:	4293      	cmp	r3, r2
1000116e:	d832      	bhi.n	100011d6 <best_effort_wfe_or_timeout+0xda>
10001170:	4930      	ldr	r1, [pc, #192]	@ (10001234 <best_effort_wfe_or_timeout+0x138>)
10001172:	6a89      	ldr	r1, [r1, #40]	@ 0x28
10001174:	9803      	ldr	r0, [sp, #12]
10001176:	4281      	cmp	r1, r0
10001178:	d259      	bcs.n	1000122e <best_effort_wfe_or_timeout+0x132>
1000117a:	4293      	cmp	r3, r2
1000117c:	d02b      	beq.n	100011d6 <best_effort_wfe_or_timeout+0xda>
1000117e:	2001      	movs	r0, #1
10001180:	e7d4      	b.n	1000112c <best_effort_wfe_or_timeout+0x30>
10001182:	4291      	cmp	r1, r2
10001184:	d9ef      	bls.n	10001166 <best_effort_wfe_or_timeout+0x6a>
10001186:	4a2c      	ldr	r2, [pc, #176]	@ (10001238 <best_effort_wfe_or_timeout+0x13c>)
10001188:	2300      	movs	r3, #0
1000118a:	9300      	str	r3, [sp, #0]
1000118c:	9d03      	ldr	r5, [sp, #12]
1000118e:	0028      	movs	r0, r5
10001190:	9c02      	ldr	r4, [sp, #8]
10001192:	0021      	movs	r1, r4
10001194:	f7ff ff52 	bl	1000103c <add_alarm_at>
10001198:	2800      	cmp	r0, #0
1000119a:	dd30      	ble.n	100011fe <best_effort_wfe_or_timeout+0x102>
1000119c:	9902      	ldr	r1, [sp, #8]
1000119e:	000d      	movs	r5, r1
100011a0:	4b24      	ldr	r3, [pc, #144]	@ (10001234 <best_effort_wfe_or_timeout+0x138>)
100011a2:	6a5b      	ldr	r3, [r3, #36]	@ 0x24
100011a4:	4299      	cmp	r1, r3
100011a6:	d806      	bhi.n	100011b6 <best_effort_wfe_or_timeout+0xba>
100011a8:	4a22      	ldr	r2, [pc, #136]	@ (10001234 <best_effort_wfe_or_timeout+0x138>)
100011aa:	6a92      	ldr	r2, [r2, #40]	@ 0x28
100011ac:	9c03      	ldr	r4, [sp, #12]
100011ae:	42a2      	cmp	r2, r4
100011b0:	d202      	bcs.n	100011b8 <best_effort_wfe_or_timeout+0xbc>
100011b2:	4299      	cmp	r1, r3
100011b4:	d100      	bne.n	100011b8 <best_effort_wfe_or_timeout+0xbc>
100011b6:	bf20      	wfe
100011b8:	f7ff ff96 	bl	100010e8 <cancel_alarm>
100011bc:	4b1d      	ldr	r3, [pc, #116]	@ (10001234 <best_effort_wfe_or_timeout+0x138>)
100011be:	6a5b      	ldr	r3, [r3, #36]	@ 0x24
100011c0:	429d      	cmp	r5, r3
100011c2:	d830      	bhi.n	10001226 <best_effort_wfe_or_timeout+0x12a>
100011c4:	4a1b      	ldr	r2, [pc, #108]	@ (10001234 <best_effort_wfe_or_timeout+0x138>)
100011c6:	6a92      	ldr	r2, [r2, #40]	@ 0x28
100011c8:	9803      	ldr	r0, [sp, #12]
100011ca:	4282      	cmp	r2, r0
100011cc:	d22d      	bcs.n	1000122a <best_effort_wfe_or_timeout+0x12e>
100011ce:	429d      	cmp	r5, r3
100011d0:	d027      	beq.n	10001222 <best_effort_wfe_or_timeout+0x126>
100011d2:	2001      	movs	r0, #1
100011d4:	e7aa      	b.n	1000112c <best_effort_wfe_or_timeout+0x30>
100011d6:	bf20      	wfe
100011d8:	4a16      	ldr	r2, [pc, #88]	@ (10001234 <best_effort_wfe_or_timeout+0x138>)
100011da:	6a52      	ldr	r2, [r2, #36]	@ 0x24
100011dc:	4293      	cmp	r3, r2
100011de:	d80a      	bhi.n	100011f6 <best_effort_wfe_or_timeout+0xfa>
100011e0:	4914      	ldr	r1, [pc, #80]	@ (10001234 <best_effort_wfe_or_timeout+0x138>)
100011e2:	6a89      	ldr	r1, [r1, #40]	@ 0x28
100011e4:	9803      	ldr	r0, [sp, #12]
100011e6:	4281      	cmp	r1, r0
100011e8:	d207      	bcs.n	100011fa <best_effort_wfe_or_timeout+0xfe>
100011ea:	4293      	cmp	r3, r2
100011ec:	d001      	beq.n	100011f2 <best_effort_wfe_or_timeout+0xf6>
100011ee:	2001      	movs	r0, #1
100011f0:	e79c      	b.n	1000112c <best_effort_wfe_or_timeout+0x30>
100011f2:	2000      	movs	r0, #0
100011f4:	e79a      	b.n	1000112c <best_effort_wfe_or_timeout+0x30>
100011f6:	2000      	movs	r0, #0
100011f8:	e798      	b.n	1000112c <best_effort_wfe_or_timeout+0x30>
100011fa:	2001      	movs	r0, #1
100011fc:	e796      	b.n	1000112c <best_effort_wfe_or_timeout+0x30>
100011fe:	4b0d      	ldr	r3, [pc, #52]	@ (10001234 <best_effort_wfe_or_timeout+0x138>)
10001200:	6a5b      	ldr	r3, [r3, #36]	@ 0x24
10001202:	429c      	cmp	r4, r3
10001204:	d809      	bhi.n	1000121a <best_effort_wfe_or_timeout+0x11e>
10001206:	490b      	ldr	r1, [pc, #44]	@ (10001234 <best_effort_wfe_or_timeout+0x138>)
10001208:	6a89      	ldr	r1, [r1, #40]	@ 0x28
1000120a:	42a9      	cmp	r1, r5
1000120c:	d207      	bcs.n	1000121e <best_effort_wfe_or_timeout+0x122>
1000120e:	429c      	cmp	r4, r3
10001210:	d001      	beq.n	10001216 <best_effort_wfe_or_timeout+0x11a>
10001212:	2001      	movs	r0, #1
10001214:	e78a      	b.n	1000112c <best_effort_wfe_or_timeout+0x30>
10001216:	2000      	movs	r0, #0
10001218:	e788      	b.n	1000112c <best_effort_wfe_or_timeout+0x30>
1000121a:	2000      	movs	r0, #0
1000121c:	e786      	b.n	1000112c <best_effort_wfe_or_timeout+0x30>
1000121e:	2001      	movs	r0, #1
10001220:	e784      	b.n	1000112c <best_effort_wfe_or_timeout+0x30>
10001222:	2000      	movs	r0, #0
10001224:	e782      	b.n	1000112c <best_effort_wfe_or_timeout+0x30>
10001226:	2000      	movs	r0, #0
10001228:	e780      	b.n	1000112c <best_effort_wfe_or_timeout+0x30>
1000122a:	2001      	movs	r0, #1
1000122c:	e77e      	b.n	1000112c <best_effort_wfe_or_timeout+0x30>
1000122e:	2001      	movs	r0, #1
10001230:	e77c      	b.n	1000112c <best_effort_wfe_or_timeout+0x30>
10001232:	46c0      	nop			@ (mov r8, r8)
10001234:	40054000 	.word	0x40054000
10001238:	10000f09 	.word	0x10000f09

1000123c <alarm_pool_get_default_timer>:
1000123c:	4800      	ldr	r0, [pc, #0]	@ (10001240 <alarm_pool_get_default_timer+0x4>)
1000123e:	4770      	bx	lr
10001240:	40054000 	.word	0x40054000

10001244 <runtime_init_default_alarm_pool>:
10001244:	b510      	push	{r4, lr}
10001246:	4b0b      	ldr	r3, [pc, #44]	@ (10001274 <runtime_init_default_alarm_pool+0x30>)
10001248:	691b      	ldr	r3, [r3, #16]
1000124a:	2b00      	cmp	r3, #0
1000124c:	d004      	beq.n	10001258 <runtime_init_default_alarm_pool+0x14>
1000124e:	480a      	ldr	r0, [pc, #40]	@ (10001278 <runtime_init_default_alarm_pool+0x34>)
10001250:	210a      	movs	r1, #10
10001252:	f7ff fc0d 	bl	10000a70 <lock_init>
10001256:	bd10      	pop	{r4, pc}
10001258:	f7ff fff0 	bl	1000123c <alarm_pool_get_default_timer>
1000125c:	0004      	movs	r4, r0
1000125e:	2103      	movs	r1, #3
10001260:	f000 f80c 	bl	1000127c <timer_hardware_alarm_claim>
10001264:	4803      	ldr	r0, [pc, #12]	@ (10001274 <runtime_init_default_alarm_pool+0x30>)
10001266:	2310      	movs	r3, #16
10001268:	2203      	movs	r2, #3
1000126a:	0021      	movs	r1, r4
1000126c:	f7ff fe18 	bl	10000ea0 <alarm_pool_post_alloc_init>
10001270:	e7ed      	b.n	1000124e <runtime_init_default_alarm_pool+0xa>
10001272:	46c0      	nop			@ (mov r8, r8)
10001274:	20000c2c 	.word	0x20000c2c
10001278:	2000196c 	.word	0x2000196c

1000127c <timer_hardware_alarm_claim>:
1000127c:	b510      	push	{r4, lr}
1000127e:	4a02      	ldr	r2, [pc, #8]	@ (10001288 <timer_hardware_alarm_claim+0xc>)
10001280:	4802      	ldr	r0, [pc, #8]	@ (1000128c <timer_hardware_alarm_claim+0x10>)
10001282:	f7ff f901 	bl	10000488 <hw_claim_or_assert>
10001286:	bd10      	pop	{r4, pc}
10001288:	10008b94 	.word	0x10008b94
1000128c:	20001220 	.word	0x20001220

10001290 <timer_time_us_64>:
10001290:	0002      	movs	r2, r0
10001292:	6a43      	ldr	r3, [r0, #36]	@ 0x24
10001294:	6a90      	ldr	r0, [r2, #40]	@ 0x28
10001296:	0019      	movs	r1, r3
10001298:	6a53      	ldr	r3, [r2, #36]	@ 0x24
1000129a:	4299      	cmp	r1, r3
1000129c:	d1fa      	bne.n	10001294 <timer_time_us_64+0x4>
1000129e:	4770      	bx	lr

100012a0 <time_us_64>:
100012a0:	b510      	push	{r4, lr}
100012a2:	4802      	ldr	r0, [pc, #8]	@ (100012ac <time_us_64+0xc>)
100012a4:	f7ff fff4 	bl	10001290 <timer_time_us_64>
100012a8:	bd10      	pop	{r4, pc}
100012aa:	46c0      	nop			@ (mov r8, r8)
100012ac:	40054000 	.word	0x40054000

100012b0 <clock_configure_internal>:
100012b0:	b5f8      	push	{r3, r4, r5, r6, r7, lr}
100012b2:	46ce      	mov	lr, r9
100012b4:	4647      	mov	r7, r8
100012b6:	b580      	push	{r7, lr}
100012b8:	0005      	movs	r5, r0
100012ba:	000e      	movs	r6, r1
100012bc:	4690      	mov	r8, r2
100012be:	4699      	mov	r9, r3
100012c0:	0044      	lsls	r4, r0, #1
100012c2:	1824      	adds	r4, r4, r0
100012c4:	00a4      	lsls	r4, r4, #2
100012c6:	4b28      	ldr	r3, [pc, #160]	@ (10001368 <clock_configure_internal+0xb8>)
100012c8:	469c      	mov	ip, r3
100012ca:	4464      	add	r4, ip
100012cc:	6863      	ldr	r3, [r4, #4]
100012ce:	9a08      	ldr	r2, [sp, #32]
100012d0:	4293      	cmp	r3, r2
100012d2:	d200      	bcs.n	100012d6 <clock_configure_internal+0x26>
100012d4:	6062      	str	r2, [r4, #4]
100012d6:	1f2f      	subs	r7, r5, #4
100012d8:	b2ff      	uxtb	r7, r7
100012da:	2f01      	cmp	r7, #1
100012dc:	d92e      	bls.n	1000133c <clock_configure_internal+0x8c>
100012de:	2280      	movs	r2, #128	@ 0x80
100012e0:	0112      	lsls	r2, r2, #4
100012e2:	23c0      	movs	r3, #192	@ 0xc0
100012e4:	019b      	lsls	r3, r3, #6
100012e6:	18e3      	adds	r3, r4, r3
100012e8:	601a      	str	r2, [r3, #0]
100012ea:	4b20      	ldr	r3, [pc, #128]	@ (1000136c <clock_configure_internal+0xbc>)
100012ec:	00aa      	lsls	r2, r5, #2
100012ee:	58d1      	ldr	r1, [r2, r3]
100012f0:	2900      	cmp	r1, #0
100012f2:	d007      	beq.n	10001304 <clock_configure_internal+0x54>
100012f4:	6958      	ldr	r0, [r3, #20]
100012f6:	f000 fadd 	bl	100018b4 <__wrap___aeabi_uidiv>
100012fa:	3001      	adds	r0, #1
100012fc:	0043      	lsls	r3, r0, #1
100012fe:	181b      	adds	r3, r3, r0
10001300:	3b03      	subs	r3, #3
10001302:	d2fd      	bcs.n	10001300 <clock_configure_internal+0x50>
10001304:	4643      	mov	r3, r8
10001306:	015b      	lsls	r3, r3, #5
10001308:	6822      	ldr	r2, [r4, #0]
1000130a:	4053      	eors	r3, r2
1000130c:	22e0      	movs	r2, #224	@ 0xe0
1000130e:	4013      	ands	r3, r2
10001310:	2280      	movs	r2, #128	@ 0x80
10001312:	0152      	lsls	r2, r2, #5
10001314:	18a2      	adds	r2, r4, r2
10001316:	6013      	str	r3, [r2, #0]
10001318:	2f01      	cmp	r7, #1
1000131a:	d91a      	bls.n	10001352 <clock_configure_internal+0xa2>
1000131c:	2380      	movs	r3, #128	@ 0x80
1000131e:	019b      	lsls	r3, r3, #6
10001320:	18e3      	adds	r3, r4, r3
10001322:	2280      	movs	r2, #128	@ 0x80
10001324:	0112      	lsls	r2, r2, #4
10001326:	601a      	str	r2, [r3, #0]
10001328:	9b08      	ldr	r3, [sp, #32]
1000132a:	6063      	str	r3, [r4, #4]
1000132c:	4b0f      	ldr	r3, [pc, #60]	@ (1000136c <clock_configure_internal+0xbc>)
1000132e:	00ad      	lsls	r5, r5, #2
10001330:	464a      	mov	r2, r9
10001332:	50ea      	str	r2, [r5, r3]
10001334:	bcc0      	pop	{r6, r7}
10001336:	46b9      	mov	r9, r7
10001338:	46b0      	mov	r8, r6
1000133a:	bdf8      	pop	{r3, r4, r5, r6, r7, pc}
1000133c:	2e01      	cmp	r6, #1
1000133e:	d1ce      	bne.n	100012de <clock_configure_internal+0x2e>
10001340:	2203      	movs	r2, #3
10001342:	23c0      	movs	r3, #192	@ 0xc0
10001344:	019b      	lsls	r3, r3, #6
10001346:	18e3      	adds	r3, r4, r3
10001348:	601a      	str	r2, [r3, #0]
1000134a:	68a3      	ldr	r3, [r4, #8]
1000134c:	07db      	lsls	r3, r3, #31
1000134e:	d5fc      	bpl.n	1000134a <clock_configure_internal+0x9a>
10001350:	e7d8      	b.n	10001304 <clock_configure_internal+0x54>
10001352:	6821      	ldr	r1, [r4, #0]
10001354:	4071      	eors	r1, r6
10001356:	2303      	movs	r3, #3
10001358:	400b      	ands	r3, r1
1000135a:	6013      	str	r3, [r2, #0]
1000135c:	68a3      	ldr	r3, [r4, #8]
1000135e:	2201      	movs	r2, #1
10001360:	40b2      	lsls	r2, r6
10001362:	421a      	tst	r2, r3
10001364:	d0fa      	beq.n	1000135c <clock_configure_internal+0xac>
10001366:	e7d9      	b.n	1000131c <clock_configure_internal+0x6c>
10001368:	40008000 	.word	0x40008000
1000136c:	20001224 	.word	0x20001224

10001370 <clock_configure_int_divider>:
10001370:	b570      	push	{r4, r5, r6, lr}
10001372:	b082      	sub	sp, #8
10001374:	0006      	movs	r6, r0
10001376:	000d      	movs	r5, r1
10001378:	0014      	movs	r4, r2
1000137a:	0018      	movs	r0, r3
1000137c:	9906      	ldr	r1, [sp, #24]
1000137e:	f000 fa99 	bl	100018b4 <__wrap___aeabi_uidiv>
10001382:	0003      	movs	r3, r0
10001384:	9a06      	ldr	r2, [sp, #24]
10001386:	0211      	lsls	r1, r2, #8
10001388:	9100      	str	r1, [sp, #0]
1000138a:	0022      	movs	r2, r4
1000138c:	0029      	movs	r1, r5
1000138e:	0030      	movs	r0, r6
10001390:	f7ff ff8e 	bl	100012b0 <clock_configure_internal>
10001394:	b002      	add	sp, #8
10001396:	bd70      	pop	{r4, r5, r6, pc}

10001398 <clock_configure_undivided>:
10001398:	b510      	push	{r4, lr}
1000139a:	b082      	sub	sp, #8
1000139c:	2480      	movs	r4, #128	@ 0x80
1000139e:	0064      	lsls	r4, r4, #1
100013a0:	9400      	str	r4, [sp, #0]
100013a2:	f7ff ff85 	bl	100012b0 <clock_configure_internal>
100013a6:	b002      	add	sp, #8
100013a8:	bd10      	pop	{r4, pc}
	...

100013ac <clock_get_hz>:
100013ac:	4b01      	ldr	r3, [pc, #4]	@ (100013b4 <clock_get_hz+0x8>)
100013ae:	0080      	lsls	r0, r0, #2
100013b0:	58c0      	ldr	r0, [r0, r3]
100013b2:	4770      	bx	lr
100013b4:	20001224 	.word	0x20001224

100013b8 <pll_init>:
100013b8:	b5f0      	push	{r4, r5, r6, r7, lr}
100013ba:	46c6      	mov	lr, r8
100013bc:	b500      	push	{lr}
100013be:	0004      	movs	r4, r0
100013c0:	000e      	movs	r6, r1
100013c2:	0017      	movs	r7, r2
100013c4:	001d      	movs	r5, r3
100013c6:	4837      	ldr	r0, [pc, #220]	@ (100014a4 <pll_init+0xec>)
100013c8:	f000 fa74 	bl	100018b4 <__wrap___aeabi_uidiv>
100013cc:	4680      	mov	r8, r0
100013ce:	4b36      	ldr	r3, [pc, #216]	@ (100014a8 <pll_init+0xf0>)
100013d0:	18fa      	adds	r2, r7, r3
100013d2:	4b36      	ldr	r3, [pc, #216]	@ (100014ac <pll_init+0xf4>)
100013d4:	429a      	cmp	r2, r3
100013d6:	d839      	bhi.n	1000144c <pll_init+0x94>
100013d8:	0001      	movs	r1, r0
100013da:	0038      	movs	r0, r7
100013dc:	f000 fa6a 	bl	100018b4 <__wrap___aeabi_uidiv>
100013e0:	0002      	movs	r2, r0
100013e2:	3a10      	subs	r2, #16
100013e4:	2398      	movs	r3, #152	@ 0x98
100013e6:	005b      	lsls	r3, r3, #1
100013e8:	429a      	cmp	r2, r3
100013ea:	d835      	bhi.n	10001458 <pll_init+0xa0>
100013ec:	1e6b      	subs	r3, r5, #1
100013ee:	2b06      	cmp	r3, #6
100013f0:	d838      	bhi.n	10001464 <pll_init+0xac>
100013f2:	9b06      	ldr	r3, [sp, #24]
100013f4:	3b01      	subs	r3, #1
100013f6:	2b06      	cmp	r3, #6
100013f8:	d834      	bhi.n	10001464 <pll_init+0xac>
100013fa:	093f      	lsrs	r7, r7, #4
100013fc:	4547      	cmp	r7, r8
100013fe:	d337      	bcc.n	10001470 <pll_init+0xb8>
10001400:	042d      	lsls	r5, r5, #16
10001402:	9b06      	ldr	r3, [sp, #24]
10001404:	031b      	lsls	r3, r3, #12
10001406:	431d      	orrs	r5, r3
10001408:	6823      	ldr	r3, [r4, #0]
1000140a:	2b00      	cmp	r3, #0
1000140c:	db36      	blt.n	1000147c <pll_init+0xc4>
1000140e:	4b28      	ldr	r3, [pc, #160]	@ (100014b0 <pll_init+0xf8>)
10001410:	429c      	cmp	r4, r3
10001412:	d044      	beq.n	1000149e <pll_init+0xe6>
10001414:	220c      	movs	r2, #12
10001416:	2301      	movs	r3, #1
10001418:	4093      	lsls	r3, r2
1000141a:	4a26      	ldr	r2, [pc, #152]	@ (100014b4 <pll_init+0xfc>)
1000141c:	6013      	str	r3, [r2, #0]
1000141e:	4a26      	ldr	r2, [pc, #152]	@ (100014b8 <pll_init+0x100>)
10001420:	6013      	str	r3, [r2, #0]
10001422:	4a26      	ldr	r2, [pc, #152]	@ (100014bc <pll_init+0x104>)
10001424:	6812      	ldr	r2, [r2, #0]
10001426:	0019      	movs	r1, r3
10001428:	4391      	bics	r1, r2
1000142a:	1e0a      	subs	r2, r1, #0
1000142c:	d1f9      	bne.n	10001422 <pll_init+0x6a>
1000142e:	6026      	str	r6, [r4, #0]
10001430:	60a0      	str	r0, [r4, #8]
10001432:	4b23      	ldr	r3, [pc, #140]	@ (100014c0 <pll_init+0x108>)
10001434:	18e3      	adds	r3, r4, r3
10001436:	3221      	adds	r2, #33	@ 0x21
10001438:	601a      	str	r2, [r3, #0]
1000143a:	6822      	ldr	r2, [r4, #0]
1000143c:	2a00      	cmp	r2, #0
1000143e:	dafc      	bge.n	1000143a <pll_init+0x82>
10001440:	60e5      	str	r5, [r4, #12]
10001442:	2208      	movs	r2, #8
10001444:	601a      	str	r2, [r3, #0]
10001446:	bc80      	pop	{r7}
10001448:	46b8      	mov	r8, r7
1000144a:	bdf0      	pop	{r4, r5, r6, r7, pc}
1000144c:	4b1d      	ldr	r3, [pc, #116]	@ (100014c4 <pll_init+0x10c>)
1000144e:	4a1e      	ldr	r2, [pc, #120]	@ (100014c8 <pll_init+0x110>)
10001450:	481e      	ldr	r0, [pc, #120]	@ (100014cc <pll_init+0x114>)
10001452:	2111      	movs	r1, #17
10001454:	f002 fa2a 	bl	100038ac <__assert_func>
10001458:	4b1d      	ldr	r3, [pc, #116]	@ (100014d0 <pll_init+0x118>)
1000145a:	4a1b      	ldr	r2, [pc, #108]	@ (100014c8 <pll_init+0x110>)
1000145c:	481b      	ldr	r0, [pc, #108]	@ (100014cc <pll_init+0x114>)
1000145e:	2119      	movs	r1, #25
10001460:	f002 fa24 	bl	100038ac <__assert_func>
10001464:	4b1b      	ldr	r3, [pc, #108]	@ (100014d4 <pll_init+0x11c>)
10001466:	4a18      	ldr	r2, [pc, #96]	@ (100014c8 <pll_init+0x110>)
10001468:	4818      	ldr	r0, [pc, #96]	@ (100014cc <pll_init+0x114>)
1000146a:	211c      	movs	r1, #28
1000146c:	f002 fa1e 	bl	100038ac <__assert_func>
10001470:	4b19      	ldr	r3, [pc, #100]	@ (100014d8 <pll_init+0x120>)
10001472:	4a15      	ldr	r2, [pc, #84]	@ (100014c8 <pll_init+0x110>)
10001474:	4815      	ldr	r0, [pc, #84]	@ (100014cc <pll_init+0x114>)
10001476:	2123      	movs	r1, #35	@ 0x23
10001478:	f002 fa18 	bl	100038ac <__assert_func>
1000147c:	6822      	ldr	r2, [r4, #0]
1000147e:	233f      	movs	r3, #63	@ 0x3f
10001480:	4013      	ands	r3, r2
10001482:	42b3      	cmp	r3, r6
10001484:	d1c3      	bne.n	1000140e <pll_init+0x56>
10001486:	68a3      	ldr	r3, [r4, #8]
10001488:	051b      	lsls	r3, r3, #20
1000148a:	0d1b      	lsrs	r3, r3, #20
1000148c:	4283      	cmp	r3, r0
1000148e:	d1be      	bne.n	1000140e <pll_init+0x56>
10001490:	68e3      	ldr	r3, [r4, #12]
10001492:	22ee      	movs	r2, #238	@ 0xee
10001494:	02d2      	lsls	r2, r2, #11
10001496:	4013      	ands	r3, r2
10001498:	42ab      	cmp	r3, r5
1000149a:	d1b8      	bne.n	1000140e <pll_init+0x56>
1000149c:	e7d3      	b.n	10001446 <pll_init+0x8e>
1000149e:	220d      	movs	r2, #13
100014a0:	e7b9      	b.n	10001416 <pll_init+0x5e>
100014a2:	46c0      	nop			@ (mov r8, r8)
100014a4:	00b71b00 	.word	0x00b71b00
100014a8:	d34be880 	.word	0xd34be880
100014ac:	32a9f880 	.word	0x32a9f880
100014b0:	4002c000 	.word	0x4002c000
100014b4:	4000e000 	.word	0x4000e000
100014b8:	4000f000 	.word	0x4000f000
100014bc:	4000c008 	.word	0x4000c008
100014c0:	00003004 	.word	0x00003004
100014c4:	10008bb8 	.word	0x10008bb8
100014c8:	100097b4 	.word	0x100097b4
100014cc:	10008c08 	.word	0x10008c08
100014d0:	10008c64 	.word	0x10008c64
100014d4:	10008c80 	.word	0x10008c80
100014d8:	10008ccc 	.word	0x10008ccc

100014dc <watchdog_update>:
100014dc:	4b02      	ldr	r3, [pc, #8]	@ (100014e8 <watchdog_update+0xc>)
100014de:	681a      	ldr	r2, [r3, #0]
100014e0:	4b02      	ldr	r3, [pc, #8]	@ (100014ec <watchdog_update+0x10>)
100014e2:	605a      	str	r2, [r3, #4]
100014e4:	4770      	bx	lr
100014e6:	46c0      	nop			@ (mov r8, r8)
100014e8:	20001680 	.word	0x20001680
100014ec:	40058000 	.word	0x40058000

100014f0 <_watchdog_enable>:
100014f0:	b510      	push	{r4, lr}
100014f2:	4b17      	ldr	r3, [pc, #92]	@ (10001550 <_watchdog_enable+0x60>)
100014f4:	2280      	movs	r2, #128	@ 0x80
100014f6:	05d2      	lsls	r2, r2, #23
100014f8:	601a      	str	r2, [r3, #0]
100014fa:	4b16      	ldr	r3, [pc, #88]	@ (10001554 <_watchdog_enable+0x64>)
100014fc:	4a16      	ldr	r2, [pc, #88]	@ (10001558 <_watchdog_enable+0x68>)
100014fe:	601a      	str	r2, [r3, #0]
10001500:	2900      	cmp	r1, #0
10001502:	d00a      	beq.n	1000151a <_watchdog_enable+0x2a>
10001504:	4b15      	ldr	r3, [pc, #84]	@ (1000155c <_watchdog_enable+0x6c>)
10001506:	22e0      	movs	r2, #224	@ 0xe0
10001508:	04d2      	lsls	r2, r2, #19
1000150a:	601a      	str	r2, [r3, #0]
1000150c:	2800      	cmp	r0, #0
1000150e:	d109      	bne.n	10001524 <_watchdog_enable+0x34>
10001510:	4b12      	ldr	r3, [pc, #72]	@ (1000155c <_watchdog_enable+0x6c>)
10001512:	2280      	movs	r2, #128	@ 0x80
10001514:	0612      	lsls	r2, r2, #24
10001516:	601a      	str	r2, [r3, #0]
10001518:	bd10      	pop	{r4, pc}
1000151a:	4b0d      	ldr	r3, [pc, #52]	@ (10001550 <_watchdog_enable+0x60>)
1000151c:	22e0      	movs	r2, #224	@ 0xe0
1000151e:	04d2      	lsls	r2, r2, #19
10001520:	601a      	str	r2, [r3, #0]
10001522:	e7f3      	b.n	1000150c <_watchdog_enable+0x1c>
10001524:	0143      	lsls	r3, r0, #5
10001526:	1a1b      	subs	r3, r3, r0
10001528:	009b      	lsls	r3, r3, #2
1000152a:	1818      	adds	r0, r3, r0
1000152c:	0100      	lsls	r0, r0, #4
1000152e:	4b0c      	ldr	r3, [pc, #48]	@ (10001560 <_watchdog_enable+0x70>)
10001530:	6018      	str	r0, [r3, #0]
10001532:	2380      	movs	r3, #128	@ 0x80
10001534:	045b      	lsls	r3, r3, #17
10001536:	4298      	cmp	r0, r3
10001538:	d302      	bcc.n	10001540 <_watchdog_enable+0x50>
1000153a:	4b09      	ldr	r3, [pc, #36]	@ (10001560 <_watchdog_enable+0x70>)
1000153c:	4a09      	ldr	r2, [pc, #36]	@ (10001564 <_watchdog_enable+0x74>)
1000153e:	601a      	str	r2, [r3, #0]
10001540:	f7ff ffcc 	bl	100014dc <watchdog_update>
10001544:	4b05      	ldr	r3, [pc, #20]	@ (1000155c <_watchdog_enable+0x6c>)
10001546:	2280      	movs	r2, #128	@ 0x80
10001548:	05d2      	lsls	r2, r2, #23
1000154a:	601a      	str	r2, [r3, #0]
1000154c:	e7e4      	b.n	10001518 <_watchdog_enable+0x28>
1000154e:	46c0      	nop			@ (mov r8, r8)
10001550:	4005b000 	.word	0x4005b000
10001554:	40012008 	.word	0x40012008
10001558:	0001fffc 	.word	0x0001fffc
1000155c:	4005a000 	.word	0x4005a000
10001560:	20001680 	.word	0x20001680
10001564:	00ffffff 	.word	0x00ffffff

10001568 <watchdog_reboot>:
10001568:	b510      	push	{r4, lr}
1000156a:	0003      	movs	r3, r0
1000156c:	000c      	movs	r4, r1
1000156e:	0010      	movs	r0, r2
10001570:	4a0b      	ldr	r2, [pc, #44]	@ (100015a0 <watchdog_reboot+0x38>)
10001572:	2180      	movs	r1, #128	@ 0x80
10001574:	05c9      	lsls	r1, r1, #23
10001576:	6011      	str	r1, [r2, #0]
10001578:	2b00      	cmp	r3, #0
1000157a:	d00d      	beq.n	10001598 <watchdog_reboot+0x30>
1000157c:	2201      	movs	r2, #1
1000157e:	4313      	orrs	r3, r2
10001580:	4a08      	ldr	r2, [pc, #32]	@ (100015a4 <watchdog_reboot+0x3c>)
10001582:	4909      	ldr	r1, [pc, #36]	@ (100015a8 <watchdog_reboot+0x40>)
10001584:	61d1      	str	r1, [r2, #28]
10001586:	4909      	ldr	r1, [pc, #36]	@ (100015ac <watchdog_reboot+0x44>)
10001588:	4059      	eors	r1, r3
1000158a:	6211      	str	r1, [r2, #32]
1000158c:	6254      	str	r4, [r2, #36]	@ 0x24
1000158e:	6293      	str	r3, [r2, #40]	@ 0x28
10001590:	2100      	movs	r1, #0
10001592:	f7ff ffad 	bl	100014f0 <_watchdog_enable>
10001596:	bd10      	pop	{r4, pc}
10001598:	4b02      	ldr	r3, [pc, #8]	@ (100015a4 <watchdog_reboot+0x3c>)
1000159a:	2200      	movs	r2, #0
1000159c:	61da      	str	r2, [r3, #28]
1000159e:	e7f7      	b.n	10001590 <watchdog_reboot+0x28>
100015a0:	4005b000 	.word	0x4005b000
100015a4:	40058000 	.word	0x40058000
100015a8:	b007c0d3 	.word	0xb007c0d3
100015ac:	4ff83f2d 	.word	0x4ff83f2d

100015b0 <tick_start>:
100015b0:	2380      	movs	r3, #128	@ 0x80
100015b2:	009b      	lsls	r3, r3, #2
100015b4:	430b      	orrs	r3, r1
100015b6:	4a01      	ldr	r2, [pc, #4]	@ (100015bc <tick_start+0xc>)
100015b8:	62d3      	str	r3, [r2, #44]	@ 0x2c
100015ba:	4770      	bx	lr
100015bc:	40058000 	.word	0x40058000

100015c0 <rom_func_lookup>:
100015c0:	b510      	push	{r4, lr}
100015c2:	0001      	movs	r1, r0
100015c4:	2318      	movs	r3, #24
100015c6:	881b      	ldrh	r3, [r3, #0]
100015c8:	2214      	movs	r2, #20
100015ca:	8810      	ldrh	r0, [r2, #0]
100015cc:	4798      	blx	r3
100015ce:	bd10      	pop	{r4, pc}

100015d0 <rom_data_lookup>:
100015d0:	b510      	push	{r4, lr}
100015d2:	0001      	movs	r1, r0
100015d4:	2318      	movs	r3, #24
100015d6:	881b      	ldrh	r3, [r3, #0]
100015d8:	2216      	movs	r2, #22
100015da:	8810      	ldrh	r0, [r2, #0]
100015dc:	4798      	blx	r3
100015de:	bd10      	pop	{r4, pc}

100015e0 <rom_funcs_lookup>:
100015e0:	b5f0      	push	{r4, r5, r6, r7, lr}
100015e2:	46c6      	mov	lr, r8
100015e4:	b500      	push	{lr}
100015e6:	0007      	movs	r7, r0
100015e8:	000e      	movs	r6, r1
100015ea:	2500      	movs	r5, #0
100015ec:	2301      	movs	r3, #1
100015ee:	4698      	mov	r8, r3
100015f0:	e000      	b.n	100015f4 <rom_funcs_lookup+0x14>
100015f2:	3501      	adds	r5, #1
100015f4:	42b5      	cmp	r5, r6
100015f6:	d20a      	bcs.n	1000160e <rom_funcs_lookup+0x2e>
100015f8:	00ac      	lsls	r4, r5, #2
100015fa:	193c      	adds	r4, r7, r4
100015fc:	6820      	ldr	r0, [r4, #0]
100015fe:	f7ff ffdf 	bl	100015c0 <rom_func_lookup>
10001602:	6020      	str	r0, [r4, #0]
10001604:	2800      	cmp	r0, #0
10001606:	d1f4      	bne.n	100015f2 <rom_funcs_lookup+0x12>
10001608:	2300      	movs	r3, #0
1000160a:	4698      	mov	r8, r3
1000160c:	e7f1      	b.n	100015f2 <rom_funcs_lookup+0x12>
1000160e:	4640      	mov	r0, r8
10001610:	bc80      	pop	{r7}
10001612:	46b8      	mov	r8, r7
10001614:	bdf0      	pop	{r4, r5, r6, r7, pc}
	...

10001618 <rom_reset_usb_boot_extra>:
10001618:	b570      	push	{r4, r5, r6, lr}
1000161a:	0004      	movs	r4, r0
1000161c:	000d      	movs	r5, r1
1000161e:	4806      	ldr	r0, [pc, #24]	@ (10001638 <rom_reset_usb_boot_extra+0x20>)
10001620:	f7ff ffce 	bl	100015c0 <rom_func_lookup>
10001624:	0003      	movs	r3, r0
10001626:	2c00      	cmp	r4, #0
10001628:	db03      	blt.n	10001632 <rom_reset_usb_boot_extra+0x1a>
1000162a:	2001      	movs	r0, #1
1000162c:	40a0      	lsls	r0, r4
1000162e:	0029      	movs	r1, r5
10001630:	4798      	blx	r3
10001632:	2000      	movs	r0, #0
10001634:	e7fb      	b.n	1000162e <rom_reset_usb_boot_extra+0x16>
10001636:	46c0      	nop			@ (mov r8, r8)
10001638:	00004255 	.word	0x00004255

1000163c <xosc_init>:
1000163c:	4b07      	ldr	r3, [pc, #28]	@ (1000165c <xosc_init+0x20>)
1000163e:	22aa      	movs	r2, #170	@ 0xaa
10001640:	0112      	lsls	r2, r2, #4
10001642:	601a      	str	r2, [r3, #0]
10001644:	228d      	movs	r2, #141	@ 0x8d
10001646:	0052      	lsls	r2, r2, #1
10001648:	60da      	str	r2, [r3, #12]
1000164a:	4b05      	ldr	r3, [pc, #20]	@ (10001660 <xosc_init+0x24>)
1000164c:	4a05      	ldr	r2, [pc, #20]	@ (10001664 <xosc_init+0x28>)
1000164e:	601a      	str	r2, [r3, #0]
10001650:	4b02      	ldr	r3, [pc, #8]	@ (1000165c <xosc_init+0x20>)
10001652:	685b      	ldr	r3, [r3, #4]
10001654:	2b00      	cmp	r3, #0
10001656:	dafb      	bge.n	10001650 <xosc_init+0x14>
10001658:	4770      	bx	lr
1000165a:	46c0      	nop			@ (mov r8, r8)
1000165c:	40024000 	.word	0x40024000
10001660:	40026000 	.word	0x40026000
10001664:	00fab000 	.word	0x00fab000

10001668 <runtime_run_initializers_from>:
10001668:	b510      	push	{r4, lr}
1000166a:	0004      	movs	r4, r0
1000166c:	e001      	b.n	10001672 <runtime_run_initializers_from+0xa>
1000166e:	cc08      	ldmia	r4!, {r3}
10001670:	4798      	blx	r3
10001672:	4b02      	ldr	r3, [pc, #8]	@ (1000167c <runtime_run_initializers_from+0x14>)
10001674:	429c      	cmp	r4, r3
10001676:	d3fa      	bcc.n	1000166e <runtime_run_initializers_from+0x6>
10001678:	bd10      	pop	{r4, pc}
1000167a:	46c0      	nop			@ (mov r8, r8)
1000167c:	10008708 	.word	0x10008708

10001680 <first_per_core_initializer>:
10001680:	4770      	bx	lr
	...

10001684 <runtime_run_initializers>:
10001684:	b510      	push	{r4, lr}
10001686:	4802      	ldr	r0, [pc, #8]	@ (10001690 <runtime_run_initializers+0xc>)
10001688:	f7ff ffee 	bl	10001668 <runtime_run_initializers_from>
1000168c:	bd10      	pop	{r4, pc}
1000168e:	46c0      	nop			@ (mov r8, r8)
10001690:	100086c8 	.word	0x100086c8

10001694 <runtime_init_early_resets>:
10001694:	4b05      	ldr	r3, [pc, #20]	@ (100016ac <runtime_init_early_resets+0x18>)
10001696:	4a06      	ldr	r2, [pc, #24]	@ (100016b0 <runtime_init_early_resets+0x1c>)
10001698:	601a      	str	r2, [r3, #0]
1000169a:	4b06      	ldr	r3, [pc, #24]	@ (100016b4 <runtime_init_early_resets+0x20>)
1000169c:	4a06      	ldr	r2, [pc, #24]	@ (100016b8 <runtime_init_early_resets+0x24>)
1000169e:	601a      	str	r2, [r3, #0]
100016a0:	4b06      	ldr	r3, [pc, #24]	@ (100016bc <runtime_init_early_resets+0x28>)
100016a2:	681a      	ldr	r2, [r3, #0]
100016a4:	4b04      	ldr	r3, [pc, #16]	@ (100016b8 <runtime_init_early_resets+0x24>)
100016a6:	4393      	bics	r3, r2
100016a8:	d1fa      	bne.n	100016a0 <runtime_init_early_resets+0xc>
100016aa:	4770      	bx	lr
100016ac:	4000e000 	.word	0x4000e000
100016b0:	fefbcdbf 	.word	0xfefbcdbf
100016b4:	4000f000 	.word	0x4000f000
100016b8:	003c7ffe 	.word	0x003c7ffe
100016bc:	4000c008 	.word	0x4000c008

100016c0 <runtime_init_usb_power_down>:
100016c0:	4b04      	ldr	r3, [pc, #16]	@ (100016d4 <runtime_init_usb_power_down+0x14>)
100016c2:	6cdb      	ldr	r3, [r3, #76]	@ 0x4c
100016c4:	2b00      	cmp	r3, #0
100016c6:	d103      	bne.n	100016d0 <runtime_init_usb_power_down+0x10>
100016c8:	4b03      	ldr	r3, [pc, #12]	@ (100016d8 <runtime_init_usb_power_down+0x18>)
100016ca:	2280      	movs	r2, #128	@ 0x80
100016cc:	02d2      	lsls	r2, r2, #11
100016ce:	601a      	str	r2, [r3, #0]
100016d0:	4770      	bx	lr
100016d2:	46c0      	nop			@ (mov r8, r8)
100016d4:	50110000 	.word	0x50110000
100016d8:	5011204c 	.word	0x5011204c

100016dc <runtime_init_post_clock_resets>:
100016dc:	4b04      	ldr	r3, [pc, #16]	@ (100016f0 <runtime_init_post_clock_resets+0x14>)
100016de:	4a05      	ldr	r2, [pc, #20]	@ (100016f4 <runtime_init_post_clock_resets+0x18>)
100016e0:	601a      	str	r2, [r3, #0]
100016e2:	4b05      	ldr	r3, [pc, #20]	@ (100016f8 <runtime_init_post_clock_resets+0x1c>)
100016e4:	681b      	ldr	r3, [r3, #0]
100016e6:	43db      	mvns	r3, r3
100016e8:	01db      	lsls	r3, r3, #7
100016ea:	d1fa      	bne.n	100016e2 <runtime_init_post_clock_resets+0x6>
100016ec:	4770      	bx	lr
100016ee:	46c0      	nop			@ (mov r8, r8)
100016f0:	4000f000 	.word	0x4000f000
100016f4:	01ffffff 	.word	0x01ffffff
100016f8:	4000c008 	.word	0x4000c008

100016fc <runtime_init_rp2040_gpio_ie_disable>:
100016fc:	4b03      	ldr	r3, [pc, #12]	@ (1000170c <runtime_init_rp2040_gpio_ie_disable+0x10>)
100016fe:	2240      	movs	r2, #64	@ 0x40
10001700:	679a      	str	r2, [r3, #120]	@ 0x78
10001702:	675a      	str	r2, [r3, #116]	@ 0x74
10001704:	671a      	str	r2, [r3, #112]	@ 0x70
10001706:	66da      	str	r2, [r3, #108]	@ 0x6c
10001708:	4770      	bx	lr
1000170a:	46c0      	nop			@ (mov r8, r8)
1000170c:	4001f000 	.word	0x4001f000

10001710 <runtime_init_spin_locks_reset>:
10001710:	b510      	push	{r4, lr}
10001712:	f7fe ff1b 	bl	1000054c <spin_locks_reset>
10001716:	bd10      	pop	{r4, pc}

10001718 <runtime_init_install_ram_vector_table>:
10001718:	b510      	push	{r4, lr}
1000171a:	4c0c      	ldr	r4, [pc, #48]	@ (1000174c <runtime_init_install_ram_vector_table+0x34>)
1000171c:	4b0c      	ldr	r3, [pc, #48]	@ (10001750 <runtime_init_install_ram_vector_table+0x38>)
1000171e:	1ae4      	subs	r4, r4, r3
10001720:	08a4      	lsrs	r4, r4, #2
10001722:	0022      	movs	r2, r4
10001724:	2c30      	cmp	r4, #48	@ 0x30
10001726:	d900      	bls.n	1000172a <runtime_init_install_ram_vector_table+0x12>
10001728:	2230      	movs	r2, #48	@ 0x30
1000172a:	0092      	lsls	r2, r2, #2
1000172c:	4809      	ldr	r0, [pc, #36]	@ (10001754 <runtime_init_install_ram_vector_table+0x3c>)
1000172e:	4908      	ldr	r1, [pc, #32]	@ (10001750 <runtime_init_install_ram_vector_table+0x38>)
10001730:	f000 ffbc 	bl	100026ac <__wrap___aeabi_memcpy>
10001734:	e004      	b.n	10001740 <runtime_init_install_ram_vector_table+0x28>
10001736:	4a08      	ldr	r2, [pc, #32]	@ (10001758 <runtime_init_install_ram_vector_table+0x40>)
10001738:	4b06      	ldr	r3, [pc, #24]	@ (10001754 <runtime_init_install_ram_vector_table+0x3c>)
1000173a:	00a1      	lsls	r1, r4, #2
1000173c:	50ca      	str	r2, [r1, r3]
1000173e:	3401      	adds	r4, #1
10001740:	2c2f      	cmp	r4, #47	@ 0x2f
10001742:	d9f8      	bls.n	10001736 <runtime_init_install_ram_vector_table+0x1e>
10001744:	4b03      	ldr	r3, [pc, #12]	@ (10001754 <runtime_init_install_ram_vector_table+0x3c>)
10001746:	4a05      	ldr	r2, [pc, #20]	@ (1000175c <runtime_init_install_ram_vector_table+0x44>)
10001748:	6093      	str	r3, [r2, #8]
1000174a:	bd10      	pop	{r4, pc}
1000174c:	100001c0 	.word	0x100001c0
10001750:	10000100 	.word	0x10000100
10001754:	20000000 	.word	0x20000000
10001758:	100001c1 	.word	0x100001c1
1000175c:	e000ed00 	.word	0xe000ed00

10001760 <start_all_ticks>:
10001760:	b570      	push	{r4, r5, r6, lr}
10001762:	2004      	movs	r0, #4
10001764:	f7ff fe22 	bl	100013ac <clock_get_hz>
10001768:	4906      	ldr	r1, [pc, #24]	@ (10001784 <start_all_ticks+0x24>)
1000176a:	f000 f8a3 	bl	100018b4 <__wrap___aeabi_uidiv>
1000176e:	0005      	movs	r5, r0
10001770:	2400      	movs	r4, #0
10001772:	2c00      	cmp	r4, #0
10001774:	dd00      	ble.n	10001778 <start_all_ticks+0x18>
10001776:	bd70      	pop	{r4, r5, r6, pc}
10001778:	b2e0      	uxtb	r0, r4
1000177a:	0029      	movs	r1, r5
1000177c:	f7ff ff18 	bl	100015b0 <tick_start>
10001780:	3401      	adds	r4, #1
10001782:	e7f6      	b.n	10001772 <start_all_ticks+0x12>
10001784:	000f4240 	.word	0x000f4240

10001788 <runtime_init_clocks>:
10001788:	b530      	push	{r4, r5, lr}
1000178a:	b083      	sub	sp, #12
1000178c:	4b27      	ldr	r3, [pc, #156]	@ (1000182c <runtime_init_clocks+0xa4>)
1000178e:	2200      	movs	r2, #0
10001790:	679a      	str	r2, [r3, #120]	@ 0x78
10001792:	f7ff ff53 	bl	1000163c <xosc_init>
10001796:	4b26      	ldr	r3, [pc, #152]	@ (10001830 <runtime_init_clocks+0xa8>)
10001798:	2201      	movs	r2, #1
1000179a:	601a      	str	r2, [r3, #0]
1000179c:	4b23      	ldr	r3, [pc, #140]	@ (1000182c <runtime_init_clocks+0xa4>)
1000179e:	6c5b      	ldr	r3, [r3, #68]	@ 0x44
100017a0:	2b01      	cmp	r3, #1
100017a2:	d1fb      	bne.n	1000179c <runtime_init_clocks+0x14>
100017a4:	4b23      	ldr	r3, [pc, #140]	@ (10001834 <runtime_init_clocks+0xac>)
100017a6:	2203      	movs	r2, #3
100017a8:	601a      	str	r2, [r3, #0]
100017aa:	4b20      	ldr	r3, [pc, #128]	@ (1000182c <runtime_init_clocks+0xa4>)
100017ac:	6b9b      	ldr	r3, [r3, #56]	@ 0x38
100017ae:	2b01      	cmp	r3, #1
100017b0:	d1fb      	bne.n	100017aa <runtime_init_clocks+0x22>
100017b2:	3301      	adds	r3, #1
100017b4:	9300      	str	r3, [sp, #0]
100017b6:	3304      	adds	r3, #4
100017b8:	4a1f      	ldr	r2, [pc, #124]	@ (10001838 <runtime_init_clocks+0xb0>)
100017ba:	2101      	movs	r1, #1
100017bc:	481f      	ldr	r0, [pc, #124]	@ (1000183c <runtime_init_clocks+0xb4>)
100017be:	f7ff fdfb 	bl	100013b8 <pll_init>
100017c2:	2305      	movs	r3, #5
100017c4:	9300      	str	r3, [sp, #0]
100017c6:	4a1e      	ldr	r2, [pc, #120]	@ (10001840 <runtime_init_clocks+0xb8>)
100017c8:	2101      	movs	r1, #1
100017ca:	481e      	ldr	r0, [pc, #120]	@ (10001844 <runtime_init_clocks+0xbc>)
100017cc:	f7ff fdf4 	bl	100013b8 <pll_init>
100017d0:	4b1d      	ldr	r3, [pc, #116]	@ (10001848 <runtime_init_clocks+0xc0>)
100017d2:	2200      	movs	r2, #0
100017d4:	2102      	movs	r1, #2
100017d6:	2004      	movs	r0, #4
100017d8:	f7ff fdde 	bl	10001398 <clock_configure_undivided>
100017dc:	4d1b      	ldr	r5, [pc, #108]	@ (1000184c <runtime_init_clocks+0xc4>)
100017de:	002b      	movs	r3, r5
100017e0:	2200      	movs	r2, #0
100017e2:	2101      	movs	r1, #1
100017e4:	2005      	movs	r0, #5
100017e6:	f7ff fdd7 	bl	10001398 <clock_configure_undivided>
100017ea:	4c19      	ldr	r4, [pc, #100]	@ (10001850 <runtime_init_clocks+0xc8>)
100017ec:	0023      	movs	r3, r4
100017ee:	2200      	movs	r2, #0
100017f0:	2100      	movs	r1, #0
100017f2:	2007      	movs	r0, #7
100017f4:	f7ff fdd0 	bl	10001398 <clock_configure_undivided>
100017f8:	0023      	movs	r3, r4
100017fa:	2200      	movs	r2, #0
100017fc:	2100      	movs	r1, #0
100017fe:	2008      	movs	r0, #8
10001800:	f7ff fdca 	bl	10001398 <clock_configure_undivided>
10001804:	2380      	movs	r3, #128	@ 0x80
10001806:	00db      	lsls	r3, r3, #3
10001808:	9300      	str	r3, [sp, #0]
1000180a:	0023      	movs	r3, r4
1000180c:	2200      	movs	r2, #0
1000180e:	2100      	movs	r1, #0
10001810:	2009      	movs	r0, #9
10001812:	f7ff fdad 	bl	10001370 <clock_configure_int_divider>
10001816:	002b      	movs	r3, r5
10001818:	2200      	movs	r2, #0
1000181a:	2100      	movs	r1, #0
1000181c:	2006      	movs	r0, #6
1000181e:	f7ff fdbb 	bl	10001398 <clock_configure_undivided>
10001822:	f7ff ff9d 	bl	10001760 <start_all_ticks>
10001826:	b003      	add	sp, #12
10001828:	bd30      	pop	{r4, r5, pc}
1000182a:	46c0      	nop			@ (mov r8, r8)
1000182c:	40008000 	.word	0x40008000
10001830:	4000b03c 	.word	0x4000b03c
10001834:	4000b030 	.word	0x4000b030
10001838:	59682f00 	.word	0x59682f00
1000183c:	40028000 	.word	0x40028000
10001840:	47868c00 	.word	0x47868c00
10001844:	4002c000 	.word	0x4002c000
10001848:	00b71b00 	.word	0x00b71b00
1000184c:	07735940 	.word	0x07735940
10001850:	02dc6c00 	.word	0x02dc6c00

10001854 <__aeabi_bits_init>:
10001854:	4801      	ldr	r0, [pc, #4]	@ (1000185c <__aeabi_bits_init+0x8>)
10001856:	2104      	movs	r1, #4
10001858:	4b01      	ldr	r3, [pc, #4]	@ (10001860 <__aeabi_bits_init+0xc>)
1000185a:	4718      	bx	r3
1000185c:	20000c50 	.word	0x20000c50
10001860:	100015e1 	.word	0x100015e1

10001864 <__wrap___aeabi_idiv>:
10001864:	4a12      	ldr	r2, [pc, #72]	@ (100018b0 <divmod_s32s32_savestate+0x18>)
10001866:	6f93      	ldr	r3, [r2, #120]	@ 0x78
10001868:	089b      	lsrs	r3, r3, #2
1000186a:	d215      	bcs.n	10001898 <divmod_s32s32_savestate>

1000186c <divmod_s32s32_core>:
1000186c:	6690      	str	r0, [r2, #104]	@ 0x68
1000186e:	66d1      	str	r1, [r2, #108]	@ 0x6c
10001870:	2900      	cmp	r1, #0
10001872:	d005      	beq.n	10001880 <divmod_s32s32_core+0x14>
10001874:	e7ff      	b.n	10001876 <divmod_s32s32_core+0xa>
10001876:	e7ff      	b.n	10001878 <divmod_s32s32_core+0xc>
10001878:	e7ff      	b.n	1000187a <divmod_s32s32_core+0xe>
1000187a:	6f51      	ldr	r1, [r2, #116]	@ 0x74
1000187c:	6f10      	ldr	r0, [r2, #112]	@ 0x70
1000187e:	4770      	bx	lr
10001880:	b504      	push	{r2, lr}
10001882:	2180      	movs	r1, #128	@ 0x80
10001884:	0609      	lsls	r1, r1, #24
10001886:	17c2      	asrs	r2, r0, #31
10001888:	4051      	eors	r1, r2
1000188a:	2800      	cmp	r0, #0
1000188c:	d000      	beq.n	10001890 <divmod_s32s32_core+0x24>
1000188e:	43c8      	mvns	r0, r1
10001890:	f006 fefa 	bl	10008688 <____aeabi_idiv0_veneer>
10001894:	2100      	movs	r1, #0
10001896:	bd04      	pop	{r2, pc}

10001898 <divmod_s32s32_savestate>:
10001898:	b5f0      	push	{r4, r5, r6, r7, lr}
1000189a:	6e14      	ldr	r4, [r2, #96]	@ 0x60
1000189c:	6e55      	ldr	r5, [r2, #100]	@ 0x64
1000189e:	6f57      	ldr	r7, [r2, #116]	@ 0x74
100018a0:	6f16      	ldr	r6, [r2, #112]	@ 0x70
100018a2:	f7ff ffe3 	bl	1000186c <divmod_s32s32_core>
100018a6:	6614      	str	r4, [r2, #96]	@ 0x60
100018a8:	6655      	str	r5, [r2, #100]	@ 0x64
100018aa:	6757      	str	r7, [r2, #116]	@ 0x74
100018ac:	6716      	str	r6, [r2, #112]	@ 0x70
100018ae:	bdf0      	pop	{r4, r5, r6, r7, pc}
100018b0:	d0000000 	.word	0xd0000000

100018b4 <__wrap___aeabi_uidiv>:
100018b4:	4a11      	ldr	r2, [pc, #68]	@ (100018fc <divmod_u32u32_savestate+0x18>)
100018b6:	6f93      	ldr	r3, [r2, #120]	@ 0x78
100018b8:	089b      	lsrs	r3, r3, #2
100018ba:	d213      	bcs.n	100018e4 <divmod_u32u32_savestate>

100018bc <divmod_u32u32_core>:
100018bc:	6610      	str	r0, [r2, #96]	@ 0x60
100018be:	6651      	str	r1, [r2, #100]	@ 0x64
100018c0:	2900      	cmp	r1, #0
100018c2:	d005      	beq.n	100018d0 <divmod_u32u32_core+0x14>
100018c4:	e7ff      	b.n	100018c6 <divmod_u32u32_core+0xa>
100018c6:	e7ff      	b.n	100018c8 <divmod_u32u32_core+0xc>
100018c8:	e7ff      	b.n	100018ca <divmod_u32u32_core+0xe>
100018ca:	6f51      	ldr	r1, [r2, #116]	@ 0x74
100018cc:	6f10      	ldr	r0, [r2, #112]	@ 0x70
100018ce:	4770      	bx	lr
100018d0:	b504      	push	{r2, lr}
100018d2:	2800      	cmp	r0, #0
100018d4:	d001      	beq.n	100018da <divmod_u32u32_core+0x1e>
100018d6:	2000      	movs	r0, #0
100018d8:	43c0      	mvns	r0, r0
100018da:	f006 fed5 	bl	10008688 <____aeabi_idiv0_veneer>
100018de:	2100      	movs	r1, #0
100018e0:	bd04      	pop	{r2, pc}
100018e2:	46c0      	nop			@ (mov r8, r8)

100018e4 <divmod_u32u32_savestate>:
100018e4:	b5f0      	push	{r4, r5, r6, r7, lr}
100018e6:	6e14      	ldr	r4, [r2, #96]	@ 0x60
100018e8:	6e55      	ldr	r5, [r2, #100]	@ 0x64
100018ea:	6f57      	ldr	r7, [r2, #116]	@ 0x74
100018ec:	6f16      	ldr	r6, [r2, #112]	@ 0x70
100018ee:	f7ff ffe5 	bl	100018bc <divmod_u32u32_core>
100018f2:	6614      	str	r4, [r2, #96]	@ 0x60
100018f4:	6655      	str	r5, [r2, #100]	@ 0x64
100018f6:	6757      	str	r7, [r2, #116]	@ 0x74
100018f8:	6716      	str	r6, [r2, #112]	@ 0x70
100018fa:	bdf0      	pop	{r4, r5, r6, r7, pc}
100018fc:	d0000000 	.word	0xd0000000

10001900 <__wrap___aeabi_ldivmod>:
10001900:	4694      	mov	ip, r2
10001902:	4a4a      	ldr	r2, [pc, #296]	@ (10001a2c <udiv0+0x1a>)
10001904:	6f92      	ldr	r2, [r2, #120]	@ 0x78
10001906:	0892      	lsrs	r2, r2, #2
10001908:	4662      	mov	r2, ip
1000190a:	d201      	bcs.n	10001910 <divmod_s64s64_savestate>
1000190c:	e028      	b.n	10001960 <divmod_s64s64_unsafe>
1000190e:	46c0      	nop			@ (mov r8, r8)

10001910 <divmod_s64s64_savestate>:
10001910:	b5f0      	push	{r4, r5, r6, r7, lr}
10001912:	4e46      	ldr	r6, [pc, #280]	@ (10001a2c <udiv0+0x1a>)
10001914:	6e34      	ldr	r4, [r6, #96]	@ 0x60
10001916:	6e75      	ldr	r5, [r6, #100]	@ 0x64
10001918:	6f77      	ldr	r7, [r6, #116]	@ 0x74
1000191a:	6f36      	ldr	r6, [r6, #112]	@ 0x70
1000191c:	f000 f820 	bl	10001960 <divmod_s64s64_unsafe>
10001920:	4694      	mov	ip, r2
10001922:	4a42      	ldr	r2, [pc, #264]	@ (10001a2c <udiv0+0x1a>)
10001924:	6614      	str	r4, [r2, #96]	@ 0x60
10001926:	6655      	str	r5, [r2, #100]	@ 0x64
10001928:	6757      	str	r7, [r2, #116]	@ 0x74
1000192a:	6716      	str	r6, [r2, #112]	@ 0x70
1000192c:	4662      	mov	r2, ip
1000192e:	bdf0      	pop	{r4, r5, r6, r7, pc}

10001930 <__wrap___aeabi_uldivmod>:
10001930:	4694      	mov	ip, r2
10001932:	4a3e      	ldr	r2, [pc, #248]	@ (10001a2c <udiv0+0x1a>)
10001934:	6f92      	ldr	r2, [r2, #120]	@ 0x78
10001936:	0892      	lsrs	r2, r2, #2
10001938:	4662      	mov	r2, ip
1000193a:	d201      	bcs.n	10001940 <divmod_u64u64_savestate>
1000193c:	e054      	b.n	100019e8 <divmod_u64u64_unsafe>
1000193e:	46c0      	nop			@ (mov r8, r8)

10001940 <divmod_u64u64_savestate>:
10001940:	b5f0      	push	{r4, r5, r6, r7, lr}
10001942:	4e3a      	ldr	r6, [pc, #232]	@ (10001a2c <udiv0+0x1a>)
10001944:	6e34      	ldr	r4, [r6, #96]	@ 0x60
10001946:	6e75      	ldr	r5, [r6, #100]	@ 0x64
10001948:	6f77      	ldr	r7, [r6, #116]	@ 0x74
1000194a:	6f36      	ldr	r6, [r6, #112]	@ 0x70
1000194c:	f000 f84c 	bl	100019e8 <divmod_u64u64_unsafe>
10001950:	4694      	mov	ip, r2
10001952:	4a36      	ldr	r2, [pc, #216]	@ (10001a2c <udiv0+0x1a>)
10001954:	6614      	str	r4, [r2, #96]	@ 0x60
10001956:	6655      	str	r5, [r2, #100]	@ 0x64
10001958:	6757      	str	r7, [r2, #116]	@ 0x74
1000195a:	6716      	str	r6, [r2, #112]	@ 0x70
1000195c:	4662      	mov	r2, ip
1000195e:	bdf0      	pop	{r4, r5, r6, r7, pc}

10001960 <divmod_s64s64_unsafe>:
10001960:	2b00      	cmp	r3, #0
10001962:	db24      	blt.n	100019ae <l46_1+0x26>
10001964:	d011      	beq.n	1000198a <l46_1+0x2>
10001966:	2900      	cmp	r1, #0
10001968:	da3e      	bge.n	100019e8 <divmod_u64u64_unsafe>
1000196a:	b500      	push	{lr}
1000196c:	43c9      	mvns	r1, r1
1000196e:	4240      	negs	r0, r0
10001970:	d100      	bne.n	10001974 <l44_1>
10001972:	3101      	adds	r1, #1

10001974 <l44_1>:
10001974:	f000 f838 	bl	100019e8 <divmod_u64u64_unsafe>
10001978:	43c9      	mvns	r1, r1
1000197a:	4240      	negs	r0, r0
1000197c:	d100      	bne.n	10001980 <l45_1>
1000197e:	3101      	adds	r1, #1

10001980 <l45_1>:
10001980:	43db      	mvns	r3, r3
10001982:	4252      	negs	r2, r2
10001984:	d100      	bne.n	10001988 <l46_1>
10001986:	3301      	adds	r3, #1

10001988 <l46_1>:
10001988:	bd00      	pop	{pc}
1000198a:	2a00      	cmp	r2, #0
1000198c:	d1eb      	bne.n	10001966 <divmod_s64s64_unsafe+0x6>
1000198e:	2800      	cmp	r0, #0
10001990:	d101      	bne.n	10001996 <l46_1+0xe>
10001992:	2900      	cmp	r1, #0
10001994:	d005      	beq.n	100019a2 <l46_1+0x1a>
10001996:	2000      	movs	r0, #0
10001998:	0fc9      	lsrs	r1, r1, #31
1000199a:	07c9      	lsls	r1, r1, #31
1000199c:	d101      	bne.n	100019a2 <l46_1+0x1a>
1000199e:	43c0      	mvns	r0, r0
100019a0:	0841      	lsrs	r1, r0, #1
100019a2:	b500      	push	{lr}
100019a4:	f006 fe38 	bl	10008618 <____aeabi_ldiv0_veneer>
100019a8:	2200      	movs	r2, #0
100019aa:	2300      	movs	r3, #0
100019ac:	bd00      	pop	{pc}
100019ae:	b500      	push	{lr}
100019b0:	2900      	cmp	r1, #0
100019b2:	db0a      	blt.n	100019ca <l48_1+0x2>
100019b4:	43db      	mvns	r3, r3
100019b6:	4252      	negs	r2, r2
100019b8:	d100      	bne.n	100019bc <l47_1>
100019ba:	3301      	adds	r3, #1

100019bc <l47_1>:
100019bc:	f000 f814 	bl	100019e8 <divmod_u64u64_unsafe>
100019c0:	43c9      	mvns	r1, r1
100019c2:	4240      	negs	r0, r0
100019c4:	d100      	bne.n	100019c8 <l48_1>
100019c6:	3101      	adds	r1, #1

100019c8 <l48_1>:
100019c8:	bd00      	pop	{pc}
100019ca:	43c9      	mvns	r1, r1
100019cc:	4240      	negs	r0, r0
100019ce:	d100      	bne.n	100019d2 <l49_1>
100019d0:	3101      	adds	r1, #1

100019d2 <l49_1>:
100019d2:	43db      	mvns	r3, r3
100019d4:	4252      	negs	r2, r2
100019d6:	d100      	bne.n	100019da <l50_1>
100019d8:	3301      	adds	r3, #1

100019da <l50_1>:
100019da:	f000 f805 	bl	100019e8 <divmod_u64u64_unsafe>
100019de:	43db      	mvns	r3, r3
100019e0:	4252      	negs	r2, r2
100019e2:	d100      	bne.n	100019e6 <l51_1>
100019e4:	3301      	adds	r3, #1

100019e6 <l51_1>:
100019e6:	bd00      	pop	{pc}

100019e8 <divmod_u64u64_unsafe>:
100019e8:	2900      	cmp	r1, #0
100019ea:	d123      	bne.n	10001a34 <y64>
100019ec:	2b00      	cmp	r3, #0
100019ee:	d118      	bne.n	10001a22 <udiv0+0x10>
100019f0:	2a00      	cmp	r2, #0
100019f2:	d00c      	beq.n	10001a0e <divmod_u64u64_unsafe+0x26>
100019f4:	46bc      	mov	ip, r7
100019f6:	4f0d      	ldr	r7, [pc, #52]	@ (10001a2c <udiv0+0x1a>)
100019f8:	6638      	str	r0, [r7, #96]	@ 0x60
100019fa:	667a      	str	r2, [r7, #100]	@ 0x64
100019fc:	2100      	movs	r1, #0
100019fe:	2300      	movs	r3, #0
10001a00:	e7ff      	b.n	10001a02 <divmod_u64u64_unsafe+0x1a>
10001a02:	e7ff      	b.n	10001a04 <divmod_u64u64_unsafe+0x1c>
10001a04:	e7ff      	b.n	10001a06 <divmod_u64u64_unsafe+0x1e>
10001a06:	6f7a      	ldr	r2, [r7, #116]	@ 0x74
10001a08:	6f38      	ldr	r0, [r7, #112]	@ 0x70
10001a0a:	4667      	mov	r7, ip
10001a0c:	4770      	bx	lr
10001a0e:	2800      	cmp	r0, #0
10001a10:	d001      	beq.n	10001a16 <udiv0+0x4>

10001a12 <udiv0>:
10001a12:	4807      	ldr	r0, [pc, #28]	@ (10001a30 <udiv0+0x1e>)
10001a14:	0001      	movs	r1, r0
10001a16:	b500      	push	{lr}
10001a18:	f006 fdfe 	bl	10008618 <____aeabi_ldiv0_veneer>
10001a1c:	2200      	movs	r2, #0
10001a1e:	2300      	movs	r3, #0
10001a20:	bd00      	pop	{pc}
10001a22:	0002      	movs	r2, r0
10001a24:	000b      	movs	r3, r1
10001a26:	2000      	movs	r0, #0
10001a28:	2100      	movs	r1, #0
10001a2a:	4770      	bx	lr
10001a2c:	d0000000 	.word	0xd0000000
10001a30:	ffffffff 	.word	0xffffffff

10001a34 <y64>:
10001a34:	2b00      	cmp	r3, #0
10001a36:	d000      	beq.n	10001a3a <y64+0x6>
10001a38:	e0bf      	b.n	10001bba <y64_x48>
10001a3a:	0c13      	lsrs	r3, r2, #16
10001a3c:	d128      	bne.n	10001a90 <y64_x32>
10001a3e:	2a00      	cmp	r2, #0
10001a40:	d0e7      	beq.n	10001a12 <udiv0>
10001a42:	b480      	push	{r7}
10001a44:	4f11      	ldr	r7, [pc, #68]	@ (10001a8c <y64+0x58>)
10001a46:	6639      	str	r1, [r7, #96]	@ 0x60
10001a48:	667a      	str	r2, [r7, #100]	@ 0x64
10001a4a:	e7ff      	b.n	10001a4c <y64+0x18>
10001a4c:	e7ff      	b.n	10001a4e <y64+0x1a>
10001a4e:	b430      	push	{r4, r5}
10001a50:	0c04      	lsrs	r4, r0, #16
10001a52:	6f7b      	ldr	r3, [r7, #116]	@ 0x74
10001a54:	6f39      	ldr	r1, [r7, #112]	@ 0x70
10001a56:	041b      	lsls	r3, r3, #16
10001a58:	4323      	orrs	r3, r4
10001a5a:	663b      	str	r3, [r7, #96]	@ 0x60
10001a5c:	667a      	str	r2, [r7, #100]	@ 0x64
10001a5e:	e7ff      	b.n	10001a60 <y64+0x2c>
10001a60:	e7ff      	b.n	10001a62 <y64+0x2e>
10001a62:	e7ff      	b.n	10001a64 <y64+0x30>
10001a64:	46c0      	nop			@ (mov r8, r8)
10001a66:	b284      	uxth	r4, r0
10001a68:	6f7b      	ldr	r3, [r7, #116]	@ 0x74
10001a6a:	6f3d      	ldr	r5, [r7, #112]	@ 0x70
10001a6c:	041b      	lsls	r3, r3, #16
10001a6e:	4323      	orrs	r3, r4
10001a70:	663b      	str	r3, [r7, #96]	@ 0x60
10001a72:	667a      	str	r2, [r7, #100]	@ 0x64
10001a74:	e7ff      	b.n	10001a76 <y64+0x42>
10001a76:	e7ff      	b.n	10001a78 <y64+0x44>
10001a78:	46c0      	nop			@ (mov r8, r8)
10001a7a:	2300      	movs	r3, #0
10001a7c:	042c      	lsls	r4, r5, #16
10001a7e:	0c2d      	lsrs	r5, r5, #16
10001a80:	6f7a      	ldr	r2, [r7, #116]	@ 0x74
10001a82:	6f38      	ldr	r0, [r7, #112]	@ 0x70
10001a84:	1900      	adds	r0, r0, r4
10001a86:	4169      	adcs	r1, r5
10001a88:	bcb0      	pop	{r4, r5, r7}
10001a8a:	4770      	bx	lr
10001a8c:	d0000000 	.word	0xd0000000

10001a90 <y64_x32>:
10001a90:	b5f0      	push	{r4, r5, r6, r7, lr}
10001a92:	4694      	mov	ip, r2
10001a94:	2500      	movs	r5, #0
10001a96:	0e14      	lsrs	r4, r2, #24
10001a98:	d101      	bne.n	10001a9e <y64_x32+0xe>
10001a9a:	0212      	lsls	r2, r2, #8
10001a9c:	3508      	adds	r5, #8
10001a9e:	0f14      	lsrs	r4, r2, #28
10001aa0:	d101      	bne.n	10001aa6 <y64_x32+0x16>
10001aa2:	0112      	lsls	r2, r2, #4
10001aa4:	3504      	adds	r5, #4
10001aa6:	0f94      	lsrs	r4, r2, #30
10001aa8:	d101      	bne.n	10001aae <y64_x32+0x1e>
10001aaa:	0092      	lsls	r2, r2, #2
10001aac:	3502      	adds	r5, #2
10001aae:	0fd4      	lsrs	r4, r2, #31
10001ab0:	d101      	bne.n	10001ab6 <y64_x32+0x26>
10001ab2:	0052      	lsls	r2, r2, #1
10001ab4:	3501      	adds	r5, #1
10001ab6:	0bd4      	lsrs	r4, r2, #15
10001ab8:	3401      	adds	r4, #1
10001aba:	4f25      	ldr	r7, [pc, #148]	@ (10001b50 <y64_x32+0xc0>)
10001abc:	667c      	str	r4, [r7, #100]	@ 0x64
10001abe:	4c25      	ldr	r4, [pc, #148]	@ (10001b54 <y64_x32+0xc4>)
10001ac0:	663c      	str	r4, [r7, #96]	@ 0x60
10001ac2:	0c0e      	lsrs	r6, r1, #16
10001ac4:	b293      	uxth	r3, r2
10001ac6:	e7ff      	b.n	10001ac8 <y64_x32+0x38>
10001ac8:	e7ff      	b.n	10001aca <y64_x32+0x3a>
10001aca:	e7ff      	b.n	10001acc <y64_x32+0x3c>
10001acc:	6f3c      	ldr	r4, [r7, #112]	@ 0x70
10001ace:	4366      	muls	r6, r4
10001ad0:	0c36      	lsrs	r6, r6, #16
10001ad2:	0377      	lsls	r7, r6, #13
10001ad4:	46be      	mov	lr, r7
10001ad6:	4373      	muls	r3, r6
10001ad8:	0bdf      	lsrs	r7, r3, #15
10001ada:	045b      	lsls	r3, r3, #17
10001adc:	1ac0      	subs	r0, r0, r3
10001ade:	41b9      	sbcs	r1, r7
10001ae0:	0c13      	lsrs	r3, r2, #16
10001ae2:	4373      	muls	r3, r6
10001ae4:	18db      	adds	r3, r3, r3
10001ae6:	1ac9      	subs	r1, r1, r3
10001ae8:	08ce      	lsrs	r6, r1, #3
10001aea:	4366      	muls	r6, r4
10001aec:	0c36      	lsrs	r6, r6, #16
10001aee:	44b6      	add	lr, r6
10001af0:	b293      	uxth	r3, r2
10001af2:	4373      	muls	r3, r6
10001af4:	0f1f      	lsrs	r7, r3, #28
10001af6:	011b      	lsls	r3, r3, #4
10001af8:	1ac0      	subs	r0, r0, r3
10001afa:	41b9      	sbcs	r1, r7
10001afc:	0c13      	lsrs	r3, r2, #16
10001afe:	4373      	muls	r3, r6
10001b00:	0b1f      	lsrs	r7, r3, #12
10001b02:	051b      	lsls	r3, r3, #20
10001b04:	1ac0      	subs	r0, r0, r3
10001b06:	41b9      	sbcs	r1, r7
10001b08:	0d86      	lsrs	r6, r0, #22
10001b0a:	028f      	lsls	r7, r1, #10
10001b0c:	433e      	orrs	r6, r7
10001b0e:	4366      	muls	r6, r4
10001b10:	0c36      	lsrs	r6, r6, #16
10001b12:	2d09      	cmp	r5, #9
10001b14:	db24      	blt.n	10001b60 <last0>
10001b16:	0a52      	lsrs	r2, r2, #9
10001b18:	4372      	muls	r2, r6
10001b1a:	1a80      	subs	r0, r0, r2
10001b1c:	0377      	lsls	r7, r6, #13
10001b1e:	0a46      	lsrs	r6, r0, #9
10001b20:	4366      	muls	r6, r4
10001b22:	0c36      	lsrs	r6, r6, #16
10001b24:	2316      	movs	r3, #22
10001b26:	1b5b      	subs	r3, r3, r5
10001b28:	40de      	lsrs	r6, r3
10001b2a:	40df      	lsrs	r7, r3
10001b2c:	19bf      	adds	r7, r7, r6
10001b2e:	4664      	mov	r4, ip
10001b30:	4366      	muls	r6, r4
10001b32:	1b82      	subs	r2, r0, r6
10001b34:	4670      	mov	r0, lr
10001b36:	3504      	adds	r5, #4
10001b38:	3306      	adds	r3, #6
10001b3a:	0001      	movs	r1, r0
10001b3c:	40d9      	lsrs	r1, r3
10001b3e:	40a8      	lsls	r0, r5
10001b40:	19c0      	adds	r0, r0, r7
10001b42:	d300      	bcc.n	10001b46 <y64_x32+0xb6>
10001b44:	3101      	adds	r1, #1
10001b46:	42a2      	cmp	r2, r4
10001b48:	d206      	bcs.n	10001b58 <y64_x32+0xc8>
10001b4a:	2300      	movs	r3, #0
10001b4c:	bdf0      	pop	{r4, r5, r6, r7, pc}
10001b4e:	0000      	.short	0x0000
10001b50:	d0000000 	.word	0xd0000000
10001b54:	ffffffff 	.word	0xffffffff
10001b58:	1b12      	subs	r2, r2, r4
10001b5a:	3001      	adds	r0, #1
10001b5c:	d3f3      	bcc.n	10001b46 <y64_x32+0xb6>
10001b5e:	e7f1      	b.n	10001b44 <y64_x32+0xb4>

10001b60 <last0>:
10001b60:	2709      	movs	r7, #9
10001b62:	1b7f      	subs	r7, r7, r5
10001b64:	40fe      	lsrs	r6, r7
10001b66:	4664      	mov	r4, ip
10001b68:	b2a2      	uxth	r2, r4
10001b6a:	4372      	muls	r2, r6
10001b6c:	1a80      	subs	r0, r0, r2
10001b6e:	d200      	bcs.n	10001b72 <last0+0x12>
10001b70:	3901      	subs	r1, #1
10001b72:	0c22      	lsrs	r2, r4, #16
10001b74:	4372      	muls	r2, r6
10001b76:	0c13      	lsrs	r3, r2, #16
10001b78:	0412      	lsls	r2, r2, #16
10001b7a:	1a82      	subs	r2, r0, r2
10001b7c:	4199      	sbcs	r1, r3
10001b7e:	000b      	movs	r3, r1
10001b80:	4670      	mov	r0, lr
10001b82:	3504      	adds	r5, #4
10001b84:	3713      	adds	r7, #19
10001b86:	0001      	movs	r1, r0
10001b88:	40f9      	lsrs	r1, r7
10001b8a:	40a8      	lsls	r0, r5
10001b8c:	1980      	adds	r0, r0, r6
10001b8e:	d300      	bcc.n	10001b92 <last0+0x32>
10001b90:	3101      	adds	r1, #1
10001b92:	2b00      	cmp	r3, #0
10001b94:	d102      	bne.n	10001b9c <last0+0x3c>
10001b96:	42a2      	cmp	r2, r4
10001b98:	d20a      	bcs.n	10001bb0 <last0+0x50>
10001b9a:	bdf0      	pop	{r4, r5, r6, r7, pc}
10001b9c:	3001      	adds	r0, #1
10001b9e:	d300      	bcc.n	10001ba2 <last0+0x42>
10001ba0:	3101      	adds	r1, #1
10001ba2:	1b12      	subs	r2, r2, r4
10001ba4:	d2fa      	bcs.n	10001b9c <last0+0x3c>
10001ba6:	3b01      	subs	r3, #1
10001ba8:	d1f8      	bne.n	10001b9c <last0+0x3c>
10001baa:	42a2      	cmp	r2, r4
10001bac:	d200      	bcs.n	10001bb0 <last0+0x50>
10001bae:	bdf0      	pop	{r4, r5, r6, r7, pc}
10001bb0:	3001      	adds	r0, #1
10001bb2:	d300      	bcc.n	10001bb6 <last0+0x56>
10001bb4:	3101      	adds	r1, #1
10001bb6:	1b12      	subs	r2, r2, r4
10001bb8:	e7f7      	b.n	10001baa <last0+0x4a>

10001bba <y64_x48>:
10001bba:	b5f0      	push	{r4, r5, r6, r7, lr}
10001bbc:	0c1c      	lsrs	r4, r3, #16
10001bbe:	d000      	beq.n	10001bc2 <y64_x48+0x8>
10001bc0:	e080      	b.n	10001cc4 <y64_x64>
10001bc2:	b40c      	push	{r2, r3}
10001bc4:	2500      	movs	r5, #0
10001bc6:	0a1c      	lsrs	r4, r3, #8
10001bc8:	d104      	bne.n	10001bd4 <y64_x48+0x1a>
10001bca:	021b      	lsls	r3, r3, #8
10001bcc:	0e16      	lsrs	r6, r2, #24
10001bce:	4333      	orrs	r3, r6
10001bd0:	0212      	lsls	r2, r2, #8
10001bd2:	3508      	adds	r5, #8
10001bd4:	0b1c      	lsrs	r4, r3, #12
10001bd6:	d104      	bne.n	10001be2 <y64_x48+0x28>
10001bd8:	011b      	lsls	r3, r3, #4
10001bda:	0f16      	lsrs	r6, r2, #28
10001bdc:	4333      	orrs	r3, r6
10001bde:	0112      	lsls	r2, r2, #4
10001be0:	3504      	adds	r5, #4
10001be2:	0b9c      	lsrs	r4, r3, #14
10001be4:	d104      	bne.n	10001bf0 <y64_x48+0x36>
10001be6:	009b      	lsls	r3, r3, #2
10001be8:	0f96      	lsrs	r6, r2, #30
10001bea:	4333      	orrs	r3, r6
10001bec:	0092      	lsls	r2, r2, #2
10001bee:	3502      	adds	r5, #2
10001bf0:	0bdc      	lsrs	r4, r3, #15
10001bf2:	d102      	bne.n	10001bfa <y64_x48+0x40>
10001bf4:	1892      	adds	r2, r2, r2
10001bf6:	415b      	adcs	r3, r3
10001bf8:	3501      	adds	r5, #1
10001bfa:	001c      	movs	r4, r3
10001bfc:	1897      	adds	r7, r2, r2
10001bfe:	4164      	adcs	r4, r4
10001c00:	3401      	adds	r4, #1
10001c02:	4f46      	ldr	r7, [pc, #280]	@ (10001d1c <y64_x64+0x58>)
10001c04:	667c      	str	r4, [r7, #100]	@ 0x64
10001c06:	4c46      	ldr	r4, [pc, #280]	@ (10001d20 <y64_x64+0x5c>)
10001c08:	663c      	str	r4, [r7, #96]	@ 0x60
10001c0a:	0c0e      	lsrs	r6, r1, #16
10001c0c:	e7ff      	b.n	10001c0e <y64_x48+0x54>
10001c0e:	e7ff      	b.n	10001c10 <y64_x48+0x56>
10001c10:	e7ff      	b.n	10001c12 <y64_x48+0x58>
10001c12:	46c0      	nop			@ (mov r8, r8)
10001c14:	6f3c      	ldr	r4, [r7, #112]	@ 0x70
10001c16:	4366      	muls	r6, r4
10001c18:	0c36      	lsrs	r6, r6, #16
10001c1a:	0377      	lsls	r7, r6, #13
10001c1c:	46be      	mov	lr, r7
10001c1e:	b297      	uxth	r7, r2
10001c20:	4377      	muls	r7, r6
10001c22:	1bc0      	subs	r0, r0, r7
10001c24:	d200      	bcs.n	10001c28 <y64_x48+0x6e>
10001c26:	3901      	subs	r1, #1
10001c28:	1bc0      	subs	r0, r0, r7
10001c2a:	d200      	bcs.n	10001c2e <y64_x48+0x74>
10001c2c:	3901      	subs	r1, #1
10001c2e:	b29f      	uxth	r7, r3
10001c30:	4377      	muls	r7, r6
10001c32:	1bc9      	subs	r1, r1, r7
10001c34:	1bc9      	subs	r1, r1, r7
10001c36:	0c17      	lsrs	r7, r2, #16
10001c38:	4377      	muls	r7, r6
10001c3a:	047e      	lsls	r6, r7, #17
10001c3c:	0bff      	lsrs	r7, r7, #15
10001c3e:	1b80      	subs	r0, r0, r6
10001c40:	41b9      	sbcs	r1, r7
10001c42:	08ce      	lsrs	r6, r1, #3
10001c44:	4366      	muls	r6, r4
10001c46:	0c36      	lsrs	r6, r6, #16
10001c48:	2d0c      	cmp	r5, #12
10001c4a:	db33      	blt.n	10001cb4 <last1>
10001c4c:	44b6      	add	lr, r6
10001c4e:	0b12      	lsrs	r2, r2, #12
10001c50:	051f      	lsls	r7, r3, #20
10001c52:	433a      	orrs	r2, r7
10001c54:	0b1b      	lsrs	r3, r3, #12
10001c56:	b297      	uxth	r7, r2
10001c58:	4377      	muls	r7, r6
10001c5a:	1bc0      	subs	r0, r0, r7
10001c5c:	d200      	bcs.n	10001c60 <y64_x48+0xa6>
10001c5e:	3901      	subs	r1, #1
10001c60:	b29f      	uxth	r7, r3
10001c62:	4377      	muls	r7, r6
10001c64:	1bc9      	subs	r1, r1, r7
10001c66:	0c17      	lsrs	r7, r2, #16
10001c68:	4377      	muls	r7, r6
10001c6a:	043e      	lsls	r6, r7, #16
10001c6c:	0c3f      	lsrs	r7, r7, #16
10001c6e:	1b80      	subs	r0, r0, r6
10001c70:	41b9      	sbcs	r1, r7
10001c72:	0d86      	lsrs	r6, r0, #22
10001c74:	028f      	lsls	r7, r1, #10
10001c76:	433e      	orrs	r6, r7
10001c78:	4366      	muls	r6, r4
10001c7a:	2729      	movs	r7, #41	@ 0x29
10001c7c:	1b7f      	subs	r7, r7, r5
10001c7e:	40fe      	lsrs	r6, r7
10001c80:	3d0c      	subs	r5, #12
10001c82:	4677      	mov	r7, lr
10001c84:	40af      	lsls	r7, r5
10001c86:	19bf      	adds	r7, r7, r6
10001c88:	bc30      	pop	{r4, r5}
10001c8a:	b2a2      	uxth	r2, r4
10001c8c:	b2ab      	uxth	r3, r5
10001c8e:	4372      	muls	r2, r6
10001c90:	4373      	muls	r3, r6
10001c92:	1a80      	subs	r0, r0, r2
10001c94:	4199      	sbcs	r1, r3
10001c96:	0c22      	lsrs	r2, r4, #16
10001c98:	4372      	muls	r2, r6
10001c9a:	0c13      	lsrs	r3, r2, #16
10001c9c:	0412      	lsls	r2, r2, #16
10001c9e:	1a80      	subs	r0, r0, r2
10001ca0:	4199      	sbcs	r1, r3
10001ca2:	0002      	movs	r2, r0
10001ca4:	000b      	movs	r3, r1
10001ca6:	3701      	adds	r7, #1
10001ca8:	1b00      	subs	r0, r0, r4
10001caa:	41a9      	sbcs	r1, r5
10001cac:	d2f9      	bcs.n	10001ca2 <y64_x48+0xe8>
10001cae:	1e78      	subs	r0, r7, #1
10001cb0:	2100      	movs	r1, #0
10001cb2:	bdf0      	pop	{r4, r5, r6, r7, pc}

10001cb4 <last1>:
10001cb4:	270c      	movs	r7, #12
10001cb6:	1b7f      	subs	r7, r7, r5
10001cb8:	40fe      	lsrs	r6, r7
10001cba:	4677      	mov	r7, lr
10001cbc:	0b7f      	lsrs	r7, r7, #13
10001cbe:	40af      	lsls	r7, r5
10001cc0:	19ff      	adds	r7, r7, r7
10001cc2:	e7e0      	b.n	10001c86 <y64_x48+0xcc>

10001cc4 <y64_x64>:
10001cc4:	2400      	movs	r4, #0
10001cc6:	1c5d      	adds	r5, r3, #1
10001cc8:	d007      	beq.n	10001cda <y64_x64+0x16>
10001cca:	4f14      	ldr	r7, [pc, #80]	@ (10001d1c <y64_x64+0x58>)
10001ccc:	667d      	str	r5, [r7, #100]	@ 0x64
10001cce:	6639      	str	r1, [r7, #96]	@ 0x60
10001cd0:	e7ff      	b.n	10001cd2 <y64_x64+0xe>
10001cd2:	e7ff      	b.n	10001cd4 <y64_x64+0x10>
10001cd4:	e7ff      	b.n	10001cd6 <y64_x64+0x12>
10001cd6:	e7ff      	b.n	10001cd8 <y64_x64+0x14>
10001cd8:	6f3c      	ldr	r4, [r7, #112]	@ 0x70
10001cda:	b295      	uxth	r5, r2
10001cdc:	b29e      	uxth	r6, r3
10001cde:	4365      	muls	r5, r4
10001ce0:	4366      	muls	r6, r4
10001ce2:	1b40      	subs	r0, r0, r5
10001ce4:	41b1      	sbcs	r1, r6
10001ce6:	0c15      	lsrs	r5, r2, #16
10001ce8:	0c1e      	lsrs	r6, r3, #16
10001cea:	4365      	muls	r5, r4
10001cec:	4366      	muls	r6, r4
10001cee:	0436      	lsls	r6, r6, #16
10001cf0:	0c2f      	lsrs	r7, r5, #16
10001cf2:	433e      	orrs	r6, r7
10001cf4:	042d      	lsls	r5, r5, #16
10001cf6:	1b40      	subs	r0, r0, r5
10001cf8:	41b1      	sbcs	r1, r6
10001cfa:	4299      	cmp	r1, r3
10001cfc:	d204      	bcs.n	10001d08 <y64_x64+0x44>
10001cfe:	0002      	movs	r2, r0
10001d00:	000b      	movs	r3, r1
10001d02:	0020      	movs	r0, r4
10001d04:	2100      	movs	r1, #0
10001d06:	bdf0      	pop	{r4, r5, r6, r7, pc}
10001d08:	d101      	bne.n	10001d0e <y64_x64+0x4a>
10001d0a:	4290      	cmp	r0, r2
10001d0c:	d3f7      	bcc.n	10001cfe <y64_x64+0x3a>
10001d0e:	1a80      	subs	r0, r0, r2
10001d10:	4199      	sbcs	r1, r3
10001d12:	3401      	adds	r4, #1
10001d14:	4299      	cmp	r1, r3
10001d16:	d3f2      	bcc.n	10001cfe <y64_x64+0x3a>
10001d18:	e7f6      	b.n	10001d08 <y64_x64+0x44>
10001d1a:	0000      	.short	0x0000
10001d1c:	d0000000 	.word	0xd0000000
10001d20:	ffffffff 	.word	0xffffffff

10001d24 <__wrap___aeabi_drsub>:
10001d24:	4048      	eors	r0, r1
10001d26:	4041      	eors	r1, r0
10001d28:	4048      	eors	r0, r1

10001d2a <__wrap___aeabi_dsub>:
10001d2a:	b418      	push	{r3, r4}
10001d2c:	4b1b      	ldr	r3, [pc, #108]	@ (10001d9c <__wrap___aeabi_dmul+0x12>)
10001d2e:	685b      	ldr	r3, [r3, #4]
10001d30:	46fc      	mov	ip, pc
10001d32:	9301      	str	r3, [sp, #4]
10001d34:	bd08      	pop	{r3, pc}
10001d36:	df04      	.short	0xdf04
10001d38:	10001fff 	.word	0x10001fff

10001d3c <__wrap___aeabi_dadd>:
10001d3c:	b418      	push	{r3, r4}
10001d3e:	4b17      	ldr	r3, [pc, #92]	@ (10001d9c <__wrap___aeabi_dmul+0x12>)
10001d40:	681b      	ldr	r3, [r3, #0]
10001d42:	46fc      	mov	ip, pc
10001d44:	9301      	str	r3, [sp, #4]
10001d46:	bd08      	pop	{r3, pc}
10001d48:	2009df00 	.word	0x2009df00
10001d4c:	1000      	.short	0x1000

10001d4e <__wrap___aeabi_ddiv>:
10001d4e:	4694      	mov	ip, r2
10001d50:	4a13      	ldr	r2, [pc, #76]	@ (10001da0 <__wrap___aeabi_dmul+0x16>)
10001d52:	6f92      	ldr	r2, [r2, #120]	@ 0x78
10001d54:	0892      	lsrs	r2, r2, #2
10001d56:	d209      	bcs.n	10001d6c <ddiv_save_state>
10001d58:	4662      	mov	r2, ip

10001d5a <ddiv_shim_call>:
10001d5a:	b418      	push	{r3, r4}
10001d5c:	4b0f      	ldr	r3, [pc, #60]	@ (10001d9c <__wrap___aeabi_dmul+0x12>)
10001d5e:	68db      	ldr	r3, [r3, #12]
10001d60:	46fc      	mov	ip, pc
10001d62:	9301      	str	r3, [sp, #4]
10001d64:	bd08      	pop	{r3, pc}
10001d66:	df0c      	.short	0xdf0c
10001d68:	100022c1 	.word	0x100022c1

10001d6c <ddiv_save_state>:
10001d6c:	4a0c      	ldr	r2, [pc, #48]	@ (10001da0 <__wrap___aeabi_dmul+0x16>)
10001d6e:	b5f0      	push	{r4, r5, r6, r7, lr}
10001d70:	6e14      	ldr	r4, [r2, #96]	@ 0x60
10001d72:	6e55      	ldr	r5, [r2, #100]	@ 0x64
10001d74:	6f57      	ldr	r7, [r2, #116]	@ 0x74
10001d76:	6f16      	ldr	r6, [r2, #112]	@ 0x70
10001d78:	4662      	mov	r2, ip
10001d7a:	f7ff ffee 	bl	10001d5a <ddiv_shim_call>
10001d7e:	4a08      	ldr	r2, [pc, #32]	@ (10001da0 <__wrap___aeabi_dmul+0x16>)
10001d80:	6614      	str	r4, [r2, #96]	@ 0x60
10001d82:	6655      	str	r5, [r2, #100]	@ 0x64
10001d84:	6757      	str	r7, [r2, #116]	@ 0x74
10001d86:	6716      	str	r6, [r2, #112]	@ 0x70
10001d88:	bdf0      	pop	{r4, r5, r6, r7, pc}

10001d8a <__wrap___aeabi_dmul>:
10001d8a:	b418      	push	{r3, r4}
10001d8c:	4b03      	ldr	r3, [pc, #12]	@ (10001d9c <__wrap___aeabi_dmul+0x12>)
10001d8e:	689b      	ldr	r3, [r3, #8]
10001d90:	46fc      	mov	ip, pc
10001d92:	9301      	str	r3, [sp, #4]
10001d94:	bd08      	pop	{r3, pc}
10001d96:	df08      	.short	0xdf08
10001d98:	10002165 	.word	0x10002165
10001d9c:	20001768 	.word	0x20001768
10001da0:	d0000000 	.word	0xd0000000

10001da4 <__wrap___aeabi_cdrcmple>:
10001da4:	b5ff      	push	{r0, r1, r2, r3, r4, r5, r6, r7, lr}
10001da6:	4050      	eors	r0, r2
10001da8:	4042      	eors	r2, r0
10001daa:	4050      	eors	r0, r2
10001dac:	4059      	eors	r1, r3
10001dae:	404b      	eors	r3, r1
10001db0:	4059      	eors	r1, r3
10001db2:	e000      	b.n	10001db6 <__aeabi_dfcmple_guts>

10001db4 <__wrap___aeabi_cdcmpeq>:
10001db4:	b5ff      	push	{r0, r1, r2, r3, r4, r5, r6, r7, lr}

10001db6 <__aeabi_dfcmple_guts>:
10001db6:	4f15      	ldr	r7, [pc, #84]	@ (10001e0c <__aeabi_dfcmple_guts+0x56>)
10001db8:	004c      	lsls	r4, r1, #1
10001dba:	0d64      	lsrs	r4, r4, #21
10001dbc:	d003      	beq.n	10001dc6 <__aeabi_dfcmple_guts+0x10>
10001dbe:	42bc      	cmp	r4, r7
10001dc0:	d104      	bne.n	10001dcc <__aeabi_dfcmple_guts+0x16>
10001dc2:	030c      	lsls	r4, r1, #12
10001dc4:	d814      	bhi.n	10001df0 <__aeabi_dfcmple_guts+0x3a>
10001dc6:	2000      	movs	r0, #0
10001dc8:	0d09      	lsrs	r1, r1, #20
10001dca:	0509      	lsls	r1, r1, #20
10001dcc:	005c      	lsls	r4, r3, #1
10001dce:	0d64      	lsrs	r4, r4, #21
10001dd0:	d003      	beq.n	10001dda <__aeabi_dfcmple_guts+0x24>
10001dd2:	42bc      	cmp	r4, r7
10001dd4:	d104      	bne.n	10001de0 <__aeabi_dfcmple_guts+0x2a>
10001dd6:	031c      	lsls	r4, r3, #12
10001dd8:	d80a      	bhi.n	10001df0 <__aeabi_dfcmple_guts+0x3a>
10001dda:	2200      	movs	r2, #0
10001ddc:	0d1b      	lsrs	r3, r3, #20
10001dde:	051b      	lsls	r3, r3, #20
10001de0:	2601      	movs	r6, #1
10001de2:	404b      	eors	r3, r1
10001de4:	d409      	bmi.n	10001dfa <__aeabi_dfcmple_guts+0x44>
10001de6:	404b      	eors	r3, r1
10001de8:	d503      	bpl.n	10001df2 <__aeabi_dfcmple_guts+0x3c>
10001dea:	428b      	cmp	r3, r1
10001dec:	d100      	bne.n	10001df0 <__aeabi_dfcmple_guts+0x3a>
10001dee:	4282      	cmp	r2, r0
10001df0:	bdff      	pop	{r0, r1, r2, r3, r4, r5, r6, r7, pc}
10001df2:	4299      	cmp	r1, r3
10001df4:	d1fc      	bne.n	10001df0 <__aeabi_dfcmple_guts+0x3a>
10001df6:	4290      	cmp	r0, r2
10001df8:	bdff      	pop	{r0, r1, r2, r3, r4, r5, r6, r7, pc}
10001dfa:	430b      	orrs	r3, r1
10001dfc:	18db      	adds	r3, r3, r3
10001dfe:	4303      	orrs	r3, r0
10001e00:	4313      	orrs	r3, r2
10001e02:	d0f5      	beq.n	10001df0 <__aeabi_dfcmple_guts+0x3a>
10001e04:	43c9      	mvns	r1, r1
10001e06:	1849      	adds	r1, r1, r1
10001e08:	bdff      	pop	{r0, r1, r2, r3, r4, r5, r6, r7, pc}
10001e0a:	0000      	.short	0x0000
10001e0c:	000007ff 	.word	0x000007ff

10001e10 <__wrap___aeabi_dcmplt>:
10001e10:	b500      	push	{lr}
10001e12:	f7ff ffcf 	bl	10001db4 <__wrap___aeabi_cdcmpeq>
10001e16:	4180      	sbcs	r0, r0
10001e18:	bd00      	pop	{pc}
10001e1a:	46c0      	nop			@ (mov r8, r8)

10001e1c <__wrap___aeabi_dcmple>:
10001e1c:	b500      	push	{lr}
10001e1e:	f7ff ffc9 	bl	10001db4 <__wrap___aeabi_cdcmpeq>
10001e22:	d901      	bls.n	10001e28 <__wrap___aeabi_dcmple+0xc>
10001e24:	2000      	movs	r0, #0
10001e26:	bd00      	pop	{pc}
10001e28:	2001      	movs	r0, #1
10001e2a:	bd00      	pop	{pc}

10001e2c <__wrap___aeabi_dcmpge>:
10001e2c:	b500      	push	{lr}
10001e2e:	f7ff ffb9 	bl	10001da4 <__wrap___aeabi_cdrcmple>
10001e32:	d901      	bls.n	10001e38 <__wrap___aeabi_dcmpge+0xc>
10001e34:	2000      	movs	r0, #0
10001e36:	bd00      	pop	{pc}
10001e38:	2001      	movs	r0, #1
10001e3a:	bd00      	pop	{pc}

10001e3c <__wrap___aeabi_dcmpgt>:
10001e3c:	b500      	push	{lr}
10001e3e:	f7ff ffb1 	bl	10001da4 <__wrap___aeabi_cdrcmple>
10001e42:	4180      	sbcs	r0, r0
10001e44:	bd00      	pop	{pc}

10001e46 <__wrap___aeabi_dcmpun>:
10001e46:	2001      	movs	r0, #1
10001e48:	0540      	lsls	r0, r0, #21
10001e4a:	004a      	lsls	r2, r1, #1
10001e4c:	1812      	adds	r2, r2, r0
10001e4e:	d804      	bhi.n	10001e5a <__wrap___aeabi_dcmpun+0x14>
10001e50:	005a      	lsls	r2, r3, #1
10001e52:	1812      	adds	r2, r2, r0
10001e54:	d801      	bhi.n	10001e5a <__wrap___aeabi_dcmpun+0x14>
10001e56:	2000      	movs	r0, #0
10001e58:	4770      	bx	lr
10001e5a:	2001      	movs	r0, #1
10001e5c:	4770      	bx	lr
	...

10001e60 <__wrap___aeabi_ui2d>:
10001e60:	2100      	movs	r1, #0
10001e62:	2800      	cmp	r0, #0
10001e64:	d105      	bne.n	10001e72 <__wrap___aeabi_i2d+0xa>
10001e66:	4770      	bx	lr

10001e68 <__wrap___aeabi_i2d>:
10001e68:	17c1      	asrs	r1, r0, #31
10001e6a:	4048      	eors	r0, r1
10001e6c:	1a40      	subs	r0, r0, r1
10001e6e:	d0fa      	beq.n	10001e66 <__wrap___aeabi_ui2d+0x6>
10001e70:	07c9      	lsls	r1, r1, #31
10001e72:	b513      	push	{r0, r1, r4, lr}
10001e74:	4b06      	ldr	r3, [pc, #24]	@ (10001e90 <__wrap___aeabi_i2d+0x28>)
10001e76:	681b      	ldr	r3, [r3, #0]
10001e78:	4798      	blx	r3
10001e7a:	bc0c      	pop	{r2, r3}
10001e7c:	1c44      	adds	r4, r0, #1
10001e7e:	40a2      	lsls	r2, r4
10001e80:	0510      	lsls	r0, r2, #20
10001e82:	0b12      	lsrs	r2, r2, #12
10001e84:	4903      	ldr	r1, [pc, #12]	@ (10001e94 <__wrap___aeabi_i2d+0x2c>)
10001e86:	1b09      	subs	r1, r1, r4
10001e88:	0509      	lsls	r1, r1, #20
10001e8a:	4319      	orrs	r1, r3
10001e8c:	4311      	orrs	r1, r2
10001e8e:	bd10      	pop	{r4, pc}
10001e90:	20001868 	.word	0x20001868
10001e94:	0000041f 	.word	0x0000041f

10001e98 <__wrap___aeabi_d2iz>:
10001e98:	b510      	push	{r4, lr}
10001e9a:	004c      	lsls	r4, r1, #1
10001e9c:	0d62      	lsrs	r2, r4, #21
10001e9e:	2380      	movs	r3, #128	@ 0x80
10001ea0:	18d2      	adds	r2, r2, r3
10001ea2:	00db      	lsls	r3, r3, #3
10001ea4:	1ad2      	subs	r2, r2, r3
10001ea6:	055b      	lsls	r3, r3, #21
10001ea8:	2a7e      	cmp	r2, #126	@ 0x7e
10001eaa:	dd10      	ble.n	10001ece <__wrap___aeabi_d2iz+0x36>
10001eac:	3a9e      	subs	r2, #158	@ 0x9e
10001eae:	da13      	bge.n	10001ed8 <__wrap___aeabi_d2iz+0x40>
10001eb0:	17cc      	asrs	r4, r1, #31
10001eb2:	0309      	lsls	r1, r1, #12
10001eb4:	0849      	lsrs	r1, r1, #1
10001eb6:	4319      	orrs	r1, r3
10001eb8:	4252      	negs	r2, r2
10001eba:	40d1      	lsrs	r1, r2
10001ebc:	0064      	lsls	r4, r4, #1
10001ebe:	3401      	adds	r4, #1
10001ec0:	3215      	adds	r2, #21
10001ec2:	2a20      	cmp	r2, #32
10001ec4:	da05      	bge.n	10001ed2 <__wrap___aeabi_d2iz+0x3a>
10001ec6:	40d0      	lsrs	r0, r2
10001ec8:	4308      	orrs	r0, r1
10001eca:	4360      	muls	r0, r4
10001ecc:	bd10      	pop	{r4, pc}
10001ece:	2000      	movs	r0, #0
10001ed0:	bd10      	pop	{r4, pc}
10001ed2:	4608      	mov	r0, r1
10001ed4:	4360      	muls	r0, r4
10001ed6:	bd10      	pop	{r4, pc}
10001ed8:	0fc8      	lsrs	r0, r1, #31
10001eda:	18c0      	adds	r0, r0, r3
10001edc:	3801      	subs	r0, #1
10001ede:	bd10      	pop	{r4, pc}

10001ee0 <__wrap___aeabi_d2uiz>:
10001ee0:	b418      	push	{r3, r4}
10001ee2:	4b04      	ldr	r3, [pc, #16]	@ (10001ef4 <__wrap___aeabi_d2uiz+0x14>)
10001ee4:	6a5b      	ldr	r3, [r3, #36]	@ 0x24
10001ee6:	46fc      	mov	ip, pc
10001ee8:	9301      	str	r3, [sp, #4]
10001eea:	bd08      	pop	{r3, pc}
10001eec:	2471df24 	.word	0x2471df24
10001ef0:	00001000 	.word	0x00001000
10001ef4:	20001768 	.word	0x20001768

10001ef8 <__aeabi_double_init>:
10001ef8:	b570      	push	{r4, r5, r6, lr}
10001efa:	2313      	movs	r3, #19
10001efc:	781c      	ldrb	r4, [r3, #0]
10001efe:	2c01      	cmp	r4, #1
10001f00:	d012      	beq.n	10001f28 <__aeabi_double_init+0x30>
10001f02:	2c01      	cmp	r4, #1
10001f04:	dc12      	bgt.n	10001f2c <__aeabi_double_init+0x34>
10001f06:	4b21      	ldr	r3, [pc, #132]	@ (10001f8c <__aeabi_double_init+0x94>)
10001f08:	4a21      	ldr	r2, [pc, #132]	@ (10001f90 <__aeabi_double_init+0x98>)
10001f0a:	6493      	str	r3, [r2, #72]	@ 0x48
10001f0c:	4821      	ldr	r0, [pc, #132]	@ (10001f94 <__aeabi_double_init+0x9c>)
10001f0e:	f7ff fb57 	bl	100015c0 <rom_func_lookup>
10001f12:	4b21      	ldr	r3, [pc, #132]	@ (10001f98 <__aeabi_double_init+0xa0>)
10001f14:	6018      	str	r0, [r3, #0]
10001f16:	bd70      	pop	{r4, r5, r6, pc}
10001f18:	491c      	ldr	r1, [pc, #112]	@ (10001f8c <__aeabi_double_init+0x94>)
10001f1a:	4a1d      	ldr	r2, [pc, #116]	@ (10001f90 <__aeabi_double_init+0x98>)
10001f1c:	0098      	lsls	r0, r3, #2
10001f1e:	5081      	str	r1, [r0, r2]
10001f20:	3301      	adds	r3, #1
10001f22:	2b1f      	cmp	r3, #31
10001f24:	d9f8      	bls.n	10001f18 <__aeabi_double_init+0x20>
10001f26:	e7ec      	b.n	10001f02 <__aeabi_double_init+0xa>
10001f28:	2300      	movs	r3, #0
10001f2a:	e7fa      	b.n	10001f22 <__aeabi_double_init+0x2a>
10001f2c:	481b      	ldr	r0, [pc, #108]	@ (10001f9c <__aeabi_double_init+0xa4>)
10001f2e:	f7ff fb4f 	bl	100015d0 <rom_data_lookup>
10001f32:	0005      	movs	r5, r0
10001f34:	481a      	ldr	r0, [pc, #104]	@ (10001fa0 <__aeabi_double_init+0xa8>)
10001f36:	f7ff fb4b 	bl	100015d0 <rom_data_lookup>
10001f3a:	3802      	subs	r0, #2
10001f3c:	7803      	ldrb	r3, [r0, #0]
10001f3e:	009b      	lsls	r3, r3, #2
10001f40:	2b7f      	cmp	r3, #127	@ 0x7f
10001f42:	dd09      	ble.n	10001f58 <__aeabi_double_init+0x60>
10001f44:	4812      	ldr	r0, [pc, #72]	@ (10001f90 <__aeabi_double_init+0x98>)
10001f46:	2280      	movs	r2, #128	@ 0x80
10001f48:	0029      	movs	r1, r5
10001f4a:	f000 fbaf 	bl	100026ac <__wrap___aeabi_memcpy>
10001f4e:	2c02      	cmp	r4, #2
10001f50:	d008      	beq.n	10001f64 <__aeabi_double_init+0x6c>
10001f52:	2c02      	cmp	r4, #2
10001f54:	dcda      	bgt.n	10001f0c <__aeabi_double_init+0x14>
10001f56:	e7d6      	b.n	10001f06 <__aeabi_double_init+0xe>
10001f58:	4b12      	ldr	r3, [pc, #72]	@ (10001fa4 <__aeabi_double_init+0xac>)
10001f5a:	4a13      	ldr	r2, [pc, #76]	@ (10001fa8 <__aeabi_double_init+0xb0>)
10001f5c:	4813      	ldr	r0, [pc, #76]	@ (10001fac <__aeabi_double_init+0xb4>)
10001f5e:	2134      	movs	r1, #52	@ 0x34
10001f60:	f001 fca4 	bl	100038ac <__assert_func>
10001f64:	4b12      	ldr	r3, [pc, #72]	@ (10001fb0 <__aeabi_double_init+0xb8>)
10001f66:	881a      	ldrh	r2, [r3, #0]
10001f68:	23b5      	movs	r3, #181	@ 0xb5
10001f6a:	021b      	lsls	r3, r3, #8
10001f6c:	429a      	cmp	r2, r3
10001f6e:	d109      	bne.n	10001f84 <__aeabi_double_init+0x8c>
10001f70:	4b10      	ldr	r3, [pc, #64]	@ (10001fb4 <__aeabi_double_init+0xbc>)
10001f72:	881a      	ldrh	r2, [r3, #0]
10001f74:	4b10      	ldr	r3, [pc, #64]	@ (10001fb8 <__aeabi_double_init+0xc0>)
10001f76:	429a      	cmp	r2, r3
10001f78:	d104      	bne.n	10001f84 <__aeabi_double_init+0x8c>
10001f7a:	4b10      	ldr	r3, [pc, #64]	@ (10001fbc <__aeabi_double_init+0xc4>)
10001f7c:	881a      	ldrh	r2, [r3, #0]
10001f7e:	4b10      	ldr	r3, [pc, #64]	@ (10001fc0 <__aeabi_double_init+0xc8>)
10001f80:	429a      	cmp	r2, r3
10001f82:	d0e6      	beq.n	10001f52 <__aeabi_double_init+0x5a>
10001f84:	2000      	movs	r0, #0
10001f86:	f7fe fa4b 	bl	10000420 <panic>
10001f8a:	46c0      	nop			@ (mov r8, r8)
10001f8c:	10001fc5 	.word	0x10001fc5
10001f90:	20001768 	.word	0x20001768
10001f94:	0000334c 	.word	0x0000334c
10001f98:	20001868 	.word	0x20001868
10001f9c:	00004453 	.word	0x00004453
10001fa0:	00004653 	.word	0x00004653
10001fa4:	10008ce8 	.word	0x10008ce8
10001fa8:	100097c0 	.word	0x100097c0
10001fac:	10008d2c 	.word	0x10008d2c
10001fb0:	00003854 	.word	0x00003854
10001fb4:	000038d8 	.word	0x000038d8
10001fb8:	00004649 	.word	0x00004649
10001fbc:	0000389c 	.word	0x0000389c
10001fc0:	00004659 	.word	0x00004659

10001fc4 <double_table_shim_on_use_helper>:
10001fc4:	b507      	push	{r0, r1, r2, lr}
10001fc6:	4660      	mov	r0, ip
10001fc8:	2800      	cmp	r0, #0
10001fca:	d100      	bne.n	10001fce <double_table_shim_on_use_helper+0xa>
10001fcc:	be00      	bkpt	0x0000
10001fce:	8801      	ldrh	r1, [r0, #0]
10001fd0:	0a0a      	lsrs	r2, r1, #8
10001fd2:	3002      	adds	r0, #2
10001fd4:	2adf      	cmp	r2, #223	@ 0xdf
10001fd6:	d1fa      	bne.n	10001fce <double_table_shim_on_use_helper+0xa>
10001fd8:	b2c9      	uxtb	r1, r1
10001fda:	0882      	lsrs	r2, r0, #2
10001fdc:	d304      	bcc.n	10001fe8 <double_table_shim_on_use_helper+0x24>
10001fde:	8802      	ldrh	r2, [r0, #0]
10001fe0:	8840      	ldrh	r0, [r0, #2]
10001fe2:	0400      	lsls	r0, r0, #16
10001fe4:	4310      	orrs	r0, r2
10001fe6:	e000      	b.n	10001fea <double_table_shim_on_use_helper+0x26>
10001fe8:	6800      	ldr	r0, [r0, #0]
10001fea:	4a02      	ldr	r2, [pc, #8]	@ (10001ff4 <double_table_shim_on_use_helper+0x30>)
10001fec:	5050      	str	r0, [r2, r1]
10001fee:	9003      	str	r0, [sp, #12]
10001ff0:	bd07      	pop	{r0, r1, r2, pc}
10001ff2:	0000      	.short	0x0000
10001ff4:	20001768 	.word	0x20001768

10001ff8 <drsub_shim>:
10001ff8:	b40f      	push	{r0, r1, r2, r3}
10001ffa:	bc03      	pop	{r0, r1}
10001ffc:	bc0c      	pop	{r2, r3}

10001ffe <dsub_shim>:
10001ffe:	b5f0      	push	{r4, r5, r6, r7, lr}
10002000:	2401      	movs	r4, #1
10002002:	07e4      	lsls	r4, r4, #31
10002004:	4063      	eors	r3, r4
10002006:	e000      	b.n	1000200a <da_entry>

10002008 <dadd_shim>:
10002008:	b5f0      	push	{r4, r5, r6, r7, lr}

1000200a <da_entry>:
1000200a:	0d0c      	lsrs	r4, r1, #20
1000200c:	0fcf      	lsrs	r7, r1, #31
1000200e:	1e66      	subs	r6, r4, #1
10002010:	0536      	lsls	r6, r6, #20
10002012:	1b89      	subs	r1, r1, r6
10002014:	0564      	lsls	r4, r4, #21
10002016:	d303      	bcc.n	10002020 <l8_1>
10002018:	43c9      	mvns	r1, r1
1000201a:	4240      	negs	r0, r0
1000201c:	d300      	bcc.n	10002020 <l8_1>
1000201e:	3101      	adds	r1, #1

10002020 <l8_1>:
10002020:	0d64      	lsrs	r4, r4, #21
10002022:	d003      	beq.n	1000202c <l8_2>
10002024:	1c66      	adds	r6, r4, #1
10002026:	0af6      	lsrs	r6, r6, #11
10002028:	d007      	beq.n	1000203a <l8_3>
1000202a:	1be4      	subs	r4, r4, r7

1000202c <l8_2>:
1000202c:	2000      	movs	r0, #0
1000202e:	007f      	lsls	r7, r7, #1
10002030:	1c79      	adds	r1, r7, #1
10002032:	0789      	lsls	r1, r1, #30
10002034:	1289      	asrs	r1, r1, #10
10002036:	3c80      	subs	r4, #128	@ 0x80
10002038:	0324      	lsls	r4, r4, #12

1000203a <l8_3>:
1000203a:	0d1d      	lsrs	r5, r3, #20
1000203c:	0fdf      	lsrs	r7, r3, #31
1000203e:	1e6e      	subs	r6, r5, #1
10002040:	0536      	lsls	r6, r6, #20
10002042:	1b9b      	subs	r3, r3, r6
10002044:	056d      	lsls	r5, r5, #21
10002046:	d303      	bcc.n	10002050 <l9_1>
10002048:	43db      	mvns	r3, r3
1000204a:	4252      	negs	r2, r2
1000204c:	d300      	bcc.n	10002050 <l9_1>
1000204e:	3301      	adds	r3, #1

10002050 <l9_1>:
10002050:	0d6d      	lsrs	r5, r5, #21
10002052:	d003      	beq.n	1000205c <l9_2>
10002054:	1c6e      	adds	r6, r5, #1
10002056:	0af6      	lsrs	r6, r6, #11
10002058:	d007      	beq.n	1000206a <l9_3>
1000205a:	1bed      	subs	r5, r5, r7

1000205c <l9_2>:
1000205c:	2200      	movs	r2, #0
1000205e:	007f      	lsls	r7, r7, #1
10002060:	1c7b      	adds	r3, r7, #1
10002062:	079b      	lsls	r3, r3, #30
10002064:	129b      	asrs	r3, r3, #10
10002066:	3d80      	subs	r5, #128	@ 0x80
10002068:	032d      	lsls	r5, r5, #12

1000206a <l9_3>:
1000206a:	1b2f      	subs	r7, r5, r4
1000206c:	1b66      	subs	r6, r4, r5
1000206e:	d458      	bmi.n	10002122 <da_ygtx>
10002070:	46a4      	mov	ip, r4
10002072:	2e20      	cmp	r6, #32
10002074:	da46      	bge.n	10002104 <da_xrgty>
10002076:	3720      	adds	r7, #32
10002078:	0014      	movs	r4, r2
1000207a:	40bc      	lsls	r4, r7

1000207c <da_xgty0>:
1000207c:	001d      	movs	r5, r3
1000207e:	40bd      	lsls	r5, r7
10002080:	40f2      	lsrs	r2, r6
10002082:	4133      	asrs	r3, r6
10002084:	432a      	orrs	r2, r5

10002086 <da_add>:
10002086:	1880      	adds	r0, r0, r2
10002088:	4159      	adcs	r1, r3

1000208a <da_pack>:
1000208a:	0fcb      	lsrs	r3, r1, #31
1000208c:	d005      	beq.n	1000209a <da_pack+0x10>
1000208e:	43c9      	mvns	r1, r1
10002090:	43c0      	mvns	r0, r0
10002092:	2200      	movs	r2, #0
10002094:	4264      	negs	r4, r4
10002096:	4150      	adcs	r0, r2
10002098:	4151      	adcs	r1, r2
1000209a:	4662      	mov	r2, ip
1000209c:	0d4d      	lsrs	r5, r1, #21
1000209e:	d128      	bne.n	100020f2 <da_0>
100020a0:	0d0d      	lsrs	r5, r1, #20
100020a2:	d107      	bne.n	100020b4 <da_1>
100020a4:	2800      	cmp	r0, #0
100020a6:	d01f      	beq.n	100020e8 <da_5>

100020a8 <da_2>:
100020a8:	1924      	adds	r4, r4, r4
100020aa:	4140      	adcs	r0, r0
100020ac:	4149      	adcs	r1, r1
100020ae:	3a01      	subs	r2, #1
100020b0:	0d0d      	lsrs	r5, r1, #20
100020b2:	d0f9      	beq.n	100020a8 <da_2>

100020b4 <da_1>:
100020b4:	0064      	lsls	r4, r4, #1
100020b6:	d306      	bcc.n	100020c6 <da_3>

100020b8 <da_4>:
100020b8:	3001      	adds	r0, #1
100020ba:	d300      	bcc.n	100020be <da_4+0x6>
100020bc:	3101      	adds	r1, #1
100020be:	2c00      	cmp	r4, #0
100020c0:	d101      	bne.n	100020c6 <da_3>
100020c2:	0840      	lsrs	r0, r0, #1
100020c4:	0040      	lsls	r0, r0, #1

100020c6 <da_3>:
100020c6:	3a01      	subs	r2, #1
100020c8:	d40b      	bmi.n	100020e2 <da_6>
100020ca:	1c94      	adds	r4, r2, #2
100020cc:	0ae4      	lsrs	r4, r4, #11
100020ce:	d104      	bne.n	100020da <da_7>
100020d0:	0512      	lsls	r2, r2, #20
100020d2:	4411      	add	r1, r2
100020d4:	07db      	lsls	r3, r3, #31
100020d6:	4419      	add	r1, r3
100020d8:	bdf0      	pop	{r4, r5, r6, r7, pc}

100020da <da_7>:
100020da:	07d9      	lsls	r1, r3, #31
100020dc:	4b20      	ldr	r3, [pc, #128]	@ (10002160 <da_xmgty+0x4>)
100020de:	4319      	orrs	r1, r3
100020e0:	e000      	b.n	100020e4 <da_6+0x2>

100020e2 <da_6>:
100020e2:	07d9      	lsls	r1, r3, #31
100020e4:	2000      	movs	r0, #0
100020e6:	bdf0      	pop	{r4, r5, r6, r7, pc}

100020e8 <da_5>:
100020e8:	2900      	cmp	r1, #0
100020ea:	d1dd      	bne.n	100020a8 <da_2>
100020ec:	2c00      	cmp	r4, #0
100020ee:	d1db      	bne.n	100020a8 <da_2>
100020f0:	bdf0      	pop	{r4, r5, r6, r7, pc}

100020f2 <da_0>:
100020f2:	3201      	adds	r2, #1
100020f4:	07c6      	lsls	r6, r0, #31
100020f6:	0840      	lsrs	r0, r0, #1
100020f8:	07cd      	lsls	r5, r1, #31
100020fa:	4328      	orrs	r0, r5
100020fc:	0849      	lsrs	r1, r1, #1
100020fe:	2e00      	cmp	r6, #0
10002100:	d0e1      	beq.n	100020c6 <da_3>
10002102:	e7d9      	b.n	100020b8 <da_4>

10002104 <da_xrgty>:
10002104:	2e3c      	cmp	r6, #60	@ 0x3c
10002106:	da29      	bge.n	1000215c <da_xmgty>
10002108:	3e20      	subs	r6, #32
1000210a:	3740      	adds	r7, #64	@ 0x40
1000210c:	0014      	movs	r4, r2
1000210e:	40bc      	lsls	r4, r7
10002110:	d000      	beq.n	10002114 <da_xrgty+0x10>
10002112:	2401      	movs	r4, #1
10002114:	40f2      	lsrs	r2, r6
10002116:	4314      	orrs	r4, r2
10002118:	001a      	movs	r2, r3
1000211a:	40bb      	lsls	r3, r7
1000211c:	431c      	orrs	r4, r3
1000211e:	17d3      	asrs	r3, r2, #31
10002120:	e7ac      	b.n	1000207c <da_xgty0>

10002122 <da_ygtx>:
10002122:	46ac      	mov	ip, r5
10002124:	2f20      	cmp	r7, #32
10002126:	da08      	bge.n	1000213a <da_yrgtx>
10002128:	3620      	adds	r6, #32
1000212a:	0004      	movs	r4, r0
1000212c:	40b4      	lsls	r4, r6

1000212e <da_ygtx0>:
1000212e:	000d      	movs	r5, r1
10002130:	40b5      	lsls	r5, r6
10002132:	40f8      	lsrs	r0, r7
10002134:	4139      	asrs	r1, r7
10002136:	4328      	orrs	r0, r5
10002138:	e7a5      	b.n	10002086 <da_add>

1000213a <da_yrgtx>:
1000213a:	2f3c      	cmp	r7, #60	@ 0x3c
1000213c:	da0c      	bge.n	10002158 <da_ymgtx>
1000213e:	3f20      	subs	r7, #32
10002140:	3640      	adds	r6, #64	@ 0x40
10002142:	0004      	movs	r4, r0
10002144:	40b4      	lsls	r4, r6
10002146:	d000      	beq.n	1000214a <da_yrgtx+0x10>
10002148:	2401      	movs	r4, #1
1000214a:	40f8      	lsrs	r0, r7
1000214c:	4304      	orrs	r4, r0
1000214e:	0008      	movs	r0, r1
10002150:	40b1      	lsls	r1, r6
10002152:	430c      	orrs	r4, r1
10002154:	17c1      	asrs	r1, r0, #31
10002156:	e7ea      	b.n	1000212e <da_ygtx0>

10002158 <da_ymgtx>:
10002158:	0010      	movs	r0, r2
1000215a:	0019      	movs	r1, r3

1000215c <da_xmgty>:
1000215c:	2400      	movs	r4, #0
1000215e:	e794      	b.n	1000208a <da_pack>
10002160:	7ff00000 	.word	0x7ff00000

10002164 <dmul_shim>:
10002164:	b5f0      	push	{r4, r5, r6, r7, lr}
10002166:	0d0c      	lsrs	r4, r1, #20
10002168:	1e66      	subs	r6, r4, #1
1000216a:	0536      	lsls	r6, r6, #20
1000216c:	1b89      	subs	r1, r1, r6
1000216e:	0ae6      	lsrs	r6, r4, #11
10002170:	0564      	lsls	r4, r4, #21
10002172:	0d64      	lsrs	r4, r4, #21
10002174:	d002      	beq.n	1000217c <l12_1>
10002176:	1c65      	adds	r5, r4, #1
10002178:	0aed      	lsrs	r5, r5, #11
1000217a:	d004      	beq.n	10002186 <l12_2>

1000217c <l12_1>:
1000217c:	2000      	movs	r0, #0
1000217e:	2101      	movs	r1, #1
10002180:	0509      	lsls	r1, r1, #20
10002182:	3c80      	subs	r4, #128	@ 0x80
10002184:	0324      	lsls	r4, r4, #12

10002186 <l12_2>:
10002186:	46a4      	mov	ip, r4
10002188:	0d1c      	lsrs	r4, r3, #20
1000218a:	1e67      	subs	r7, r4, #1
1000218c:	053f      	lsls	r7, r7, #20
1000218e:	1bdb      	subs	r3, r3, r7
10002190:	0ae7      	lsrs	r7, r4, #11
10002192:	0564      	lsls	r4, r4, #21
10002194:	0d64      	lsrs	r4, r4, #21
10002196:	d002      	beq.n	1000219e <l13_1>
10002198:	1c65      	adds	r5, r4, #1
1000219a:	0aed      	lsrs	r5, r5, #11
1000219c:	d004      	beq.n	100021a8 <l13_2>

1000219e <l13_1>:
1000219e:	2200      	movs	r2, #0
100021a0:	2301      	movs	r3, #1
100021a2:	051b      	lsls	r3, r3, #20
100021a4:	3c80      	subs	r4, #128	@ 0x80
100021a6:	0324      	lsls	r4, r4, #12

100021a8 <l13_2>:
100021a8:	4077      	eors	r7, r6
100021aa:	4464      	add	r4, ip
100021ac:	b497      	push	{r0, r1, r2, r4, r7}
100021ae:	b284      	uxth	r4, r0
100021b0:	b296      	uxth	r6, r2
100021b2:	4374      	muls	r4, r6
100021b4:	0c07      	lsrs	r7, r0, #16
100021b6:	437e      	muls	r6, r7
100021b8:	0c15      	lsrs	r5, r2, #16
100021ba:	436f      	muls	r7, r5
100021bc:	b280      	uxth	r0, r0
100021be:	4368      	muls	r0, r5
100021c0:	1836      	adds	r6, r6, r0
100021c2:	d302      	bcc.n	100021ca <l14_1>
100021c4:	2001      	movs	r0, #1
100021c6:	0400      	lsls	r0, r0, #16
100021c8:	183f      	adds	r7, r7, r0

100021ca <l14_1>:
100021ca:	0430      	lsls	r0, r6, #16
100021cc:	0c35      	lsrs	r5, r6, #16
100021ce:	1900      	adds	r0, r0, r4
100021d0:	417d      	adcs	r5, r7
100021d2:	4684      	mov	ip, r0
100021d4:	b288      	uxth	r0, r1
100021d6:	b29a      	uxth	r2, r3
100021d8:	4350      	muls	r0, r2
100021da:	0c0c      	lsrs	r4, r1, #16
100021dc:	4362      	muls	r2, r4
100021de:	0c1f      	lsrs	r7, r3, #16
100021e0:	437c      	muls	r4, r7
100021e2:	b28e      	uxth	r6, r1
100021e4:	437e      	muls	r6, r7
100021e6:	1992      	adds	r2, r2, r6
100021e8:	d302      	bcc.n	100021f0 <l15_1>
100021ea:	2601      	movs	r6, #1
100021ec:	0436      	lsls	r6, r6, #16
100021ee:	19a4      	adds	r4, r4, r6

100021f0 <l15_1>:
100021f0:	0416      	lsls	r6, r2, #16
100021f2:	0c17      	lsrs	r7, r2, #16
100021f4:	1836      	adds	r6, r6, r0
100021f6:	4167      	adcs	r7, r4
100021f8:	bc01      	pop	{r0}
100021fa:	b281      	uxth	r1, r0
100021fc:	b29a      	uxth	r2, r3
100021fe:	4351      	muls	r1, r2
10002200:	0c04      	lsrs	r4, r0, #16
10002202:	4362      	muls	r2, r4
10002204:	0c1b      	lsrs	r3, r3, #16
10002206:	435c      	muls	r4, r3
10002208:	b280      	uxth	r0, r0
1000220a:	4358      	muls	r0, r3
1000220c:	1812      	adds	r2, r2, r0
1000220e:	d302      	bcc.n	10002216 <l16_1>
10002210:	2001      	movs	r0, #1
10002212:	0400      	lsls	r0, r0, #16
10002214:	1824      	adds	r4, r4, r0

10002216 <l16_1>:
10002216:	0410      	lsls	r0, r2, #16
10002218:	0c13      	lsrs	r3, r2, #16
1000221a:	1840      	adds	r0, r0, r1
1000221c:	4163      	adcs	r3, r4
1000221e:	182d      	adds	r5, r5, r0
10002220:	415e      	adcs	r6, r3
10002222:	2000      	movs	r0, #0
10002224:	4147      	adcs	r7, r0
10002226:	bc06      	pop	{r1, r2}
10002228:	b288      	uxth	r0, r1
1000222a:	b293      	uxth	r3, r2
1000222c:	4358      	muls	r0, r3
1000222e:	0c0c      	lsrs	r4, r1, #16
10002230:	4363      	muls	r3, r4
10002232:	0c12      	lsrs	r2, r2, #16
10002234:	4354      	muls	r4, r2
10002236:	b289      	uxth	r1, r1
10002238:	4351      	muls	r1, r2
1000223a:	185b      	adds	r3, r3, r1
1000223c:	d302      	bcc.n	10002244 <l17_1>
1000223e:	2101      	movs	r1, #1
10002240:	0409      	lsls	r1, r1, #16
10002242:	1864      	adds	r4, r4, r1

10002244 <l17_1>:
10002244:	0419      	lsls	r1, r3, #16
10002246:	0c1a      	lsrs	r2, r3, #16
10002248:	1809      	adds	r1, r1, r0
1000224a:	4162      	adcs	r2, r4
1000224c:	186d      	adds	r5, r5, r1
1000224e:	4156      	adcs	r6, r2
10002250:	2000      	movs	r0, #0
10002252:	4147      	adcs	r7, r0
10002254:	bc18      	pop	{r3, r4}
10002256:	02f9      	lsls	r1, r7, #11
10002258:	0d72      	lsrs	r2, r6, #21
1000225a:	4311      	orrs	r1, r2
1000225c:	02f0      	lsls	r0, r6, #11
1000225e:	0d6a      	lsrs	r2, r5, #21
10002260:	4310      	orrs	r0, r2
10002262:	02ed      	lsls	r5, r5, #11
10002264:	0d0a      	lsrs	r2, r1, #20
10002266:	d103      	bne.n	10002270 <l17_1+0x2c>
10002268:	196d      	adds	r5, r5, r5
1000226a:	4140      	adcs	r0, r0
1000226c:	4149      	adcs	r1, r1
1000226e:	3b01      	subs	r3, #1
10002270:	4e12      	ldr	r6, [pc, #72]	@ (100022bc <dm_1+0xa>)
10002272:	1b9b      	subs	r3, r3, r6
10002274:	0076      	lsls	r6, r6, #1
10002276:	42b3      	cmp	r3, r6
10002278:	d20e      	bcs.n	10002298 <dm_0>
1000227a:	006d      	lsls	r5, r5, #1
1000227c:	d307      	bcc.n	1000228e <l17_1+0x4a>
1000227e:	3001      	adds	r0, #1
10002280:	2600      	movs	r6, #0
10002282:	4171      	adcs	r1, r6
10002284:	4666      	mov	r6, ip
10002286:	4335      	orrs	r5, r6
10002288:	d101      	bne.n	1000228e <l17_1+0x4a>
1000228a:	0840      	lsrs	r0, r0, #1
1000228c:	0040      	lsls	r0, r0, #1
1000228e:	051b      	lsls	r3, r3, #20
10002290:	18c9      	adds	r1, r1, r3

10002292 <dm_2>:
10002292:	07e4      	lsls	r4, r4, #31
10002294:	4421      	add	r1, r4
10002296:	bdf0      	pop	{r4, r5, r6, r7, pc}

10002298 <dm_0>:
10002298:	da0b      	bge.n	100022b2 <dm_1>
1000229a:	3301      	adds	r3, #1
1000229c:	d106      	bne.n	100022ac <dm_0+0x14>
1000229e:	3001      	adds	r0, #1
100022a0:	d104      	bne.n	100022ac <dm_0+0x14>
100022a2:	3101      	adds	r1, #1
100022a4:	0d4f      	lsrs	r7, r1, #21
100022a6:	d001      	beq.n	100022ac <dm_0+0x14>
100022a8:	0849      	lsrs	r1, r1, #1
100022aa:	e7f2      	b.n	10002292 <dm_2>
100022ac:	07e1      	lsls	r1, r4, #31
100022ae:	2000      	movs	r0, #0
100022b0:	bdf0      	pop	{r4, r5, r6, r7, pc}

100022b2 <dm_1>:
100022b2:	3601      	adds	r6, #1
100022b4:	0531      	lsls	r1, r6, #20
100022b6:	2000      	movs	r0, #0
100022b8:	e7eb      	b.n	10002292 <dm_2>
100022ba:	0000      	.short	0x0000
100022bc:	000003ff 	.word	0x000003ff

100022c0 <ddiv_shim>:
100022c0:	b5f0      	push	{r4, r5, r6, r7, lr}

100022c2 <ddiv0>:
100022c2:	0d1c      	lsrs	r4, r3, #20
100022c4:	1e67      	subs	r7, r4, #1
100022c6:	053f      	lsls	r7, r7, #20
100022c8:	1bdb      	subs	r3, r3, r7
100022ca:	0ae7      	lsrs	r7, r4, #11
100022cc:	0564      	lsls	r4, r4, #21
100022ce:	0d64      	lsrs	r4, r4, #21
100022d0:	d002      	beq.n	100022d8 <l20_1>
100022d2:	1c66      	adds	r6, r4, #1
100022d4:	0af6      	lsrs	r6, r6, #11
100022d6:	d004      	beq.n	100022e2 <l20_2>

100022d8 <l20_1>:
100022d8:	2200      	movs	r2, #0
100022da:	2301      	movs	r3, #1
100022dc:	051b      	lsls	r3, r3, #20
100022de:	3c80      	subs	r4, #128	@ 0x80
100022e0:	0324      	lsls	r4, r4, #12

100022e2 <l20_2>:
100022e2:	25d0      	movs	r5, #208	@ 0xd0
100022e4:	062d      	lsls	r5, r5, #24
100022e6:	2600      	movs	r6, #0
100022e8:	43f6      	mvns	r6, r6
100022ea:	662e      	str	r6, [r5, #96]	@ 0x60
100022ec:	091e      	lsrs	r6, r3, #4
100022ee:	666e      	str	r6, [r5, #100]	@ 0x64
100022f0:	0fce      	lsrs	r6, r1, #31
100022f2:	19f6      	adds	r6, r6, r7
100022f4:	46b4      	mov	ip, r6
100022f6:	0049      	lsls	r1, r1, #1
100022f8:	0d4f      	lsrs	r7, r1, #21
100022fa:	d002      	beq.n	10002302 <l20_2+0x20>
100022fc:	1c7e      	adds	r6, r7, #1
100022fe:	0af6      	lsrs	r6, r6, #11
10002300:	d003      	beq.n	1000230a <l20_2+0x28>
10002302:	2000      	movs	r0, #0
10002304:	2100      	movs	r1, #0
10002306:	3f40      	subs	r7, #64	@ 0x40
10002308:	033f      	lsls	r7, r7, #12
1000230a:	1b3e      	subs	r6, r7, r4
1000230c:	00b6      	lsls	r6, r6, #2
1000230e:	44b4      	add	ip, r6
10002310:	3f01      	subs	r7, #1
10002312:	057f      	lsls	r7, r7, #21
10002314:	1bc9      	subs	r1, r1, r7
10002316:	0849      	lsrs	r1, r1, #1
10002318:	6f2e      	ldr	r6, [r5, #112]	@ 0x70
1000231a:	3601      	adds	r6, #1
1000231c:	0876      	lsrs	r6, r6, #1
1000231e:	029c      	lsls	r4, r3, #10
10002320:	0d95      	lsrs	r5, r2, #22
10002322:	4325      	orrs	r5, r4
10002324:	4375      	muls	r5, r6
10002326:	13ed      	asrs	r5, r5, #15
10002328:	4375      	muls	r5, r6
1000232a:	13ad      	asrs	r5, r5, #14
1000232c:	3501      	adds	r5, #1
1000232e:	106d      	asrs	r5, r5, #1
10002330:	03f6      	lsls	r6, r6, #15
10002332:	1b76      	subs	r6, r6, r5
10002334:	b40c      	push	{r2, r3}
10002336:	02cc      	lsls	r4, r1, #11
10002338:	0d45      	lsrs	r5, r0, #21
1000233a:	432c      	orrs	r4, r5
1000233c:	b2a2      	uxth	r2, r4
1000233e:	b2b3      	uxth	r3, r6
10002340:	435a      	muls	r2, r3
10002342:	0c27      	lsrs	r7, r4, #16
10002344:	437b      	muls	r3, r7
10002346:	0c35      	lsrs	r5, r6, #16
10002348:	436f      	muls	r7, r5
1000234a:	b2a4      	uxth	r4, r4
1000234c:	436c      	muls	r4, r5
1000234e:	191b      	adds	r3, r3, r4
10002350:	d302      	bcc.n	10002358 <l21_1>
10002352:	2401      	movs	r4, #1
10002354:	0424      	lsls	r4, r4, #16
10002356:	193f      	adds	r7, r7, r4

10002358 <l21_1>:
10002358:	041c      	lsls	r4, r3, #16
1000235a:	0c1d      	lsrs	r5, r3, #16
1000235c:	18a4      	adds	r4, r4, r2
1000235e:	417d      	adcs	r5, r7
10002360:	1924      	adds	r4, r4, r4
10002362:	416d      	adcs	r5, r5
10002364:	9a00      	ldr	r2, [sp, #0]
10002366:	b291      	uxth	r1, r2
10002368:	b2ac      	uxth	r4, r5
1000236a:	4361      	muls	r1, r4
1000236c:	0c17      	lsrs	r7, r2, #16
1000236e:	437c      	muls	r4, r7
10002370:	0c2b      	lsrs	r3, r5, #16
10002372:	435f      	muls	r7, r3
10002374:	b292      	uxth	r2, r2
10002376:	435a      	muls	r2, r3
10002378:	18a4      	adds	r4, r4, r2
1000237a:	d302      	bcc.n	10002382 <l22_1>
1000237c:	2201      	movs	r2, #1
1000237e:	0412      	lsls	r2, r2, #16
10002380:	18bf      	adds	r7, r7, r2

10002382 <l22_1>:
10002382:	0422      	lsls	r2, r4, #16
10002384:	0c23      	lsrs	r3, r4, #16
10002386:	1852      	adds	r2, r2, r1
10002388:	417b      	adcs	r3, r7
1000238a:	9c01      	ldr	r4, [sp, #4]
1000238c:	436c      	muls	r4, r5
1000238e:	191b      	adds	r3, r3, r4
10002390:	0e52      	lsrs	r2, r2, #25
10002392:	01d9      	lsls	r1, r3, #7
10002394:	430a      	orrs	r2, r1
10002396:	0144      	lsls	r4, r0, #5
10002398:	1aa0      	subs	r0, r4, r2
1000239a:	b281      	uxth	r1, r0
1000239c:	b2b2      	uxth	r2, r6
1000239e:	4351      	muls	r1, r2
100023a0:	1403      	asrs	r3, r0, #16
100023a2:	435a      	muls	r2, r3
100023a4:	0c36      	lsrs	r6, r6, #16
100023a6:	4373      	muls	r3, r6
100023a8:	b287      	uxth	r7, r0
100023aa:	4377      	muls	r7, r6
100023ac:	17d6      	asrs	r6, r2, #31
100023ae:	19d2      	adds	r2, r2, r7
100023b0:	2700      	movs	r7, #0
100023b2:	417e      	adcs	r6, r7
100023b4:	0436      	lsls	r6, r6, #16
100023b6:	199b      	adds	r3, r3, r6
100023b8:	0417      	lsls	r7, r2, #16
100023ba:	0c16      	lsrs	r6, r2, #16
100023bc:	187f      	adds	r7, r7, r1
100023be:	415e      	adcs	r6, r3
100023c0:	1673      	asrs	r3, r6, #25
100023c2:	18ed      	adds	r5, r5, r3
100023c4:	01f3      	lsls	r3, r6, #7
100023c6:	2600      	movs	r6, #0
100023c8:	3380      	adds	r3, #128	@ 0x80
100023ca:	4175      	adcs	r5, r6
100023cc:	0fa9      	lsrs	r1, r5, #30
100023ce:	d106      	bne.n	100023de <dd_0>
100023d0:	0064      	lsls	r4, r4, #1
100023d2:	0a69      	lsrs	r1, r5, #9
100023d4:	05e8      	lsls	r0, r5, #23
100023d6:	0a5b      	lsrs	r3, r3, #9
100023d8:	4318      	orrs	r0, r3
100023da:	d209      	bcs.n	100023f0 <dd_1>
100023dc:	e02f      	b.n	1000243e <dd_2>

100023de <dd_0>:
100023de:	2204      	movs	r2, #4
100023e0:	4494      	add	ip, r2
100023e2:	3380      	adds	r3, #128	@ 0x80
100023e4:	4175      	adcs	r5, r6
100023e6:	0aa9      	lsrs	r1, r5, #10
100023e8:	05a8      	lsls	r0, r5, #22
100023ea:	0a9b      	lsrs	r3, r3, #10
100023ec:	4318      	orrs	r0, r3
100023ee:	d326      	bcc.n	1000243e <dd_2>

100023f0 <dd_1>:
100023f0:	4140      	adcs	r0, r0
100023f2:	4149      	adcs	r1, r1
100023f4:	0424      	lsls	r4, r4, #16
100023f6:	9a00      	ldr	r2, [sp, #0]
100023f8:	9b01      	ldr	r3, [sp, #4]
100023fa:	000d      	movs	r5, r1
100023fc:	4355      	muls	r5, r2
100023fe:	1b64      	subs	r4, r4, r5
10002400:	4343      	muls	r3, r0
10002402:	1ae4      	subs	r4, r4, r3
10002404:	b295      	uxth	r5, r2
10002406:	b286      	uxth	r6, r0
10002408:	4375      	muls	r5, r6
1000240a:	0c17      	lsrs	r7, r2, #16
1000240c:	437e      	muls	r6, r7
1000240e:	0c03      	lsrs	r3, r0, #16
10002410:	435f      	muls	r7, r3
10002412:	b292      	uxth	r2, r2
10002414:	435a      	muls	r2, r3
10002416:	18b6      	adds	r6, r6, r2
10002418:	d302      	bcc.n	10002420 <l24_1>
1000241a:	2201      	movs	r2, #1
1000241c:	0412      	lsls	r2, r2, #16
1000241e:	18bf      	adds	r7, r7, r2

10002420 <l24_1>:
10002420:	0432      	lsls	r2, r6, #16
10002422:	0c33      	lsrs	r3, r6, #16
10002424:	1952      	adds	r2, r2, r5
10002426:	417b      	adcs	r3, r7
10002428:	4252      	negs	r2, r2
1000242a:	419c      	sbcs	r4, r3
1000242c:	2c00      	cmp	r4, #0
1000242e:	d402      	bmi.n	10002436 <l24_1+0x16>
10002430:	2200      	movs	r2, #0
10002432:	3001      	adds	r0, #1
10002434:	4151      	adcs	r1, r2
10002436:	0840      	lsrs	r0, r0, #1
10002438:	07ca      	lsls	r2, r1, #31
1000243a:	4310      	orrs	r0, r2
1000243c:	0849      	lsrs	r1, r1, #1

1000243e <dd_2>:
1000243e:	b002      	add	sp, #8
10002440:	4662      	mov	r2, ip
10002442:	07d7      	lsls	r7, r2, #31
10002444:	1092      	asrs	r2, r2, #2
10002446:	4b08      	ldr	r3, [pc, #32]	@ (10002468 <dd_4+0x6>)
10002448:	18d2      	adds	r2, r2, r3
1000244a:	4b08      	ldr	r3, [pc, #32]	@ (1000246c <dd_4+0xa>)
1000244c:	429a      	cmp	r2, r3
1000244e:	d203      	bcs.n	10002458 <dd_3>
10002450:	0512      	lsls	r2, r2, #20
10002452:	1889      	adds	r1, r1, r2

10002454 <dd_5>:
10002454:	19c9      	adds	r1, r1, r7
10002456:	bdf0      	pop	{r4, r5, r6, r7, pc}

10002458 <dd_3>:
10002458:	2000      	movs	r0, #0
1000245a:	2a00      	cmp	r2, #0
1000245c:	dc01      	bgt.n	10002462 <dd_4>
1000245e:	0039      	movs	r1, r7
10002460:	bdf0      	pop	{r4, r5, r6, r7, pc}

10002462 <dd_4>:
10002462:	3301      	adds	r3, #1
10002464:	0519      	lsls	r1, r3, #20
10002466:	e7f5      	b.n	10002454 <dd_5>
10002468:	000003fd 	.word	0x000003fd
1000246c:	000007fe 	.word	0x000007fe

10002470 <double2uint_shim>:
10002470:	2200      	movs	r2, #0

10002472 <double2ufix_shim>:
10002472:	b500      	push	{lr}
10002474:	3220      	adds	r2, #32
10002476:	f000 f804 	bl	10002482 <double2ufix64_shim>
1000247a:	0008      	movs	r0, r1
1000247c:	bd00      	pop	{pc}
	...

10002480 <double2uint64_shim>:
10002480:	2200      	movs	r2, #0

10002482 <double2ufix64_shim>:
10002482:	150b      	asrs	r3, r1, #20
10002484:	d40a      	bmi.n	1000249c <ret_dzero>

10002486 <d2fix>:
10002486:	b510      	push	{r4, lr}
10002488:	4694      	mov	ip, r2
1000248a:	f000 f831 	bl	100024f0 <dunpacks>
1000248e:	1414      	asrs	r4, r2, #16
10002490:	3401      	adds	r4, #1
10002492:	da00      	bge.n	10002496 <d2fix+0x10>
10002494:	2100      	movs	r1, #0
10002496:	17cb      	asrs	r3, r1, #31
10002498:	4c14      	ldr	r4, [pc, #80]	@ (100024ec <d2fix_a+0x4a>)
1000249a:	4720      	bx	r4

1000249c <ret_dzero>:
1000249c:	2000      	movs	r0, #0
1000249e:	2100      	movs	r1, #0
100024a0:	4770      	bx	lr

100024a2 <d2fix_a>:
100024a2:	4462      	add	r2, ip
100024a4:	3a34      	subs	r2, #52	@ 0x34
100024a6:	d40c      	bmi.n	100024c2 <d2fix_a+0x20>
100024a8:	2a0c      	cmp	r2, #12
100024aa:	da07      	bge.n	100024bc <d2fix_a+0x1a>
100024ac:	0004      	movs	r4, r0
100024ae:	4091      	lsls	r1, r2
100024b0:	4090      	lsls	r0, r2
100024b2:	4252      	negs	r2, r2
100024b4:	3220      	adds	r2, #32
100024b6:	40d4      	lsrs	r4, r2
100024b8:	4321      	orrs	r1, r4
100024ba:	bd10      	pop	{r4, pc}
100024bc:	43d8      	mvns	r0, r3
100024be:	43d9      	mvns	r1, r3
100024c0:	bd10      	pop	{r4, pc}
100024c2:	3220      	adds	r2, #32
100024c4:	d407      	bmi.n	100024d6 <d2fix_a+0x34>
100024c6:	460c      	mov	r4, r1
100024c8:	4094      	lsls	r4, r2
100024ca:	4252      	negs	r2, r2
100024cc:	3220      	adds	r2, #32
100024ce:	4111      	asrs	r1, r2
100024d0:	40d0      	lsrs	r0, r2
100024d2:	4320      	orrs	r0, r4
100024d4:	bd10      	pop	{r4, pc}
100024d6:	0008      	movs	r0, r1
100024d8:	17c9      	asrs	r1, r1, #31
100024da:	3220      	adds	r2, #32
100024dc:	d403      	bmi.n	100024e6 <d2fix_a+0x44>
100024de:	4252      	negs	r2, r2
100024e0:	3220      	adds	r2, #32
100024e2:	4110      	asrs	r0, r2
100024e4:	bd10      	pop	{r4, pc}
100024e6:	0018      	movs	r0, r3
100024e8:	0019      	movs	r1, r3
100024ea:	bd10      	pop	{r4, pc}
100024ec:	100024a3 	.word	0x100024a3

100024f0 <dunpacks>:
100024f0:	0d0a      	lsrs	r2, r1, #20
100024f2:	0fcc      	lsrs	r4, r1, #31
100024f4:	1e53      	subs	r3, r2, #1
100024f6:	051b      	lsls	r3, r3, #20
100024f8:	1ac9      	subs	r1, r1, r3
100024fa:	0552      	lsls	r2, r2, #21
100024fc:	d303      	bcc.n	10002506 <l60_1>
100024fe:	43c9      	mvns	r1, r1
10002500:	4240      	negs	r0, r0
10002502:	d300      	bcc.n	10002506 <l60_1>
10002504:	3101      	adds	r1, #1

10002506 <l60_1>:
10002506:	0d52      	lsrs	r2, r2, #21
10002508:	d003      	beq.n	10002512 <l60_2>
1000250a:	1c53      	adds	r3, r2, #1
1000250c:	0adb      	lsrs	r3, r3, #11
1000250e:	d007      	beq.n	10002520 <l60_3>
10002510:	1b12      	subs	r2, r2, r4

10002512 <l60_2>:
10002512:	2000      	movs	r0, #0
10002514:	0064      	lsls	r4, r4, #1
10002516:	1c61      	adds	r1, r4, #1
10002518:	0789      	lsls	r1, r1, #30
1000251a:	1289      	asrs	r1, r1, #10
1000251c:	3a80      	subs	r2, #128	@ 0x80
1000251e:	0312      	lsls	r2, r2, #12

10002520 <l60_3>:
10002520:	4b01      	ldr	r3, [pc, #4]	@ (10002528 <l60_3+0x8>)
10002522:	1ad2      	subs	r2, r2, r3
10002524:	4770      	bx	lr
10002526:	0000      	.short	0x0000
10002528:	000003ff 	.word	0x000003ff

1000252c <__wrap___aeabi_lmul>:
1000252c:	4351      	muls	r1, r2
1000252e:	4343      	muls	r3, r0
10002530:	18c9      	adds	r1, r1, r3
10002532:	468c      	mov	ip, r1
10002534:	0c11      	lsrs	r1, r2, #16
10002536:	b283      	uxth	r3, r0
10002538:	434b      	muls	r3, r1
1000253a:	b410      	push	{r4}
1000253c:	0c04      	lsrs	r4, r0, #16
1000253e:	4361      	muls	r1, r4
10002540:	b292      	uxth	r2, r2
10002542:	b280      	uxth	r0, r0
10002544:	4350      	muls	r0, r2
10002546:	4362      	muls	r2, r4
10002548:	041c      	lsls	r4, r3, #16
1000254a:	0c1b      	lsrs	r3, r3, #16
1000254c:	1900      	adds	r0, r0, r4
1000254e:	bc10      	pop	{r4}
10002550:	4159      	adcs	r1, r3
10002552:	0413      	lsls	r3, r2, #16
10002554:	0c12      	lsrs	r2, r2, #16
10002556:	18c0      	adds	r0, r0, r3
10002558:	4151      	adcs	r1, r2
1000255a:	4461      	add	r1, ip
1000255c:	4770      	bx	lr
	...

10002560 <__aeabi_float_init>:
10002560:	b570      	push	{r4, r5, r6, lr}
10002562:	2313      	movs	r3, #19
10002564:	781c      	ldrb	r4, [r3, #0]
10002566:	482a      	ldr	r0, [pc, #168]	@ (10002610 <__aeabi_float_init+0xb0>)
10002568:	f7ff f832 	bl	100015d0 <rom_data_lookup>
1000256c:	0005      	movs	r5, r0
1000256e:	2c01      	cmp	r4, #1
10002570:	d012      	beq.n	10002598 <__aeabi_float_init+0x38>
10002572:	2c01      	cmp	r4, #1
10002574:	dd0a      	ble.n	1000258c <__aeabi_float_init+0x2c>
10002576:	002b      	movs	r3, r5
10002578:	3b02      	subs	r3, #2
1000257a:	781b      	ldrb	r3, [r3, #0]
1000257c:	009b      	lsls	r3, r3, #2
1000257e:	2b7f      	cmp	r3, #127	@ 0x7f
10002580:	dd40      	ble.n	10002604 <__aeabi_float_init+0xa4>
10002582:	4824      	ldr	r0, [pc, #144]	@ (10002614 <__aeabi_float_init+0xb4>)
10002584:	2280      	movs	r2, #128	@ 0x80
10002586:	0029      	movs	r1, r5
10002588:	f000 f890 	bl	100026ac <__wrap___aeabi_memcpy>
1000258c:	4822      	ldr	r0, [pc, #136]	@ (10002618 <__aeabi_float_init+0xb8>)
1000258e:	f7ff f817 	bl	100015c0 <rom_func_lookup>
10002592:	4b22      	ldr	r3, [pc, #136]	@ (1000261c <__aeabi_float_init+0xbc>)
10002594:	6018      	str	r0, [r3, #0]
10002596:	bd70      	pop	{r4, r5, r6, pc}
10002598:	481e      	ldr	r0, [pc, #120]	@ (10002614 <__aeabi_float_init+0xb4>)
1000259a:	2254      	movs	r2, #84	@ 0x54
1000259c:	0029      	movs	r1, r5
1000259e:	f000 f885 	bl	100026ac <__wrap___aeabi_memcpy>
100025a2:	4b1f      	ldr	r3, [pc, #124]	@ (10002620 <__aeabi_float_init+0xc0>)
100025a4:	881a      	ldrh	r2, [r3, #0]
100025a6:	4b1f      	ldr	r3, [pc, #124]	@ (10002624 <__aeabi_float_init+0xc4>)
100025a8:	429a      	cmp	r2, r3
100025aa:	d11c      	bne.n	100025e6 <__aeabi_float_init+0x86>
100025ac:	23a7      	movs	r3, #167	@ 0xa7
100025ae:	019b      	lsls	r3, r3, #6
100025b0:	881a      	ldrh	r2, [r3, #0]
100025b2:	4b1d      	ldr	r3, [pc, #116]	@ (10002628 <__aeabi_float_init+0xc8>)
100025b4:	429a      	cmp	r2, r3
100025b6:	d116      	bne.n	100025e6 <__aeabi_float_init+0x86>
100025b8:	4b1c      	ldr	r3, [pc, #112]	@ (1000262c <__aeabi_float_init+0xcc>)
100025ba:	881a      	ldrh	r2, [r3, #0]
100025bc:	4b1c      	ldr	r3, [pc, #112]	@ (10002630 <__aeabi_float_init+0xd0>)
100025be:	429a      	cmp	r2, r3
100025c0:	d111      	bne.n	100025e6 <__aeabi_float_init+0x86>
100025c2:	4b1c      	ldr	r3, [pc, #112]	@ (10002634 <__aeabi_float_init+0xd4>)
100025c4:	881a      	ldrh	r2, [r3, #0]
100025c6:	2394      	movs	r3, #148	@ 0x94
100025c8:	019b      	lsls	r3, r3, #6
100025ca:	429a      	cmp	r2, r3
100025cc:	d10b      	bne.n	100025e6 <__aeabi_float_init+0x86>
100025ce:	4b1a      	ldr	r3, [pc, #104]	@ (10002638 <__aeabi_float_init+0xd8>)
100025d0:	881a      	ldrh	r2, [r3, #0]
100025d2:	4b1a      	ldr	r3, [pc, #104]	@ (1000263c <__aeabi_float_init+0xdc>)
100025d4:	429a      	cmp	r2, r3
100025d6:	d106      	bne.n	100025e6 <__aeabi_float_init+0x86>
100025d8:	4b19      	ldr	r3, [pc, #100]	@ (10002640 <__aeabi_float_init+0xe0>)
100025da:	681a      	ldr	r2, [r3, #0]
100025dc:	4b19      	ldr	r3, [pc, #100]	@ (10002644 <__aeabi_float_init+0xe4>)
100025de:	429a      	cmp	r2, r3
100025e0:	d101      	bne.n	100025e6 <__aeabi_float_init+0x86>
100025e2:	2315      	movs	r3, #21
100025e4:	e007      	b.n	100025f6 <__aeabi_float_init+0x96>
100025e6:	4818      	ldr	r0, [pc, #96]	@ (10002648 <__aeabi_float_init+0xe8>)
100025e8:	f7fd ff1a 	bl	10000420 <panic>
100025ec:	4917      	ldr	r1, [pc, #92]	@ (1000264c <__aeabi_float_init+0xec>)
100025ee:	4a09      	ldr	r2, [pc, #36]	@ (10002614 <__aeabi_float_init+0xb4>)
100025f0:	0098      	lsls	r0, r3, #2
100025f2:	5081      	str	r1, [r0, r2]
100025f4:	3301      	adds	r3, #1
100025f6:	2b1f      	cmp	r3, #31
100025f8:	d9f8      	bls.n	100025ec <__aeabi_float_init+0x8c>
100025fa:	4b14      	ldr	r3, [pc, #80]	@ (1000264c <__aeabi_float_init+0xec>)
100025fc:	4a05      	ldr	r2, [pc, #20]	@ (10002614 <__aeabi_float_init+0xb4>)
100025fe:	6213      	str	r3, [r2, #32]
10002600:	61d3      	str	r3, [r2, #28]
10002602:	e7b6      	b.n	10002572 <__aeabi_float_init+0x12>
10002604:	4b12      	ldr	r3, [pc, #72]	@ (10002650 <__aeabi_float_init+0xf0>)
10002606:	4a13      	ldr	r2, [pc, #76]	@ (10002654 <__aeabi_float_init+0xf4>)
10002608:	4813      	ldr	r0, [pc, #76]	@ (10002658 <__aeabi_float_init+0xf8>)
1000260a:	2143      	movs	r1, #67	@ 0x43
1000260c:	f001 f94e 	bl	100038ac <__assert_func>
10002610:	00004653 	.word	0x00004653
10002614:	2000186c 	.word	0x2000186c
10002618:	0000334c 	.word	0x0000334c
1000261c:	20001868 	.word	0x20001868
10002620:	000029ee 	.word	0x000029ee
10002624:	00000fc4 	.word	0x00000fc4
10002628:	00000dc2 	.word	0x00000dc2
1000262c:	00002b96 	.word	0x00002b96
10002630:	0000b5c0 	.word	0x0000b5c0
10002634:	00002b18 	.word	0x00002b18
10002638:	00002acc 	.word	0x00002acc
1000263c:	0000b510 	.word	0x0000b510
10002640:	00002cfc 	.word	0x00002cfc
10002644:	6487ed51 	.word	0x6487ed51
10002648:	10008ea0 	.word	0x10008ea0
1000264c:	1000265d 	.word	0x1000265d
10002650:	10008d98 	.word	0x10008d98
10002654:	100097d4 	.word	0x100097d4
10002658:	10008dcc 	.word	0x10008dcc

1000265c <float_table_shim_on_use_helper>:
1000265c:	b507      	push	{r0, r1, r2, lr}
1000265e:	4660      	mov	r0, ip
10002660:	2800      	cmp	r0, #0
10002662:	d100      	bne.n	10002666 <float_table_shim_on_use_helper+0xa>
10002664:	be00      	bkpt	0x0000
10002666:	8801      	ldrh	r1, [r0, #0]
10002668:	0a0a      	lsrs	r2, r1, #8
1000266a:	3002      	adds	r0, #2
1000266c:	2adf      	cmp	r2, #223	@ 0xdf
1000266e:	d1fa      	bne.n	10002666 <float_table_shim_on_use_helper+0xa>
10002670:	b2c9      	uxtb	r1, r1
10002672:	0882      	lsrs	r2, r0, #2
10002674:	d304      	bcc.n	10002680 <float_table_shim_on_use_helper+0x24>
10002676:	8802      	ldrh	r2, [r0, #0]
10002678:	8840      	ldrh	r0, [r0, #2]
1000267a:	0400      	lsls	r0, r0, #16
1000267c:	4310      	orrs	r0, r2
1000267e:	e000      	b.n	10002682 <float_table_shim_on_use_helper+0x26>
10002680:	6800      	ldr	r0, [r0, #0]
10002682:	4a02      	ldr	r2, [pc, #8]	@ (1000268c <float_table_shim_on_use_helper+0x30>)
10002684:	5050      	str	r0, [r2, r1]
10002686:	9003      	str	r0, [sp, #12]
10002688:	bd07      	pop	{r0, r1, r2, pc}
1000268a:	0000      	.short	0x0000
1000268c:	2000186c 	.word	0x2000186c

10002690 <__aeabi_mem_init>:
10002690:	4801      	ldr	r0, [pc, #4]	@ (10002698 <__aeabi_mem_init+0x8>)
10002692:	2104      	movs	r1, #4
10002694:	4b01      	ldr	r3, [pc, #4]	@ (1000269c <__aeabi_mem_init+0xc>)
10002696:	4718      	bx	r3
10002698:	20000c60 	.word	0x20000c60
1000269c:	100015e1 	.word	0x100015e1

100026a0 <__wrap_memset>:
100026a0:	4b01      	ldr	r3, [pc, #4]	@ (100026a8 <__wrap_memset+0x8>)
100026a2:	681b      	ldr	r3, [r3, #0]
100026a4:	4718      	bx	r3
100026a6:	0000      	.short	0x0000
100026a8:	20000c60 	.word	0x20000c60

100026ac <__wrap___aeabi_memcpy>:
100026ac:	4b01      	ldr	r3, [pc, #4]	@ (100026b4 <__wrap___aeabi_memcpy+0x8>)
100026ae:	685b      	ldr	r3, [r3, #4]
100026b0:	4718      	bx	r3
100026b2:	0000      	.short	0x0000
100026b4:	20000c60 	.word	0x20000c60

100026b8 <_out_null>:
100026b8:	4770      	bx	lr

100026ba <_out_fct>:
100026ba:	b510      	push	{r4, lr}
100026bc:	2800      	cmp	r0, #0
100026be:	d002      	beq.n	100026c6 <_out_fct+0xc>
100026c0:	680b      	ldr	r3, [r1, #0]
100026c2:	6849      	ldr	r1, [r1, #4]
100026c4:	4798      	blx	r3
100026c6:	bd10      	pop	{r4, pc}

100026c8 <_atoi>:
100026c8:	0001      	movs	r1, r0
100026ca:	2000      	movs	r0, #0
100026cc:	e007      	b.n	100026de <_atoi+0x16>
100026ce:	0083      	lsls	r3, r0, #2
100026d0:	181b      	adds	r3, r3, r0
100026d2:	005b      	lsls	r3, r3, #1
100026d4:	1c50      	adds	r0, r2, #1
100026d6:	6008      	str	r0, [r1, #0]
100026d8:	7810      	ldrb	r0, [r2, #0]
100026da:	18c0      	adds	r0, r0, r3
100026dc:	3830      	subs	r0, #48	@ 0x30
100026de:	680a      	ldr	r2, [r1, #0]
100026e0:	7813      	ldrb	r3, [r2, #0]
100026e2:	3b30      	subs	r3, #48	@ 0x30
100026e4:	b2db      	uxtb	r3, r3
100026e6:	2b09      	cmp	r3, #9
100026e8:	d9f1      	bls.n	100026ce <_atoi+0x6>
100026ea:	4770      	bx	lr

100026ec <_out_rev>:
100026ec:	b5f0      	push	{r4, r5, r6, r7, lr}
100026ee:	46d6      	mov	lr, sl
100026f0:	464f      	mov	r7, r9
100026f2:	4646      	mov	r6, r8
100026f4:	b5c0      	push	{r6, r7, lr}
100026f6:	0005      	movs	r5, r0
100026f8:	000e      	movs	r6, r1
100026fa:	0010      	movs	r0, r2
100026fc:	4691      	mov	r9, r2
100026fe:	001f      	movs	r7, r3
10002700:	9c09      	ldr	r4, [sp, #36]	@ 0x24
10002702:	9b0b      	ldr	r3, [sp, #44]	@ 0x2c
10002704:	2202      	movs	r2, #2
10002706:	0011      	movs	r1, r2
10002708:	4019      	ands	r1, r3
1000270a:	468a      	mov	sl, r1
1000270c:	421a      	tst	r2, r3
1000270e:	d134      	bne.n	1000277a <_out_rev+0x8e>
10002710:	07db      	lsls	r3, r3, #31
10002712:	d516      	bpl.n	10002742 <_out_rev+0x56>
10002714:	0002      	movs	r2, r0
10002716:	46b8      	mov	r8, r7
10002718:	0037      	movs	r7, r6
1000271a:	002e      	movs	r6, r5
1000271c:	e01f      	b.n	1000275e <_out_rev+0x72>
1000271e:	1c55      	adds	r5, r2, #1
10002720:	0033      	movs	r3, r6
10002722:	4641      	mov	r1, r8
10002724:	2020      	movs	r0, #32
10002726:	47b8      	blx	r7
10002728:	3401      	adds	r4, #1
1000272a:	002a      	movs	r2, r5
1000272c:	9b0a      	ldr	r3, [sp, #40]	@ 0x28
1000272e:	429c      	cmp	r4, r3
10002730:	d3f5      	bcc.n	1000271e <_out_rev+0x32>
10002732:	003d      	movs	r5, r7
10002734:	0037      	movs	r7, r6
10002736:	4646      	mov	r6, r8
10002738:	9c09      	ldr	r4, [sp, #36]	@ 0x24
1000273a:	46b8      	mov	r8, r7
1000273c:	0037      	movs	r7, r6
1000273e:	002e      	movs	r6, r5
10002740:	e00d      	b.n	1000275e <_out_rev+0x72>
10002742:	0002      	movs	r2, r0
10002744:	46b0      	mov	r8, r6
10002746:	003e      	movs	r6, r7
10002748:	002f      	movs	r7, r5
1000274a:	9409      	str	r4, [sp, #36]	@ 0x24
1000274c:	e7ee      	b.n	1000272c <_out_rev+0x40>
1000274e:	3c01      	subs	r4, #1
10002750:	1c55      	adds	r5, r2, #1
10002752:	9b08      	ldr	r3, [sp, #32]
10002754:	5d18      	ldrb	r0, [r3, r4]
10002756:	4643      	mov	r3, r8
10002758:	0039      	movs	r1, r7
1000275a:	47b0      	blx	r6
1000275c:	002a      	movs	r2, r5
1000275e:	2c00      	cmp	r4, #0
10002760:	d1f5      	bne.n	1000274e <_out_rev+0x62>
10002762:	0035      	movs	r5, r6
10002764:	003e      	movs	r6, r7
10002766:	4647      	mov	r7, r8
10002768:	4653      	mov	r3, sl
1000276a:	2b00      	cmp	r3, #0
1000276c:	d116      	bne.n	1000279c <_out_rev+0xb0>
1000276e:	0010      	movs	r0, r2
10002770:	bce0      	pop	{r5, r6, r7}
10002772:	46ba      	mov	sl, r7
10002774:	46b1      	mov	r9, r6
10002776:	46a8      	mov	r8, r5
10002778:	bdf0      	pop	{r4, r5, r6, r7, pc}
1000277a:	0002      	movs	r2, r0
1000277c:	46b8      	mov	r8, r7
1000277e:	0037      	movs	r7, r6
10002780:	002e      	movs	r6, r5
10002782:	e7ec      	b.n	1000275e <_out_rev+0x72>
10002784:	1c54      	adds	r4, r2, #1
10002786:	0033      	movs	r3, r6
10002788:	0029      	movs	r1, r5
1000278a:	2020      	movs	r0, #32
1000278c:	47b8      	blx	r7
1000278e:	0022      	movs	r2, r4
10002790:	464b      	mov	r3, r9
10002792:	1ad3      	subs	r3, r2, r3
10002794:	990a      	ldr	r1, [sp, #40]	@ 0x28
10002796:	428b      	cmp	r3, r1
10002798:	d3f4      	bcc.n	10002784 <_out_rev+0x98>
1000279a:	e7e8      	b.n	1000276e <_out_rev+0x82>
1000279c:	003b      	movs	r3, r7
1000279e:	002f      	movs	r7, r5
100027a0:	0035      	movs	r5, r6
100027a2:	001e      	movs	r6, r3
100027a4:	e7f4      	b.n	10002790 <_out_rev+0xa4>

100027a6 <_ntoa_format>:
100027a6:	b5f0      	push	{r4, r5, r6, r7, lr}
100027a8:	46ce      	mov	lr, r9
100027aa:	4647      	mov	r7, r8
100027ac:	b580      	push	{r7, lr}
100027ae:	b085      	sub	sp, #20
100027b0:	0006      	movs	r6, r0
100027b2:	000f      	movs	r7, r1
100027b4:	4690      	mov	r8, r2
100027b6:	4699      	mov	r9, r3
100027b8:	9a0c      	ldr	r2, [sp, #48]	@ 0x30
100027ba:	9b0d      	ldr	r3, [sp, #52]	@ 0x34
100027bc:	a90e      	add	r1, sp, #56	@ 0x38
100027be:	7809      	ldrb	r1, [r1, #0]
100027c0:	468c      	mov	ip, r1
100027c2:	9d10      	ldr	r5, [sp, #64]	@ 0x40
100027c4:	9c11      	ldr	r4, [sp, #68]	@ 0x44
100027c6:	9912      	ldr	r1, [sp, #72]	@ 0x48
100027c8:	0788      	lsls	r0, r1, #30
100027ca:	d41c      	bmi.n	10002806 <_ntoa_format+0x60>
100027cc:	2c00      	cmp	r4, #0
100027ce:	d00c      	beq.n	100027ea <_ntoa_format+0x44>
100027d0:	07c8      	lsls	r0, r1, #31
100027d2:	d50a      	bpl.n	100027ea <_ntoa_format+0x44>
100027d4:	4660      	mov	r0, ip
100027d6:	2800      	cmp	r0, #0
100027d8:	d102      	bne.n	100027e0 <_ntoa_format+0x3a>
100027da:	300c      	adds	r0, #12
100027dc:	4208      	tst	r0, r1
100027de:	d004      	beq.n	100027ea <_ntoa_format+0x44>
100027e0:	3c01      	subs	r4, #1
100027e2:	e002      	b.n	100027ea <_ntoa_format+0x44>
100027e4:	2030      	movs	r0, #48	@ 0x30
100027e6:	54d0      	strb	r0, [r2, r3]
100027e8:	3301      	adds	r3, #1
100027ea:	42ab      	cmp	r3, r5
100027ec:	d201      	bcs.n	100027f2 <_ntoa_format+0x4c>
100027ee:	2b1f      	cmp	r3, #31
100027f0:	d9f8      	bls.n	100027e4 <_ntoa_format+0x3e>
100027f2:	07c8      	lsls	r0, r1, #31
100027f4:	d507      	bpl.n	10002806 <_ntoa_format+0x60>
100027f6:	42a3      	cmp	r3, r4
100027f8:	d205      	bcs.n	10002806 <_ntoa_format+0x60>
100027fa:	2b1f      	cmp	r3, #31
100027fc:	d803      	bhi.n	10002806 <_ntoa_format+0x60>
100027fe:	2030      	movs	r0, #48	@ 0x30
10002800:	54d0      	strb	r0, [r2, r3]
10002802:	3301      	adds	r3, #1
10002804:	e7f5      	b.n	100027f2 <_ntoa_format+0x4c>
10002806:	06c8      	lsls	r0, r1, #27
10002808:	d512      	bpl.n	10002830 <_ntoa_format+0x8a>
1000280a:	0548      	lsls	r0, r1, #21
1000280c:	d405      	bmi.n	1000281a <_ntoa_format+0x74>
1000280e:	2b00      	cmp	r3, #0
10002810:	d003      	beq.n	1000281a <_ntoa_format+0x74>
10002812:	42ab      	cmp	r3, r5
10002814:	d023      	beq.n	1000285e <_ntoa_format+0xb8>
10002816:	42a3      	cmp	r3, r4
10002818:	d021      	beq.n	1000285e <_ntoa_format+0xb8>
1000281a:	980f      	ldr	r0, [sp, #60]	@ 0x3c
1000281c:	2810      	cmp	r0, #16
1000281e:	d031      	beq.n	10002884 <_ntoa_format+0xde>
10002820:	980f      	ldr	r0, [sp, #60]	@ 0x3c
10002822:	2802      	cmp	r0, #2
10002824:	d038      	beq.n	10002898 <_ntoa_format+0xf2>
10002826:	2b1f      	cmp	r3, #31
10002828:	d80a      	bhi.n	10002840 <_ntoa_format+0x9a>
1000282a:	2030      	movs	r0, #48	@ 0x30
1000282c:	54d0      	strb	r0, [r2, r3]
1000282e:	3301      	adds	r3, #1
10002830:	2b1f      	cmp	r3, #31
10002832:	d805      	bhi.n	10002840 <_ntoa_format+0x9a>
10002834:	4660      	mov	r0, ip
10002836:	2800      	cmp	r0, #0
10002838:	d034      	beq.n	100028a4 <_ntoa_format+0xfe>
1000283a:	202d      	movs	r0, #45	@ 0x2d
1000283c:	54d0      	strb	r0, [r2, r3]
1000283e:	3301      	adds	r3, #1
10002840:	9103      	str	r1, [sp, #12]
10002842:	9402      	str	r4, [sp, #8]
10002844:	9301      	str	r3, [sp, #4]
10002846:	9200      	str	r2, [sp, #0]
10002848:	464b      	mov	r3, r9
1000284a:	4642      	mov	r2, r8
1000284c:	0039      	movs	r1, r7
1000284e:	0030      	movs	r0, r6
10002850:	f7ff ff4c 	bl	100026ec <_out_rev>
10002854:	b005      	add	sp, #20
10002856:	bcc0      	pop	{r6, r7}
10002858:	46b9      	mov	r9, r7
1000285a:	46b0      	mov	r8, r6
1000285c:	bdf0      	pop	{r4, r5, r6, r7, pc}
1000285e:	1e58      	subs	r0, r3, #1
10002860:	2b01      	cmp	r3, #1
10002862:	d017      	beq.n	10002894 <_ntoa_format+0xee>
10002864:	9d0f      	ldr	r5, [sp, #60]	@ 0x3c
10002866:	2d10      	cmp	r5, #16
10002868:	d00b      	beq.n	10002882 <_ntoa_format+0xdc>
1000286a:	0003      	movs	r3, r0
1000286c:	980f      	ldr	r0, [sp, #60]	@ 0x3c
1000286e:	2810      	cmp	r0, #16
10002870:	d1d6      	bne.n	10002820 <_ntoa_format+0x7a>
10002872:	0688      	lsls	r0, r1, #26
10002874:	d5d4      	bpl.n	10002820 <_ntoa_format+0x7a>
10002876:	2b1f      	cmp	r3, #31
10002878:	d8d2      	bhi.n	10002820 <_ntoa_format+0x7a>
1000287a:	2058      	movs	r0, #88	@ 0x58
1000287c:	54d0      	strb	r0, [r2, r3]
1000287e:	3301      	adds	r3, #1
10002880:	e7d1      	b.n	10002826 <_ntoa_format+0x80>
10002882:	3b02      	subs	r3, #2
10002884:	0688      	lsls	r0, r1, #26
10002886:	d4f1      	bmi.n	1000286c <_ntoa_format+0xc6>
10002888:	2b1f      	cmp	r3, #31
1000288a:	d8ef      	bhi.n	1000286c <_ntoa_format+0xc6>
1000288c:	2078      	movs	r0, #120	@ 0x78
1000288e:	54d0      	strb	r0, [r2, r3]
10002890:	3301      	adds	r3, #1
10002892:	e7c8      	b.n	10002826 <_ntoa_format+0x80>
10002894:	0003      	movs	r3, r0
10002896:	e7c0      	b.n	1000281a <_ntoa_format+0x74>
10002898:	2b1f      	cmp	r3, #31
1000289a:	d8d1      	bhi.n	10002840 <_ntoa_format+0x9a>
1000289c:	3060      	adds	r0, #96	@ 0x60
1000289e:	54d0      	strb	r0, [r2, r3]
100028a0:	3301      	adds	r3, #1
100028a2:	e7c0      	b.n	10002826 <_ntoa_format+0x80>
100028a4:	0748      	lsls	r0, r1, #29
100028a6:	d503      	bpl.n	100028b0 <_ntoa_format+0x10a>
100028a8:	202b      	movs	r0, #43	@ 0x2b
100028aa:	54d0      	strb	r0, [r2, r3]
100028ac:	3301      	adds	r3, #1
100028ae:	e7c7      	b.n	10002840 <_ntoa_format+0x9a>
100028b0:	0708      	lsls	r0, r1, #28
100028b2:	d5c5      	bpl.n	10002840 <_ntoa_format+0x9a>
100028b4:	2020      	movs	r0, #32
100028b6:	54d0      	strb	r0, [r2, r3]
100028b8:	3301      	adds	r3, #1
100028ba:	e7c1      	b.n	10002840 <_ntoa_format+0x9a>

100028bc <_ntoa_long>:
100028bc:	b5f0      	push	{r4, r5, r6, r7, lr}
100028be:	46de      	mov	lr, fp
100028c0:	4657      	mov	r7, sl
100028c2:	464e      	mov	r6, r9
100028c4:	4645      	mov	r5, r8
100028c6:	b5e0      	push	{r5, r6, r7, lr}
100028c8:	b093      	sub	sp, #76	@ 0x4c
100028ca:	4680      	mov	r8, r0
100028cc:	4689      	mov	r9, r1
100028ce:	4692      	mov	sl, r2
100028d0:	469b      	mov	fp, r3
100028d2:	ab1c      	add	r3, sp, #112	@ 0x70
100028d4:	cb10      	ldmia	r3!, {r4}
100028d6:	781b      	ldrb	r3, [r3, #0]
100028d8:	9309      	str	r3, [sp, #36]	@ 0x24
100028da:	9d1e      	ldr	r5, [sp, #120]	@ 0x78
100028dc:	2c00      	cmp	r4, #0
100028de:	d103      	bne.n	100028e8 <_ntoa_long+0x2c>
100028e0:	2310      	movs	r3, #16
100028e2:	9a21      	ldr	r2, [sp, #132]	@ 0x84
100028e4:	439a      	bics	r2, r3
100028e6:	9221      	str	r2, [sp, #132]	@ 0x84
100028e8:	2380      	movs	r3, #128	@ 0x80
100028ea:	00db      	lsls	r3, r3, #3
100028ec:	9e21      	ldr	r6, [sp, #132]	@ 0x84
100028ee:	401e      	ands	r6, r3
100028f0:	9a21      	ldr	r2, [sp, #132]	@ 0x84
100028f2:	421a      	tst	r2, r3
100028f4:	d018      	beq.n	10002928 <_ntoa_long+0x6c>
100028f6:	2c00      	cmp	r4, #0
100028f8:	d022      	beq.n	10002940 <_ntoa_long+0x84>
100028fa:	2600      	movs	r6, #0
100028fc:	e014      	b.n	10002928 <_ntoa_long+0x6c>
100028fe:	9a21      	ldr	r2, [sp, #132]	@ 0x84
10002900:	0692      	lsls	r2, r2, #26
10002902:	d51b      	bpl.n	1000293c <_ntoa_long+0x80>
10002904:	2141      	movs	r1, #65	@ 0x41
10002906:	18c9      	adds	r1, r1, r3
10002908:	b2c9      	uxtb	r1, r1
1000290a:	390a      	subs	r1, #10
1000290c:	b2c9      	uxtb	r1, r1
1000290e:	1c77      	adds	r7, r6, #1
10002910:	ab0a      	add	r3, sp, #40	@ 0x28
10002912:	5599      	strb	r1, [r3, r6]
10002914:	0029      	movs	r1, r5
10002916:	0020      	movs	r0, r4
10002918:	f7fe ffcc 	bl	100018b4 <__wrap___aeabi_uidiv>
1000291c:	42ac      	cmp	r4, r5
1000291e:	d310      	bcc.n	10002942 <_ntoa_long+0x86>
10002920:	2f1f      	cmp	r7, #31
10002922:	d80e      	bhi.n	10002942 <_ntoa_long+0x86>
10002924:	003e      	movs	r6, r7
10002926:	0004      	movs	r4, r0
10002928:	0029      	movs	r1, r5
1000292a:	0020      	movs	r0, r4
1000292c:	f7fe ffc2 	bl	100018b4 <__wrap___aeabi_uidiv>
10002930:	b2cb      	uxtb	r3, r1
10002932:	2b09      	cmp	r3, #9
10002934:	d8e3      	bhi.n	100028fe <_ntoa_long+0x42>
10002936:	3330      	adds	r3, #48	@ 0x30
10002938:	b2d9      	uxtb	r1, r3
1000293a:	e7e8      	b.n	1000290e <_ntoa_long+0x52>
1000293c:	2161      	movs	r1, #97	@ 0x61
1000293e:	e7e2      	b.n	10002906 <_ntoa_long+0x4a>
10002940:	0027      	movs	r7, r4
10002942:	9b21      	ldr	r3, [sp, #132]	@ 0x84
10002944:	9306      	str	r3, [sp, #24]
10002946:	9b20      	ldr	r3, [sp, #128]	@ 0x80
10002948:	9305      	str	r3, [sp, #20]
1000294a:	9b1f      	ldr	r3, [sp, #124]	@ 0x7c
1000294c:	9304      	str	r3, [sp, #16]
1000294e:	9503      	str	r5, [sp, #12]
10002950:	9b09      	ldr	r3, [sp, #36]	@ 0x24
10002952:	9302      	str	r3, [sp, #8]
10002954:	9701      	str	r7, [sp, #4]
10002956:	ab0a      	add	r3, sp, #40	@ 0x28
10002958:	9300      	str	r3, [sp, #0]
1000295a:	465b      	mov	r3, fp
1000295c:	4652      	mov	r2, sl
1000295e:	4649      	mov	r1, r9
10002960:	4640      	mov	r0, r8
10002962:	f7ff ff20 	bl	100027a6 <_ntoa_format>
10002966:	b013      	add	sp, #76	@ 0x4c
10002968:	bcf0      	pop	{r4, r5, r6, r7}
1000296a:	46bb      	mov	fp, r7
1000296c:	46b2      	mov	sl, r6
1000296e:	46a9      	mov	r9, r5
10002970:	46a0      	mov	r8, r4
10002972:	bdf0      	pop	{r4, r5, r6, r7, pc}

10002974 <_ntoa_long_long>:
10002974:	b5f0      	push	{r4, r5, r6, r7, lr}
10002976:	46de      	mov	lr, fp
10002978:	4657      	mov	r7, sl
1000297a:	464e      	mov	r6, r9
1000297c:	4645      	mov	r5, r8
1000297e:	b5e0      	push	{r5, r6, r7, lr}
10002980:	b095      	sub	sp, #84	@ 0x54
10002982:	4683      	mov	fp, r0
10002984:	9108      	str	r1, [sp, #32]
10002986:	9209      	str	r2, [sp, #36]	@ 0x24
10002988:	930a      	str	r3, [sp, #40]	@ 0x28
1000298a:	9b1e      	ldr	r3, [sp, #120]	@ 0x78
1000298c:	4699      	mov	r9, r3
1000298e:	9f1f      	ldr	r7, [sp, #124]	@ 0x7c
10002990:	ab20      	add	r3, sp, #128	@ 0x80
10002992:	781b      	ldrb	r3, [r3, #0]
10002994:	930b      	str	r3, [sp, #44]	@ 0x2c
10002996:	9b22      	ldr	r3, [sp, #136]	@ 0x88
10002998:	4698      	mov	r8, r3
1000299a:	9c23      	ldr	r4, [sp, #140]	@ 0x8c
1000299c:	464b      	mov	r3, r9
1000299e:	433b      	orrs	r3, r7
100029a0:	d103      	bne.n	100029aa <_ntoa_long_long+0x36>
100029a2:	3310      	adds	r3, #16
100029a4:	9a26      	ldr	r2, [sp, #152]	@ 0x98
100029a6:	439a      	bics	r2, r3
100029a8:	9226      	str	r2, [sp, #152]	@ 0x98
100029aa:	2380      	movs	r3, #128	@ 0x80
100029ac:	00db      	lsls	r3, r3, #3
100029ae:	9d26      	ldr	r5, [sp, #152]	@ 0x98
100029b0:	401d      	ands	r5, r3
100029b2:	9a26      	ldr	r2, [sp, #152]	@ 0x98
100029b4:	421a      	tst	r2, r3
100029b6:	d008      	beq.n	100029ca <_ntoa_long_long+0x56>
100029b8:	464b      	mov	r3, r9
100029ba:	433b      	orrs	r3, r7
100029bc:	d039      	beq.n	10002a32 <_ntoa_long_long+0xbe>
100029be:	2500      	movs	r5, #0
100029c0:	464e      	mov	r6, r9
100029c2:	0023      	movs	r3, r4
100029c4:	002c      	movs	r4, r5
100029c6:	001d      	movs	r5, r3
100029c8:	e01f      	b.n	10002a0a <_ntoa_long_long+0x96>
100029ca:	464e      	mov	r6, r9
100029cc:	0023      	movs	r3, r4
100029ce:	002c      	movs	r4, r5
100029d0:	001d      	movs	r5, r3
100029d2:	e01a      	b.n	10002a0a <_ntoa_long_long+0x96>
100029d4:	9a26      	ldr	r2, [sp, #152]	@ 0x98
100029d6:	0692      	lsls	r2, r2, #26
100029d8:	d523      	bpl.n	10002a22 <_ntoa_long_long+0xae>
100029da:	2241      	movs	r2, #65	@ 0x41
100029dc:	18d2      	adds	r2, r2, r3
100029de:	b2d2      	uxtb	r2, r2
100029e0:	3a0a      	subs	r2, #10
100029e2:	b2d2      	uxtb	r2, r2
100029e4:	1c63      	adds	r3, r4, #1
100029e6:	469a      	mov	sl, r3
100029e8:	ab0c      	add	r3, sp, #48	@ 0x30
100029ea:	551a      	strb	r2, [r3, r4]
100029ec:	4642      	mov	r2, r8
100029ee:	002b      	movs	r3, r5
100029f0:	0030      	movs	r0, r6
100029f2:	0039      	movs	r1, r7
100029f4:	f7fe ff9c 	bl	10001930 <__wrap___aeabi_uldivmod>
100029f8:	42bd      	cmp	r5, r7
100029fa:	d81c      	bhi.n	10002a36 <_ntoa_long_long+0xc2>
100029fc:	d013      	beq.n	10002a26 <_ntoa_long_long+0xb2>
100029fe:	4653      	mov	r3, sl
10002a00:	2b1f      	cmp	r3, #31
10002a02:	d814      	bhi.n	10002a2e <_ntoa_long_long+0xba>
10002a04:	4654      	mov	r4, sl
10002a06:	0006      	movs	r6, r0
10002a08:	000f      	movs	r7, r1
10002a0a:	4642      	mov	r2, r8
10002a0c:	002b      	movs	r3, r5
10002a0e:	0030      	movs	r0, r6
10002a10:	0039      	movs	r1, r7
10002a12:	f7fe ff8d 	bl	10001930 <__wrap___aeabi_uldivmod>
10002a16:	b2d3      	uxtb	r3, r2
10002a18:	2b09      	cmp	r3, #9
10002a1a:	d8db      	bhi.n	100029d4 <_ntoa_long_long+0x60>
10002a1c:	3330      	adds	r3, #48	@ 0x30
10002a1e:	b2da      	uxtb	r2, r3
10002a20:	e7e0      	b.n	100029e4 <_ntoa_long_long+0x70>
10002a22:	2261      	movs	r2, #97	@ 0x61
10002a24:	e7da      	b.n	100029dc <_ntoa_long_long+0x68>
10002a26:	45b0      	cmp	r8, r6
10002a28:	d9e9      	bls.n	100029fe <_ntoa_long_long+0x8a>
10002a2a:	4656      	mov	r6, sl
10002a2c:	e004      	b.n	10002a38 <_ntoa_long_long+0xc4>
10002a2e:	4656      	mov	r6, sl
10002a30:	e002      	b.n	10002a38 <_ntoa_long_long+0xc4>
10002a32:	2600      	movs	r6, #0
10002a34:	e000      	b.n	10002a38 <_ntoa_long_long+0xc4>
10002a36:	4656      	mov	r6, sl
10002a38:	9b26      	ldr	r3, [sp, #152]	@ 0x98
10002a3a:	9306      	str	r3, [sp, #24]
10002a3c:	9b25      	ldr	r3, [sp, #148]	@ 0x94
10002a3e:	9305      	str	r3, [sp, #20]
10002a40:	9b24      	ldr	r3, [sp, #144]	@ 0x90
10002a42:	9304      	str	r3, [sp, #16]
10002a44:	4643      	mov	r3, r8
10002a46:	9303      	str	r3, [sp, #12]
10002a48:	9b0b      	ldr	r3, [sp, #44]	@ 0x2c
10002a4a:	9302      	str	r3, [sp, #8]
10002a4c:	9601      	str	r6, [sp, #4]
10002a4e:	ab0c      	add	r3, sp, #48	@ 0x30
10002a50:	9300      	str	r3, [sp, #0]
10002a52:	9b0a      	ldr	r3, [sp, #40]	@ 0x28
10002a54:	9a09      	ldr	r2, [sp, #36]	@ 0x24
10002a56:	9908      	ldr	r1, [sp, #32]
10002a58:	4658      	mov	r0, fp
10002a5a:	f7ff fea4 	bl	100027a6 <_ntoa_format>
10002a5e:	b015      	add	sp, #84	@ 0x54
10002a60:	bcf0      	pop	{r4, r5, r6, r7}
10002a62:	46bb      	mov	fp, r7
10002a64:	46b2      	mov	sl, r6
10002a66:	46a9      	mov	r9, r5
10002a68:	46a0      	mov	r8, r4
10002a6a:	bdf0      	pop	{r4, r5, r6, r7, pc}

10002a6c <_etoa>:
10002a6c:	b5f0      	push	{r4, r5, r6, r7, lr}
10002a6e:	46de      	mov	lr, fp
10002a70:	4657      	mov	r7, sl
10002a72:	464e      	mov	r6, r9
10002a74:	4645      	mov	r5, r8
10002a76:	b5e0      	push	{r5, r6, r7, lr}
10002a78:	b095      	sub	sp, #84	@ 0x54
10002a7a:	0004      	movs	r4, r0
10002a7c:	468a      	mov	sl, r1
10002a7e:	4693      	mov	fp, r2
10002a80:	4699      	mov	r9, r3
10002a82:	9e1e      	ldr	r6, [sp, #120]	@ 0x78
10002a84:	9f1f      	ldr	r7, [sp, #124]	@ 0x7c
10002a86:	0032      	movs	r2, r6
10002a88:	003b      	movs	r3, r7
10002a8a:	0030      	movs	r0, r6
10002a8c:	0039      	movs	r1, r7
10002a8e:	f7ff f9da 	bl	10001e46 <__wrap___aeabi_dcmpun>
10002a92:	2800      	cmp	r0, #0
10002a94:	d000      	beq.n	10002a98 <_etoa+0x2c>
10002a96:	e0fb      	b.n	10002c90 <_etoa+0x224>
10002a98:	2201      	movs	r2, #1
10002a9a:	4252      	negs	r2, r2
10002a9c:	4bd6      	ldr	r3, [pc, #856]	@ (10002df8 <_etoa+0x38c>)
10002a9e:	0030      	movs	r0, r6
10002aa0:	0039      	movs	r1, r7
10002aa2:	f7ff f9cb 	bl	10001e3c <__wrap___aeabi_dcmpgt>
10002aa6:	2800      	cmp	r0, #0
10002aa8:	d000      	beq.n	10002aac <_etoa+0x40>
10002aaa:	e0f1      	b.n	10002c90 <_etoa+0x224>
10002aac:	2201      	movs	r2, #1
10002aae:	4252      	negs	r2, r2
10002ab0:	4bd2      	ldr	r3, [pc, #840]	@ (10002dfc <_etoa+0x390>)
10002ab2:	0030      	movs	r0, r6
10002ab4:	0039      	movs	r1, r7
10002ab6:	f7ff f9ab 	bl	10001e10 <__wrap___aeabi_dcmplt>
10002aba:	2800      	cmp	r0, #0
10002abc:	d000      	beq.n	10002ac0 <_etoa+0x54>
10002abe:	e0e7      	b.n	10002c90 <_etoa+0x224>
10002ac0:	2200      	movs	r2, #0
10002ac2:	2300      	movs	r3, #0
10002ac4:	0030      	movs	r0, r6
10002ac6:	0039      	movs	r1, r7
10002ac8:	f7ff f9a2 	bl	10001e10 <__wrap___aeabi_dcmplt>
10002acc:	2800      	cmp	r0, #0
10002ace:	d000      	beq.n	10002ad2 <_etoa+0x66>
10002ad0:	e0f3      	b.n	10002cba <_etoa+0x24e>
10002ad2:	9606      	str	r6, [sp, #24]
10002ad4:	9707      	str	r7, [sp, #28]
10002ad6:	2380      	movs	r3, #128	@ 0x80
10002ad8:	00db      	lsls	r3, r3, #3
10002ada:	9a22      	ldr	r2, [sp, #136]	@ 0x88
10002adc:	401a      	ands	r2, r3
10002ade:	9211      	str	r2, [sp, #68]	@ 0x44
10002ae0:	9a22      	ldr	r2, [sp, #136]	@ 0x88
10002ae2:	421a      	tst	r2, r3
10002ae4:	d101      	bne.n	10002aea <_etoa+0x7e>
10002ae6:	2306      	movs	r3, #6
10002ae8:	9320      	str	r3, [sp, #128]	@ 0x80
10002aea:	9806      	ldr	r0, [sp, #24]
10002aec:	9907      	ldr	r1, [sp, #28]
10002aee:	0002      	movs	r2, r0
10002af0:	000b      	movs	r3, r1
10002af2:	920a      	str	r2, [sp, #40]	@ 0x28
10002af4:	930b      	str	r3, [sp, #44]	@ 0x2c
10002af6:	0003      	movs	r3, r0
10002af8:	000a      	movs	r2, r1
10002afa:	4302      	orrs	r2, r0
10002afc:	d100      	bne.n	10002b00 <_etoa+0x94>
10002afe:	e0e8      	b.n	10002cd2 <_etoa+0x266>
10002b00:	0d08      	lsrs	r0, r1, #20
10002b02:	0540      	lsls	r0, r0, #21
10002b04:	0d40      	lsrs	r0, r0, #21
10002b06:	4dbe      	ldr	r5, [pc, #760]	@ (10002e00 <_etoa+0x394>)
10002b08:	46ac      	mov	ip, r5
10002b0a:	4460      	add	r0, ip
10002b0c:	0005      	movs	r5, r0
10002b0e:	9807      	ldr	r0, [sp, #28]
10002b10:	0302      	lsls	r2, r0, #12
10002b12:	0b12      	lsrs	r2, r2, #12
10002b14:	2000      	movs	r0, #0
10002b16:	2100      	movs	r1, #0
10002b18:	9008      	str	r0, [sp, #32]
10002b1a:	9109      	str	r1, [sp, #36]	@ 0x24
10002b1c:	9308      	str	r3, [sp, #32]
10002b1e:	4bb9      	ldr	r3, [pc, #740]	@ (10002e04 <_etoa+0x398>)
10002b20:	4313      	orrs	r3, r2
10002b22:	9309      	str	r3, [sp, #36]	@ 0x24
10002b24:	0028      	movs	r0, r5
10002b26:	f7ff f99f 	bl	10001e68 <__wrap___aeabi_i2d>
10002b2a:	4ab7      	ldr	r2, [pc, #732]	@ (10002e08 <_etoa+0x39c>)
10002b2c:	4bb7      	ldr	r3, [pc, #732]	@ (10002e0c <_etoa+0x3a0>)
10002b2e:	f7ff f92c 	bl	10001d8a <__wrap___aeabi_dmul>
10002b32:	4ab7      	ldr	r2, [pc, #732]	@ (10002e10 <_etoa+0x3a4>)
10002b34:	4bb7      	ldr	r3, [pc, #732]	@ (10002e14 <_etoa+0x3a8>)
10002b36:	f7ff f901 	bl	10001d3c <__wrap___aeabi_dadd>
10002b3a:	900a      	str	r0, [sp, #40]	@ 0x28
10002b3c:	910b      	str	r1, [sp, #44]	@ 0x2c
10002b3e:	2200      	movs	r2, #0
10002b40:	4bb5      	ldr	r3, [pc, #724]	@ (10002e18 <_etoa+0x3ac>)
10002b42:	9808      	ldr	r0, [sp, #32]
10002b44:	9909      	ldr	r1, [sp, #36]	@ 0x24
10002b46:	f7ff f8f0 	bl	10001d2a <__wrap___aeabi_dsub>
10002b4a:	4ab4      	ldr	r2, [pc, #720]	@ (10002e1c <_etoa+0x3b0>)
10002b4c:	4bb4      	ldr	r3, [pc, #720]	@ (10002e20 <_etoa+0x3b4>)
10002b4e:	f7ff f91c 	bl	10001d8a <__wrap___aeabi_dmul>
10002b52:	0002      	movs	r2, r0
10002b54:	000b      	movs	r3, r1
10002b56:	980a      	ldr	r0, [sp, #40]	@ 0x28
10002b58:	990b      	ldr	r1, [sp, #44]	@ 0x2c
10002b5a:	f7ff f8ef 	bl	10001d3c <__wrap___aeabi_dadd>
10002b5e:	f7ff f99b 	bl	10001e98 <__wrap___aeabi_d2iz>
10002b62:	4680      	mov	r8, r0
10002b64:	9008      	str	r0, [sp, #32]
10002b66:	f7ff f97f 	bl	10001e68 <__wrap___aeabi_i2d>
10002b6a:	4aae      	ldr	r2, [pc, #696]	@ (10002e24 <_etoa+0x3b8>)
10002b6c:	4bae      	ldr	r3, [pc, #696]	@ (10002e28 <_etoa+0x3bc>)
10002b6e:	900a      	str	r0, [sp, #40]	@ 0x28
10002b70:	910b      	str	r1, [sp, #44]	@ 0x2c
10002b72:	f7ff f90a 	bl	10001d8a <__wrap___aeabi_dmul>
10002b76:	2200      	movs	r2, #0
10002b78:	4bac      	ldr	r3, [pc, #688]	@ (10002e2c <_etoa+0x3c0>)
10002b7a:	f7ff f8df 	bl	10001d3c <__wrap___aeabi_dadd>
10002b7e:	f7ff f98b 	bl	10001e98 <__wrap___aeabi_d2iz>
10002b82:	0005      	movs	r5, r0
10002b84:	4aaa      	ldr	r2, [pc, #680]	@ (10002e30 <_etoa+0x3c4>)
10002b86:	4bab      	ldr	r3, [pc, #684]	@ (10002e34 <_etoa+0x3c8>)
10002b88:	980a      	ldr	r0, [sp, #40]	@ 0x28
10002b8a:	990b      	ldr	r1, [sp, #44]	@ 0x2c
10002b8c:	f7ff f8fd 	bl	10001d8a <__wrap___aeabi_dmul>
10002b90:	900a      	str	r0, [sp, #40]	@ 0x28
10002b92:	910b      	str	r1, [sp, #44]	@ 0x2c
10002b94:	0028      	movs	r0, r5
10002b96:	f7ff f967 	bl	10001e68 <__wrap___aeabi_i2d>
10002b9a:	4aa7      	ldr	r2, [pc, #668]	@ (10002e38 <_etoa+0x3cc>)
10002b9c:	4ba7      	ldr	r3, [pc, #668]	@ (10002e3c <_etoa+0x3d0>)
10002b9e:	f7ff f8f4 	bl	10001d8a <__wrap___aeabi_dmul>
10002ba2:	0002      	movs	r2, r0
10002ba4:	000b      	movs	r3, r1
10002ba6:	980a      	ldr	r0, [sp, #40]	@ 0x28
10002ba8:	990b      	ldr	r1, [sp, #44]	@ 0x2c
10002baa:	f7ff f8be 	bl	10001d2a <__wrap___aeabi_dsub>
10002bae:	0002      	movs	r2, r0
10002bb0:	000b      	movs	r3, r1
10002bb2:	900a      	str	r0, [sp, #40]	@ 0x28
10002bb4:	910b      	str	r1, [sp, #44]	@ 0x2c
10002bb6:	f7ff f8e8 	bl	10001d8a <__wrap___aeabi_dmul>
10002bba:	900e      	str	r0, [sp, #56]	@ 0x38
10002bbc:	910f      	str	r1, [sp, #60]	@ 0x3c
10002bbe:	002b      	movs	r3, r5
10002bc0:	4d9f      	ldr	r5, [pc, #636]	@ (10002e40 <_etoa+0x3d4>)
10002bc2:	46ac      	mov	ip, r5
10002bc4:	4463      	add	r3, ip
10002bc6:	2100      	movs	r1, #0
10002bc8:	2200      	movs	r2, #0
10002bca:	910c      	str	r1, [sp, #48]	@ 0x30
10002bcc:	920d      	str	r2, [sp, #52]	@ 0x34
10002bce:	051b      	lsls	r3, r3, #20
10002bd0:	930d      	str	r3, [sp, #52]	@ 0x34
10002bd2:	2300      	movs	r3, #0
10002bd4:	930c      	str	r3, [sp, #48]	@ 0x30
10002bd6:	980a      	ldr	r0, [sp, #40]	@ 0x28
10002bd8:	990b      	ldr	r1, [sp, #44]	@ 0x2c
10002bda:	0002      	movs	r2, r0
10002bdc:	000b      	movs	r3, r1
10002bde:	f7ff f8ad 	bl	10001d3c <__wrap___aeabi_dadd>
10002be2:	9012      	str	r0, [sp, #72]	@ 0x48
10002be4:	9113      	str	r1, [sp, #76]	@ 0x4c
10002be6:	9a0a      	ldr	r2, [sp, #40]	@ 0x28
10002be8:	9b0b      	ldr	r3, [sp, #44]	@ 0x2c
10002bea:	2000      	movs	r0, #0
10002bec:	2180      	movs	r1, #128	@ 0x80
10002bee:	05c9      	lsls	r1, r1, #23
10002bf0:	f7ff f89b 	bl	10001d2a <__wrap___aeabi_dsub>
10002bf4:	900a      	str	r0, [sp, #40]	@ 0x28
10002bf6:	910b      	str	r1, [sp, #44]	@ 0x2c
10002bf8:	2200      	movs	r2, #0
10002bfa:	4b92      	ldr	r3, [pc, #584]	@ (10002e44 <_etoa+0x3d8>)
10002bfc:	980e      	ldr	r0, [sp, #56]	@ 0x38
10002bfe:	990f      	ldr	r1, [sp, #60]	@ 0x3c
10002c00:	f7ff f8a5 	bl	10001d4e <__wrap___aeabi_ddiv>
10002c04:	2200      	movs	r2, #0
10002c06:	4b90      	ldr	r3, [pc, #576]	@ (10002e48 <_etoa+0x3dc>)
10002c08:	f7ff f898 	bl	10001d3c <__wrap___aeabi_dadd>
10002c0c:	0002      	movs	r2, r0
10002c0e:	000b      	movs	r3, r1
10002c10:	980e      	ldr	r0, [sp, #56]	@ 0x38
10002c12:	990f      	ldr	r1, [sp, #60]	@ 0x3c
10002c14:	f7ff f89b 	bl	10001d4e <__wrap___aeabi_ddiv>
10002c18:	2200      	movs	r2, #0
10002c1a:	4b8c      	ldr	r3, [pc, #560]	@ (10002e4c <_etoa+0x3e0>)
10002c1c:	f7ff f88e 	bl	10001d3c <__wrap___aeabi_dadd>
10002c20:	0002      	movs	r2, r0
10002c22:	000b      	movs	r3, r1
10002c24:	980e      	ldr	r0, [sp, #56]	@ 0x38
10002c26:	990f      	ldr	r1, [sp, #60]	@ 0x3c
10002c28:	f7ff f891 	bl	10001d4e <__wrap___aeabi_ddiv>
10002c2c:	0002      	movs	r2, r0
10002c2e:	000b      	movs	r3, r1
10002c30:	980a      	ldr	r0, [sp, #40]	@ 0x28
10002c32:	990b      	ldr	r1, [sp, #44]	@ 0x2c
10002c34:	f7ff f882 	bl	10001d3c <__wrap___aeabi_dadd>
10002c38:	0002      	movs	r2, r0
10002c3a:	000b      	movs	r3, r1
10002c3c:	9812      	ldr	r0, [sp, #72]	@ 0x48
10002c3e:	9913      	ldr	r1, [sp, #76]	@ 0x4c
10002c40:	f7ff f885 	bl	10001d4e <__wrap___aeabi_ddiv>
10002c44:	2200      	movs	r2, #0
10002c46:	4b6f      	ldr	r3, [pc, #444]	@ (10002e04 <_etoa+0x398>)
10002c48:	f7ff f878 	bl	10001d3c <__wrap___aeabi_dadd>
10002c4c:	9a0c      	ldr	r2, [sp, #48]	@ 0x30
10002c4e:	9b0d      	ldr	r3, [sp, #52]	@ 0x34
10002c50:	f7ff f89b 	bl	10001d8a <__wrap___aeabi_dmul>
10002c54:	0002      	movs	r2, r0
10002c56:	000b      	movs	r3, r1
10002c58:	920a      	str	r2, [sp, #40]	@ 0x28
10002c5a:	930b      	str	r3, [sp, #44]	@ 0x2c
10002c5c:	9a06      	ldr	r2, [sp, #24]
10002c5e:	9b07      	ldr	r3, [sp, #28]
10002c60:	900c      	str	r0, [sp, #48]	@ 0x30
10002c62:	910d      	str	r1, [sp, #52]	@ 0x34
10002c64:	f7ff f8ea 	bl	10001e3c <__wrap___aeabi_dcmpgt>
10002c68:	2800      	cmp	r0, #0
10002c6a:	d00a      	beq.n	10002c82 <_etoa+0x216>
10002c6c:	4643      	mov	r3, r8
10002c6e:	3b01      	subs	r3, #1
10002c70:	9308      	str	r3, [sp, #32]
10002c72:	2200      	movs	r2, #0
10002c74:	4b74      	ldr	r3, [pc, #464]	@ (10002e48 <_etoa+0x3dc>)
10002c76:	980c      	ldr	r0, [sp, #48]	@ 0x30
10002c78:	990d      	ldr	r1, [sp, #52]	@ 0x34
10002c7a:	f7ff f868 	bl	10001d4e <__wrap___aeabi_ddiv>
10002c7e:	900a      	str	r0, [sp, #40]	@ 0x28
10002c80:	910b      	str	r1, [sp, #44]	@ 0x2c
10002c82:	9b08      	ldr	r3, [sp, #32]
10002c84:	3363      	adds	r3, #99	@ 0x63
10002c86:	2bc6      	cmp	r3, #198	@ 0xc6
10002c88:	d849      	bhi.n	10002d1e <_etoa+0x2b2>
10002c8a:	2304      	movs	r3, #4
10002c8c:	001d      	movs	r5, r3
10002c8e:	e024      	b.n	10002cda <_etoa+0x26e>
10002c90:	9b22      	ldr	r3, [sp, #136]	@ 0x88
10002c92:	9304      	str	r3, [sp, #16]
10002c94:	9b21      	ldr	r3, [sp, #132]	@ 0x84
10002c96:	9303      	str	r3, [sp, #12]
10002c98:	9b20      	ldr	r3, [sp, #128]	@ 0x80
10002c9a:	9302      	str	r3, [sp, #8]
10002c9c:	9600      	str	r6, [sp, #0]
10002c9e:	9701      	str	r7, [sp, #4]
10002ca0:	464b      	mov	r3, r9
10002ca2:	465a      	mov	r2, fp
10002ca4:	4651      	mov	r1, sl
10002ca6:	0020      	movs	r0, r4
10002ca8:	f000 f904 	bl	10002eb4 <_ftoa>
10002cac:	b015      	add	sp, #84	@ 0x54
10002cae:	bcf0      	pop	{r4, r5, r6, r7}
10002cb0:	46bb      	mov	fp, r7
10002cb2:	46b2      	mov	sl, r6
10002cb4:	46a9      	mov	r9, r5
10002cb6:	46a0      	mov	r8, r4
10002cb8:	bdf0      	pop	{r4, r5, r6, r7, pc}
10002cba:	2100      	movs	r1, #0
10002cbc:	2200      	movs	r2, #0
10002cbe:	9106      	str	r1, [sp, #24]
10002cc0:	9207      	str	r2, [sp, #28]
10002cc2:	9606      	str	r6, [sp, #24]
10002cc4:	2380      	movs	r3, #128	@ 0x80
10002cc6:	061b      	lsls	r3, r3, #24
10002cc8:	469c      	mov	ip, r3
10002cca:	44bc      	add	ip, r7
10002ccc:	4663      	mov	r3, ip
10002cce:	9307      	str	r3, [sp, #28]
10002cd0:	e701      	b.n	10002ad6 <_etoa+0x6a>
10002cd2:	2300      	movs	r3, #0
10002cd4:	9308      	str	r3, [sp, #32]
10002cd6:	3304      	adds	r3, #4
10002cd8:	001d      	movs	r5, r3
10002cda:	9b22      	ldr	r3, [sp, #136]	@ 0x88
10002cdc:	051b      	lsls	r3, r3, #20
10002cde:	d52b      	bpl.n	10002d38 <_etoa+0x2cc>
10002ce0:	9a0a      	ldr	r2, [sp, #40]	@ 0x28
10002ce2:	9b0b      	ldr	r3, [sp, #44]	@ 0x2c
10002ce4:	0019      	movs	r1, r3
10002ce6:	4311      	orrs	r1, r2
10002ce8:	d011      	beq.n	10002d0e <_etoa+0x2a2>
10002cea:	4a59      	ldr	r2, [pc, #356]	@ (10002e50 <_etoa+0x3e4>)
10002cec:	4b59      	ldr	r3, [pc, #356]	@ (10002e54 <_etoa+0x3e8>)
10002cee:	9806      	ldr	r0, [sp, #24]
10002cf0:	9907      	ldr	r1, [sp, #28]
10002cf2:	f7ff f89b 	bl	10001e2c <__wrap___aeabi_dcmpge>
10002cf6:	2800      	cmp	r0, #0
10002cf8:	d100      	bne.n	10002cfc <_etoa+0x290>
10002cfa:	e0b1      	b.n	10002e60 <_etoa+0x3f4>
10002cfc:	2200      	movs	r2, #0
10002cfe:	4b56      	ldr	r3, [pc, #344]	@ (10002e58 <_etoa+0x3ec>)
10002d00:	9806      	ldr	r0, [sp, #24]
10002d02:	9907      	ldr	r1, [sp, #28]
10002d04:	f7ff f884 	bl	10001e10 <__wrap___aeabi_dcmplt>
10002d08:	2800      	cmp	r0, #0
10002d0a:	d100      	bne.n	10002d0e <_etoa+0x2a2>
10002d0c:	e0a8      	b.n	10002e60 <_etoa+0x3f4>
10002d0e:	9a20      	ldr	r2, [sp, #128]	@ 0x80
10002d10:	9b08      	ldr	r3, [sp, #32]
10002d12:	429a      	cmp	r2, r3
10002d14:	dd06      	ble.n	10002d24 <_etoa+0x2b8>
10002d16:	1ad3      	subs	r3, r2, r3
10002d18:	3b01      	subs	r3, #1
10002d1a:	9320      	str	r3, [sp, #128]	@ 0x80
10002d1c:	e004      	b.n	10002d28 <_etoa+0x2bc>
10002d1e:	2305      	movs	r3, #5
10002d20:	001d      	movs	r5, r3
10002d22:	e7da      	b.n	10002cda <_etoa+0x26e>
10002d24:	2300      	movs	r3, #0
10002d26:	9320      	str	r3, [sp, #128]	@ 0x80
10002d28:	2380      	movs	r3, #128	@ 0x80
10002d2a:	00db      	lsls	r3, r3, #3
10002d2c:	9a22      	ldr	r2, [sp, #136]	@ 0x88
10002d2e:	431a      	orrs	r2, r3
10002d30:	9222      	str	r2, [sp, #136]	@ 0x88
10002d32:	2300      	movs	r3, #0
10002d34:	001d      	movs	r5, r3
10002d36:	9308      	str	r3, [sp, #32]
10002d38:	9a21      	ldr	r2, [sp, #132]	@ 0x84
10002d3a:	4295      	cmp	r5, r2
10002d3c:	d300      	bcc.n	10002d40 <_etoa+0x2d4>
10002d3e:	e09b      	b.n	10002e78 <_etoa+0x40c>
10002d40:	1b53      	subs	r3, r2, r5
10002d42:	4698      	mov	r8, r3
10002d44:	2302      	movs	r3, #2
10002d46:	9a22      	ldr	r2, [sp, #136]	@ 0x88
10002d48:	401a      	ands	r2, r3
10002d4a:	920c      	str	r2, [sp, #48]	@ 0x30
10002d4c:	9a22      	ldr	r2, [sp, #136]	@ 0x88
10002d4e:	4213      	tst	r3, r2
10002d50:	d003      	beq.n	10002d5a <_etoa+0x2ee>
10002d52:	2d00      	cmp	r5, #0
10002d54:	d001      	beq.n	10002d5a <_etoa+0x2ee>
10002d56:	2300      	movs	r3, #0
10002d58:	4698      	mov	r8, r3
10002d5a:	9b08      	ldr	r3, [sp, #32]
10002d5c:	2b00      	cmp	r3, #0
10002d5e:	d007      	beq.n	10002d70 <_etoa+0x304>
10002d60:	9a0a      	ldr	r2, [sp, #40]	@ 0x28
10002d62:	9b0b      	ldr	r3, [sp, #44]	@ 0x2c
10002d64:	9806      	ldr	r0, [sp, #24]
10002d66:	9907      	ldr	r1, [sp, #28]
10002d68:	f7fe fff1 	bl	10001d4e <__wrap___aeabi_ddiv>
10002d6c:	9006      	str	r0, [sp, #24]
10002d6e:	9107      	str	r1, [sp, #28]
10002d70:	2200      	movs	r2, #0
10002d72:	2300      	movs	r3, #0
10002d74:	0030      	movs	r0, r6
10002d76:	0039      	movs	r1, r7
10002d78:	f7ff f84a 	bl	10001e10 <__wrap___aeabi_dcmplt>
10002d7c:	2800      	cmp	r0, #0
10002d7e:	d000      	beq.n	10002d82 <_etoa+0x316>
10002d80:	e07d      	b.n	10002e7e <_etoa+0x412>
10002d82:	4b36      	ldr	r3, [pc, #216]	@ (10002e5c <_etoa+0x3f0>)
10002d84:	9a22      	ldr	r2, [sp, #136]	@ 0x88
10002d86:	4013      	ands	r3, r2
10002d88:	9304      	str	r3, [sp, #16]
10002d8a:	4643      	mov	r3, r8
10002d8c:	9303      	str	r3, [sp, #12]
10002d8e:	9b20      	ldr	r3, [sp, #128]	@ 0x80
10002d90:	9302      	str	r3, [sp, #8]
10002d92:	9a06      	ldr	r2, [sp, #24]
10002d94:	9b07      	ldr	r3, [sp, #28]
10002d96:	9200      	str	r2, [sp, #0]
10002d98:	9301      	str	r3, [sp, #4]
10002d9a:	464b      	mov	r3, r9
10002d9c:	465a      	mov	r2, fp
10002d9e:	4651      	mov	r1, sl
10002da0:	0020      	movs	r0, r4
10002da2:	f000 f887 	bl	10002eb4 <_ftoa>
10002da6:	2d00      	cmp	r5, #0
10002da8:	d100      	bne.n	10002dac <_etoa+0x340>
10002daa:	e77f      	b.n	10002cac <_etoa+0x240>
10002dac:	9b22      	ldr	r3, [sp, #136]	@ 0x88
10002dae:	069b      	lsls	r3, r3, #26
10002db0:	d571      	bpl.n	10002e96 <_etoa+0x42a>
10002db2:	2745      	movs	r7, #69	@ 0x45
10002db4:	1c46      	adds	r6, r0, #1
10002db6:	464b      	mov	r3, r9
10002db8:	0002      	movs	r2, r0
10002dba:	4651      	mov	r1, sl
10002dbc:	0038      	movs	r0, r7
10002dbe:	47a0      	blx	r4
10002dc0:	9808      	ldr	r0, [sp, #32]
10002dc2:	17c3      	asrs	r3, r0, #31
10002dc4:	18c2      	adds	r2, r0, r3
10002dc6:	405a      	eors	r2, r3
10002dc8:	2305      	movs	r3, #5
10002dca:	9305      	str	r3, [sp, #20]
10002dcc:	3d01      	subs	r5, #1
10002dce:	9504      	str	r5, [sp, #16]
10002dd0:	2300      	movs	r3, #0
10002dd2:	9303      	str	r3, [sp, #12]
10002dd4:	330a      	adds	r3, #10
10002dd6:	9302      	str	r3, [sp, #8]
10002dd8:	0fc3      	lsrs	r3, r0, #31
10002dda:	9301      	str	r3, [sp, #4]
10002ddc:	9200      	str	r2, [sp, #0]
10002dde:	464b      	mov	r3, r9
10002de0:	0032      	movs	r2, r6
10002de2:	4651      	mov	r1, sl
10002de4:	0020      	movs	r0, r4
10002de6:	f7ff fd69 	bl	100028bc <_ntoa_long>
10002dea:	9b0c      	ldr	r3, [sp, #48]	@ 0x30
10002dec:	2b00      	cmp	r3, #0
10002dee:	d100      	bne.n	10002df2 <_etoa+0x386>
10002df0:	e75c      	b.n	10002cac <_etoa+0x240>
10002df2:	0002      	movs	r2, r0
10002df4:	9f21      	ldr	r7, [sp, #132]	@ 0x84
10002df6:	e056      	b.n	10002ea6 <_etoa+0x43a>
10002df8:	7fefffff 	.word	0x7fefffff
10002dfc:	ffefffff 	.word	0xffefffff
10002e00:	fffffc01 	.word	0xfffffc01
10002e04:	3ff00000 	.word	0x3ff00000
10002e08:	509f79fb 	.word	0x509f79fb
10002e0c:	3fd34413 	.word	0x3fd34413
10002e10:	8b60c8b3 	.word	0x8b60c8b3
10002e14:	3fc68a28 	.word	0x3fc68a28
10002e18:	3ff80000 	.word	0x3ff80000
10002e1c:	636f4361 	.word	0x636f4361
10002e20:	3fd287a7 	.word	0x3fd287a7
10002e24:	0979a371 	.word	0x0979a371
10002e28:	400a934f 	.word	0x400a934f
10002e2c:	3fe00000 	.word	0x3fe00000
10002e30:	bbb55516 	.word	0xbbb55516
10002e34:	40026bb1 	.word	0x40026bb1
10002e38:	fefa39ef 	.word	0xfefa39ef
10002e3c:	3fe62e42 	.word	0x3fe62e42
10002e40:	000003ff 	.word	0x000003ff
10002e44:	402c0000 	.word	0x402c0000
10002e48:	40240000 	.word	0x40240000
10002e4c:	40180000 	.word	0x40180000
10002e50:	eb1c432d 	.word	0xeb1c432d
10002e54:	3f1a36e2 	.word	0x3f1a36e2
10002e58:	412e8480 	.word	0x412e8480
10002e5c:	fffff7ff 	.word	0xfffff7ff
10002e60:	9b20      	ldr	r3, [sp, #128]	@ 0x80
10002e62:	2b00      	cmp	r3, #0
10002e64:	d100      	bne.n	10002e68 <_etoa+0x3fc>
10002e66:	e767      	b.n	10002d38 <_etoa+0x2cc>
10002e68:	9b11      	ldr	r3, [sp, #68]	@ 0x44
10002e6a:	2b00      	cmp	r3, #0
10002e6c:	d100      	bne.n	10002e70 <_etoa+0x404>
10002e6e:	e763      	b.n	10002d38 <_etoa+0x2cc>
10002e70:	9b20      	ldr	r3, [sp, #128]	@ 0x80
10002e72:	3b01      	subs	r3, #1
10002e74:	9320      	str	r3, [sp, #128]	@ 0x80
10002e76:	e75f      	b.n	10002d38 <_etoa+0x2cc>
10002e78:	2300      	movs	r3, #0
10002e7a:	4698      	mov	r8, r3
10002e7c:	e762      	b.n	10002d44 <_etoa+0x2d8>
10002e7e:	9e06      	ldr	r6, [sp, #24]
10002e80:	9f07      	ldr	r7, [sp, #28]
10002e82:	0032      	movs	r2, r6
10002e84:	0039      	movs	r1, r7
10002e86:	2080      	movs	r0, #128	@ 0x80
10002e88:	0600      	lsls	r0, r0, #24
10002e8a:	4684      	mov	ip, r0
10002e8c:	4461      	add	r1, ip
10002e8e:	000b      	movs	r3, r1
10002e90:	9206      	str	r2, [sp, #24]
10002e92:	9307      	str	r3, [sp, #28]
10002e94:	e775      	b.n	10002d82 <_etoa+0x316>
10002e96:	2765      	movs	r7, #101	@ 0x65
10002e98:	e78c      	b.n	10002db4 <_etoa+0x348>
10002e9a:	1c56      	adds	r6, r2, #1
10002e9c:	464b      	mov	r3, r9
10002e9e:	4651      	mov	r1, sl
10002ea0:	2020      	movs	r0, #32
10002ea2:	47a0      	blx	r4
10002ea4:	0032      	movs	r2, r6
10002ea6:	465b      	mov	r3, fp
10002ea8:	1ad3      	subs	r3, r2, r3
10002eaa:	42bb      	cmp	r3, r7
10002eac:	d3f5      	bcc.n	10002e9a <_etoa+0x42e>
10002eae:	0010      	movs	r0, r2
10002eb0:	e6fc      	b.n	10002cac <_etoa+0x240>
10002eb2:	46c0      	nop			@ (mov r8, r8)

10002eb4 <_ftoa>:
10002eb4:	b5f0      	push	{r4, r5, r6, r7, lr}
10002eb6:	46de      	mov	lr, fp
10002eb8:	4657      	mov	r7, sl
10002eba:	464e      	mov	r6, r9
10002ebc:	4645      	mov	r5, r8
10002ebe:	b5e0      	push	{r5, r6, r7, lr}
10002ec0:	b095      	sub	sp, #84	@ 0x54
10002ec2:	4681      	mov	r9, r0
10002ec4:	468a      	mov	sl, r1
10002ec6:	4693      	mov	fp, r2
10002ec8:	930a      	str	r3, [sp, #40]	@ 0x28
10002eca:	9f20      	ldr	r7, [sp, #128]	@ 0x80
10002ecc:	9a1e      	ldr	r2, [sp, #120]	@ 0x78
10002ece:	9b1f      	ldr	r3, [sp, #124]	@ 0x7c
10002ed0:	0010      	movs	r0, r2
10002ed2:	0019      	movs	r1, r3
10002ed4:	f7fe ffb7 	bl	10001e46 <__wrap___aeabi_dcmpun>
10002ed8:	2800      	cmp	r0, #0
10002eda:	d131      	bne.n	10002f40 <_ftoa+0x8c>
10002edc:	2201      	movs	r2, #1
10002ede:	4252      	negs	r2, r2
10002ee0:	4bba      	ldr	r3, [pc, #744]	@ (100031cc <_ftoa+0x318>)
10002ee2:	981e      	ldr	r0, [sp, #120]	@ 0x78
10002ee4:	991f      	ldr	r1, [sp, #124]	@ 0x7c
10002ee6:	f7fe ff93 	bl	10001e10 <__wrap___aeabi_dcmplt>
10002eea:	2800      	cmp	r0, #0
10002eec:	d137      	bne.n	10002f5e <_ftoa+0xaa>
10002eee:	2201      	movs	r2, #1
10002ef0:	4252      	negs	r2, r2
10002ef2:	4bb7      	ldr	r3, [pc, #732]	@ (100031d0 <_ftoa+0x31c>)
10002ef4:	981e      	ldr	r0, [sp, #120]	@ 0x78
10002ef6:	991f      	ldr	r1, [sp, #124]	@ 0x7c
10002ef8:	f7fe ffa0 	bl	10001e3c <__wrap___aeabi_dcmpgt>
10002efc:	2800      	cmp	r0, #0
10002efe:	d13d      	bne.n	10002f7c <_ftoa+0xc8>
10002f00:	2200      	movs	r2, #0
10002f02:	4bb4      	ldr	r3, [pc, #720]	@ (100031d4 <_ftoa+0x320>)
10002f04:	981e      	ldr	r0, [sp, #120]	@ 0x78
10002f06:	991f      	ldr	r1, [sp, #124]	@ 0x7c
10002f08:	f7fe ff98 	bl	10001e3c <__wrap___aeabi_dcmpgt>
10002f0c:	2800      	cmp	r0, #0
10002f0e:	d14a      	bne.n	10002fa6 <_ftoa+0xf2>
10002f10:	2200      	movs	r2, #0
10002f12:	4bb1      	ldr	r3, [pc, #708]	@ (100031d8 <_ftoa+0x324>)
10002f14:	981e      	ldr	r0, [sp, #120]	@ 0x78
10002f16:	991f      	ldr	r1, [sp, #124]	@ 0x7c
10002f18:	f7fe ff7a 	bl	10001e10 <__wrap___aeabi_dcmplt>
10002f1c:	2800      	cmp	r0, #0
10002f1e:	d142      	bne.n	10002fa6 <_ftoa+0xf2>
10002f20:	2200      	movs	r2, #0
10002f22:	2300      	movs	r3, #0
10002f24:	981e      	ldr	r0, [sp, #120]	@ 0x78
10002f26:	991f      	ldr	r1, [sp, #124]	@ 0x7c
10002f28:	f7fe ff72 	bl	10001e10 <__wrap___aeabi_dcmplt>
10002f2c:	2800      	cmp	r0, #0
10002f2e:	d14a      	bne.n	10002fc6 <_ftoa+0x112>
10002f30:	2300      	movs	r3, #0
10002f32:	930b      	str	r3, [sp, #44]	@ 0x2c
10002f34:	9b22      	ldr	r3, [sp, #136]	@ 0x88
10002f36:	055b      	lsls	r3, r3, #21
10002f38:	d400      	bmi.n	10002f3c <_ftoa+0x88>
10002f3a:	e0af      	b.n	1000309c <_ftoa+0x1e8>
10002f3c:	2400      	movs	r4, #0
10002f3e:	e052      	b.n	10002fe6 <_ftoa+0x132>
10002f40:	9b22      	ldr	r3, [sp, #136]	@ 0x88
10002f42:	9303      	str	r3, [sp, #12]
10002f44:	9b21      	ldr	r3, [sp, #132]	@ 0x84
10002f46:	9302      	str	r3, [sp, #8]
10002f48:	2303      	movs	r3, #3
10002f4a:	9301      	str	r3, [sp, #4]
10002f4c:	4ba3      	ldr	r3, [pc, #652]	@ (100031dc <_ftoa+0x328>)
10002f4e:	9300      	str	r3, [sp, #0]
10002f50:	9b0a      	ldr	r3, [sp, #40]	@ 0x28
10002f52:	465a      	mov	r2, fp
10002f54:	4651      	mov	r1, sl
10002f56:	4648      	mov	r0, r9
10002f58:	f7ff fbc8 	bl	100026ec <_out_rev>
10002f5c:	e11f      	b.n	1000319e <_ftoa+0x2ea>
10002f5e:	9b22      	ldr	r3, [sp, #136]	@ 0x88
10002f60:	9303      	str	r3, [sp, #12]
10002f62:	9b21      	ldr	r3, [sp, #132]	@ 0x84
10002f64:	9302      	str	r3, [sp, #8]
10002f66:	2304      	movs	r3, #4
10002f68:	9301      	str	r3, [sp, #4]
10002f6a:	4b9d      	ldr	r3, [pc, #628]	@ (100031e0 <_ftoa+0x32c>)
10002f6c:	9300      	str	r3, [sp, #0]
10002f6e:	9b0a      	ldr	r3, [sp, #40]	@ 0x28
10002f70:	465a      	mov	r2, fp
10002f72:	4651      	mov	r1, sl
10002f74:	4648      	mov	r0, r9
10002f76:	f7ff fbb9 	bl	100026ec <_out_rev>
10002f7a:	e110      	b.n	1000319e <_ftoa+0x2ea>
10002f7c:	9b22      	ldr	r3, [sp, #136]	@ 0x88
10002f7e:	075b      	lsls	r3, r3, #29
10002f80:	d50e      	bpl.n	10002fa0 <_ftoa+0xec>
10002f82:	4b98      	ldr	r3, [pc, #608]	@ (100031e4 <_ftoa+0x330>)
10002f84:	2204      	movs	r2, #4
10002f86:	9922      	ldr	r1, [sp, #136]	@ 0x88
10002f88:	9103      	str	r1, [sp, #12]
10002f8a:	9921      	ldr	r1, [sp, #132]	@ 0x84
10002f8c:	9102      	str	r1, [sp, #8]
10002f8e:	9201      	str	r2, [sp, #4]
10002f90:	9300      	str	r3, [sp, #0]
10002f92:	9b0a      	ldr	r3, [sp, #40]	@ 0x28
10002f94:	465a      	mov	r2, fp
10002f96:	4651      	mov	r1, sl
10002f98:	4648      	mov	r0, r9
10002f9a:	f7ff fba7 	bl	100026ec <_out_rev>
10002f9e:	e0fe      	b.n	1000319e <_ftoa+0x2ea>
10002fa0:	4b91      	ldr	r3, [pc, #580]	@ (100031e8 <_ftoa+0x334>)
10002fa2:	2203      	movs	r2, #3
10002fa4:	e7ef      	b.n	10002f86 <_ftoa+0xd2>
10002fa6:	9b22      	ldr	r3, [sp, #136]	@ 0x88
10002fa8:	9304      	str	r3, [sp, #16]
10002faa:	9b21      	ldr	r3, [sp, #132]	@ 0x84
10002fac:	9303      	str	r3, [sp, #12]
10002fae:	9702      	str	r7, [sp, #8]
10002fb0:	9b1e      	ldr	r3, [sp, #120]	@ 0x78
10002fb2:	9c1f      	ldr	r4, [sp, #124]	@ 0x7c
10002fb4:	9300      	str	r3, [sp, #0]
10002fb6:	9401      	str	r4, [sp, #4]
10002fb8:	9b0a      	ldr	r3, [sp, #40]	@ 0x28
10002fba:	465a      	mov	r2, fp
10002fbc:	4651      	mov	r1, sl
10002fbe:	4648      	mov	r0, r9
10002fc0:	f7ff fd54 	bl	10002a6c <_etoa>
10002fc4:	e0eb      	b.n	1000319e <_ftoa+0x2ea>
10002fc6:	9a1e      	ldr	r2, [sp, #120]	@ 0x78
10002fc8:	9b1f      	ldr	r3, [sp, #124]	@ 0x7c
10002fca:	2000      	movs	r0, #0
10002fcc:	2100      	movs	r1, #0
10002fce:	f7fe feac 	bl	10001d2a <__wrap___aeabi_dsub>
10002fd2:	901e      	str	r0, [sp, #120]	@ 0x78
10002fd4:	911f      	str	r1, [sp, #124]	@ 0x7c
10002fd6:	2301      	movs	r3, #1
10002fd8:	930b      	str	r3, [sp, #44]	@ 0x2c
10002fda:	e7ab      	b.n	10002f34 <_ftoa+0x80>
10002fdc:	ab0c      	add	r3, sp, #48	@ 0x30
10002fde:	2230      	movs	r2, #48	@ 0x30
10002fe0:	551a      	strb	r2, [r3, r4]
10002fe2:	3f01      	subs	r7, #1
10002fe4:	3401      	adds	r4, #1
10002fe6:	2c1f      	cmp	r4, #31
10002fe8:	d801      	bhi.n	10002fee <_ftoa+0x13a>
10002fea:	2f09      	cmp	r7, #9
10002fec:	d8f6      	bhi.n	10002fdc <_ftoa+0x128>
10002fee:	981e      	ldr	r0, [sp, #120]	@ 0x78
10002ff0:	991f      	ldr	r1, [sp, #124]	@ 0x7c
10002ff2:	f7fe ff51 	bl	10001e98 <__wrap___aeabi_d2iz>
10002ff6:	0005      	movs	r5, r0
10002ff8:	f7fe ff36 	bl	10001e68 <__wrap___aeabi_i2d>
10002ffc:	0002      	movs	r2, r0
10002ffe:	000b      	movs	r3, r1
10003000:	981e      	ldr	r0, [sp, #120]	@ 0x78
10003002:	991f      	ldr	r1, [sp, #124]	@ 0x7c
10003004:	f7fe fe91 	bl	10001d2a <__wrap___aeabi_dsub>
10003008:	4b78      	ldr	r3, [pc, #480]	@ (100031ec <_ftoa+0x338>)
1000300a:	00fa      	lsls	r2, r7, #3
1000300c:	189b      	adds	r3, r3, r2
1000300e:	cb0c      	ldmia	r3, {r2, r3}
10003010:	9208      	str	r2, [sp, #32]
10003012:	9309      	str	r3, [sp, #36]	@ 0x24
10003014:	f7fe feb9 	bl	10001d8a <__wrap___aeabi_dmul>
10003018:	9006      	str	r0, [sp, #24]
1000301a:	9107      	str	r1, [sp, #28]
1000301c:	f7fe ff60 	bl	10001ee0 <__wrap___aeabi_d2uiz>
10003020:	0006      	movs	r6, r0
10003022:	f7fe ff1d 	bl	10001e60 <__wrap___aeabi_ui2d>
10003026:	0002      	movs	r2, r0
10003028:	000b      	movs	r3, r1
1000302a:	9806      	ldr	r0, [sp, #24]
1000302c:	9907      	ldr	r1, [sp, #28]
1000302e:	f7fe fe7c 	bl	10001d2a <__wrap___aeabi_dsub>
10003032:	9006      	str	r0, [sp, #24]
10003034:	9107      	str	r1, [sp, #28]
10003036:	2200      	movs	r2, #0
10003038:	4b6d      	ldr	r3, [pc, #436]	@ (100031f0 <_ftoa+0x33c>)
1000303a:	f7fe feff 	bl	10001e3c <__wrap___aeabi_dcmpgt>
1000303e:	2800      	cmp	r0, #0
10003040:	d02e      	beq.n	100030a0 <_ftoa+0x1ec>
10003042:	3601      	adds	r6, #1
10003044:	0030      	movs	r0, r6
10003046:	f7fe ff0b 	bl	10001e60 <__wrap___aeabi_ui2d>
1000304a:	0002      	movs	r2, r0
1000304c:	000b      	movs	r3, r1
1000304e:	9808      	ldr	r0, [sp, #32]
10003050:	9909      	ldr	r1, [sp, #36]	@ 0x24
10003052:	f7fe fee3 	bl	10001e1c <__wrap___aeabi_dcmple>
10003056:	2800      	cmp	r0, #0
10003058:	d001      	beq.n	1000305e <_ftoa+0x1aa>
1000305a:	3501      	adds	r5, #1
1000305c:	2600      	movs	r6, #0
1000305e:	2f00      	cmp	r7, #0
10003060:	d12c      	bne.n	100030bc <_ftoa+0x208>
10003062:	0028      	movs	r0, r5
10003064:	f7fe ff00 	bl	10001e68 <__wrap___aeabi_i2d>
10003068:	0002      	movs	r2, r0
1000306a:	000b      	movs	r3, r1
1000306c:	981e      	ldr	r0, [sp, #120]	@ 0x78
1000306e:	991f      	ldr	r1, [sp, #124]	@ 0x7c
10003070:	f7fe fe5b 	bl	10001d2a <__wrap___aeabi_dsub>
10003074:	0006      	movs	r6, r0
10003076:	000f      	movs	r7, r1
10003078:	2200      	movs	r2, #0
1000307a:	4b5d      	ldr	r3, [pc, #372]	@ (100031f0 <_ftoa+0x33c>)
1000307c:	f7fe fec8 	bl	10001e10 <__wrap___aeabi_dcmplt>
10003080:	2800      	cmp	r0, #0
10003082:	d146      	bne.n	10003112 <_ftoa+0x25e>
10003084:	2200      	movs	r2, #0
10003086:	4b5a      	ldr	r3, [pc, #360]	@ (100031f0 <_ftoa+0x33c>)
10003088:	0030      	movs	r0, r6
1000308a:	0039      	movs	r1, r7
1000308c:	f7fe fed6 	bl	10001e3c <__wrap___aeabi_dcmpgt>
10003090:	2800      	cmp	r0, #0
10003092:	d13e      	bne.n	10003112 <_ftoa+0x25e>
10003094:	07eb      	lsls	r3, r5, #31
10003096:	d53c      	bpl.n	10003112 <_ftoa+0x25e>
10003098:	3501      	adds	r5, #1
1000309a:	e03a      	b.n	10003112 <_ftoa+0x25e>
1000309c:	2706      	movs	r7, #6
1000309e:	e74d      	b.n	10002f3c <_ftoa+0x88>
100030a0:	2200      	movs	r2, #0
100030a2:	4b53      	ldr	r3, [pc, #332]	@ (100031f0 <_ftoa+0x33c>)
100030a4:	9806      	ldr	r0, [sp, #24]
100030a6:	9907      	ldr	r1, [sp, #28]
100030a8:	f7fe feb2 	bl	10001e10 <__wrap___aeabi_dcmplt>
100030ac:	2800      	cmp	r0, #0
100030ae:	d1d6      	bne.n	1000305e <_ftoa+0x1aa>
100030b0:	2e00      	cmp	r6, #0
100030b2:	d001      	beq.n	100030b8 <_ftoa+0x204>
100030b4:	07f3      	lsls	r3, r6, #31
100030b6:	d5d2      	bpl.n	1000305e <_ftoa+0x1aa>
100030b8:	3601      	adds	r6, #1
100030ba:	e7d0      	b.n	1000305e <_ftoa+0x1aa>
100030bc:	46a8      	mov	r8, r5
100030be:	2c1f      	cmp	r4, #31
100030c0:	d811      	bhi.n	100030e6 <_ftoa+0x232>
100030c2:	3f01      	subs	r7, #1
100030c4:	210a      	movs	r1, #10
100030c6:	0030      	movs	r0, r6
100030c8:	f7fe fbf4 	bl	100018b4 <__wrap___aeabi_uidiv>
100030cc:	1c65      	adds	r5, r4, #1
100030ce:	3130      	adds	r1, #48	@ 0x30
100030d0:	ab0c      	add	r3, sp, #48	@ 0x30
100030d2:	5519      	strb	r1, [r3, r4]
100030d4:	210a      	movs	r1, #10
100030d6:	0030      	movs	r0, r6
100030d8:	f7fe fbec 	bl	100018b4 <__wrap___aeabi_uidiv>
100030dc:	2e09      	cmp	r6, #9
100030de:	d90e      	bls.n	100030fe <_ftoa+0x24a>
100030e0:	0006      	movs	r6, r0
100030e2:	002c      	movs	r4, r5
100030e4:	e7eb      	b.n	100030be <_ftoa+0x20a>
100030e6:	4645      	mov	r5, r8
100030e8:	2c1f      	cmp	r4, #31
100030ea:	d80c      	bhi.n	10003106 <_ftoa+0x252>
100030ec:	1e7b      	subs	r3, r7, #1
100030ee:	2f00      	cmp	r7, #0
100030f0:	d009      	beq.n	10003106 <_ftoa+0x252>
100030f2:	aa0c      	add	r2, sp, #48	@ 0x30
100030f4:	2130      	movs	r1, #48	@ 0x30
100030f6:	5511      	strb	r1, [r2, r4]
100030f8:	001f      	movs	r7, r3
100030fa:	3401      	adds	r4, #1
100030fc:	e7f4      	b.n	100030e8 <_ftoa+0x234>
100030fe:	002b      	movs	r3, r5
10003100:	4645      	mov	r5, r8
10003102:	001c      	movs	r4, r3
10003104:	e7f0      	b.n	100030e8 <_ftoa+0x234>
10003106:	2c1f      	cmp	r4, #31
10003108:	d803      	bhi.n	10003112 <_ftoa+0x25e>
1000310a:	ab0c      	add	r3, sp, #48	@ 0x30
1000310c:	222e      	movs	r2, #46	@ 0x2e
1000310e:	551a      	strb	r2, [r3, r4]
10003110:	3401      	adds	r4, #1
10003112:	2c1f      	cmp	r4, #31
10003114:	d810      	bhi.n	10003138 <_ftoa+0x284>
10003116:	210a      	movs	r1, #10
10003118:	0028      	movs	r0, r5
1000311a:	f7fe fba3 	bl	10001864 <__wrap___aeabi_idiv>
1000311e:	1c66      	adds	r6, r4, #1
10003120:	3130      	adds	r1, #48	@ 0x30
10003122:	ab0c      	add	r3, sp, #48	@ 0x30
10003124:	5519      	strb	r1, [r3, r4]
10003126:	210a      	movs	r1, #10
10003128:	0028      	movs	r0, r5
1000312a:	f7fe fb9b 	bl	10001864 <__wrap___aeabi_idiv>
1000312e:	1e05      	subs	r5, r0, #0
10003130:	d001      	beq.n	10003136 <_ftoa+0x282>
10003132:	0034      	movs	r4, r6
10003134:	e7ed      	b.n	10003112 <_ftoa+0x25e>
10003136:	0034      	movs	r4, r6
10003138:	9b22      	ldr	r3, [sp, #136]	@ 0x88
1000313a:	079b      	lsls	r3, r3, #30
1000313c:	d419      	bmi.n	10003172 <_ftoa+0x2be>
1000313e:	9b22      	ldr	r3, [sp, #136]	@ 0x88
10003140:	07db      	lsls	r3, r3, #31
10003142:	d516      	bpl.n	10003172 <_ftoa+0x2be>
10003144:	9b21      	ldr	r3, [sp, #132]	@ 0x84
10003146:	2b00      	cmp	r3, #0
10003148:	d00e      	beq.n	10003168 <_ftoa+0x2b4>
1000314a:	9b0b      	ldr	r3, [sp, #44]	@ 0x2c
1000314c:	2b00      	cmp	r3, #0
1000314e:	d103      	bne.n	10003158 <_ftoa+0x2a4>
10003150:	330c      	adds	r3, #12
10003152:	9a22      	ldr	r2, [sp, #136]	@ 0x88
10003154:	4213      	tst	r3, r2
10003156:	d007      	beq.n	10003168 <_ftoa+0x2b4>
10003158:	9b21      	ldr	r3, [sp, #132]	@ 0x84
1000315a:	3b01      	subs	r3, #1
1000315c:	9321      	str	r3, [sp, #132]	@ 0x84
1000315e:	e003      	b.n	10003168 <_ftoa+0x2b4>
10003160:	ab0c      	add	r3, sp, #48	@ 0x30
10003162:	2230      	movs	r2, #48	@ 0x30
10003164:	551a      	strb	r2, [r3, r4]
10003166:	3401      	adds	r4, #1
10003168:	9b21      	ldr	r3, [sp, #132]	@ 0x84
1000316a:	429c      	cmp	r4, r3
1000316c:	d201      	bcs.n	10003172 <_ftoa+0x2be>
1000316e:	2c1f      	cmp	r4, #31
10003170:	d9f6      	bls.n	10003160 <_ftoa+0x2ac>
10003172:	2c1f      	cmp	r4, #31
10003174:	d806      	bhi.n	10003184 <_ftoa+0x2d0>
10003176:	9b0b      	ldr	r3, [sp, #44]	@ 0x2c
10003178:	2b00      	cmp	r3, #0
1000317a:	d017      	beq.n	100031ac <_ftoa+0x2f8>
1000317c:	ab0c      	add	r3, sp, #48	@ 0x30
1000317e:	222d      	movs	r2, #45	@ 0x2d
10003180:	551a      	strb	r2, [r3, r4]
10003182:	3401      	adds	r4, #1
10003184:	9b22      	ldr	r3, [sp, #136]	@ 0x88
10003186:	9303      	str	r3, [sp, #12]
10003188:	9b21      	ldr	r3, [sp, #132]	@ 0x84
1000318a:	9302      	str	r3, [sp, #8]
1000318c:	9401      	str	r4, [sp, #4]
1000318e:	ab0c      	add	r3, sp, #48	@ 0x30
10003190:	9300      	str	r3, [sp, #0]
10003192:	9b0a      	ldr	r3, [sp, #40]	@ 0x28
10003194:	465a      	mov	r2, fp
10003196:	4651      	mov	r1, sl
10003198:	4648      	mov	r0, r9
1000319a:	f7ff faa7 	bl	100026ec <_out_rev>
1000319e:	b015      	add	sp, #84	@ 0x54
100031a0:	bcf0      	pop	{r4, r5, r6, r7}
100031a2:	46bb      	mov	fp, r7
100031a4:	46b2      	mov	sl, r6
100031a6:	46a9      	mov	r9, r5
100031a8:	46a0      	mov	r8, r4
100031aa:	bdf0      	pop	{r4, r5, r6, r7, pc}
100031ac:	9b22      	ldr	r3, [sp, #136]	@ 0x88
100031ae:	075b      	lsls	r3, r3, #29
100031b0:	d504      	bpl.n	100031bc <_ftoa+0x308>
100031b2:	ab0c      	add	r3, sp, #48	@ 0x30
100031b4:	222b      	movs	r2, #43	@ 0x2b
100031b6:	551a      	strb	r2, [r3, r4]
100031b8:	3401      	adds	r4, #1
100031ba:	e7e3      	b.n	10003184 <_ftoa+0x2d0>
100031bc:	9b22      	ldr	r3, [sp, #136]	@ 0x88
100031be:	071b      	lsls	r3, r3, #28
100031c0:	d5e0      	bpl.n	10003184 <_ftoa+0x2d0>
100031c2:	ab0c      	add	r3, sp, #48	@ 0x30
100031c4:	2220      	movs	r2, #32
100031c6:	551a      	strb	r2, [r3, r4]
100031c8:	3401      	adds	r4, #1
100031ca:	e7db      	b.n	10003184 <_ftoa+0x2d0>
100031cc:	ffefffff 	.word	0xffefffff
100031d0:	7fefffff 	.word	0x7fefffff
100031d4:	41cdcd65 	.word	0x41cdcd65
100031d8:	c1cdcd65 	.word	0xc1cdcd65
100031dc:	10008e88 	.word	0x10008e88
100031e0:	10008e8c 	.word	0x10008e8c
100031e4:	10008e7c 	.word	0x10008e7c
100031e8:	10008e84 	.word	0x10008e84
100031ec:	10009840 	.word	0x10009840
100031f0:	3fe00000 	.word	0x3fe00000

100031f4 <_vsnprintf>:
100031f4:	b5f0      	push	{r4, r5, r6, r7, lr}
100031f6:	46de      	mov	lr, fp
100031f8:	4657      	mov	r7, sl
100031fa:	464e      	mov	r6, r9
100031fc:	4645      	mov	r5, r8
100031fe:	b5e0      	push	{r5, r6, r7, lr}
10003200:	b093      	sub	sp, #76	@ 0x4c
10003202:	4683      	mov	fp, r0
10003204:	468a      	mov	sl, r1
10003206:	4690      	mov	r8, r2
10003208:	9311      	str	r3, [sp, #68]	@ 0x44
1000320a:	2900      	cmp	r1, #0
1000320c:	d100      	bne.n	10003210 <_vsnprintf+0x1c>
1000320e:	e31a      	b.n	10003846 <_vsnprintf+0x652>
10003210:	2500      	movs	r5, #0
10003212:	465e      	mov	r6, fp
10003214:	9b11      	ldr	r3, [sp, #68]	@ 0x44
10003216:	7818      	ldrb	r0, [r3, #0]
10003218:	2800      	cmp	r0, #0
1000321a:	d100      	bne.n	1000321e <_vsnprintf+0x2a>
1000321c:	e316      	b.n	1000384c <_vsnprintf+0x658>
1000321e:	2825      	cmp	r0, #37	@ 0x25
10003220:	d009      	beq.n	10003236 <_vsnprintf+0x42>
10003222:	1c6c      	adds	r4, r5, #1
10003224:	4643      	mov	r3, r8
10003226:	002a      	movs	r2, r5
10003228:	4651      	mov	r1, sl
1000322a:	47b0      	blx	r6
1000322c:	9b11      	ldr	r3, [sp, #68]	@ 0x44
1000322e:	3301      	adds	r3, #1
10003230:	9311      	str	r3, [sp, #68]	@ 0x44
10003232:	0025      	movs	r5, r4
10003234:	e7ee      	b.n	10003214 <_vsnprintf+0x20>
10003236:	3301      	adds	r3, #1
10003238:	9311      	str	r3, [sp, #68]	@ 0x44
1000323a:	2700      	movs	r7, #0
1000323c:	e012      	b.n	10003264 <_vsnprintf+0x70>
1000323e:	2a20      	cmp	r2, #32
10003240:	d025      	beq.n	1000328e <_vsnprintf+0x9a>
10003242:	2a23      	cmp	r2, #35	@ 0x23
10003244:	d105      	bne.n	10003252 <_vsnprintf+0x5e>
10003246:	2210      	movs	r2, #16
10003248:	4317      	orrs	r7, r2
1000324a:	3301      	adds	r3, #1
1000324c:	9311      	str	r3, [sp, #68]	@ 0x44
1000324e:	2401      	movs	r4, #1
10003250:	e006      	b.n	10003260 <_vsnprintf+0x6c>
10003252:	2400      	movs	r4, #0
10003254:	e004      	b.n	10003260 <_vsnprintf+0x6c>
10003256:	2202      	movs	r2, #2
10003258:	4317      	orrs	r7, r2
1000325a:	3301      	adds	r3, #1
1000325c:	9311      	str	r3, [sp, #68]	@ 0x44
1000325e:	2401      	movs	r4, #1
10003260:	2c00      	cmp	r4, #0
10003262:	d01c      	beq.n	1000329e <_vsnprintf+0xaa>
10003264:	9b11      	ldr	r3, [sp, #68]	@ 0x44
10003266:	781a      	ldrb	r2, [r3, #0]
10003268:	2a2b      	cmp	r2, #43	@ 0x2b
1000326a:	d00a      	beq.n	10003282 <_vsnprintf+0x8e>
1000326c:	d9e7      	bls.n	1000323e <_vsnprintf+0x4a>
1000326e:	2a2d      	cmp	r2, #45	@ 0x2d
10003270:	d0f1      	beq.n	10003256 <_vsnprintf+0x62>
10003272:	2a30      	cmp	r2, #48	@ 0x30
10003274:	d111      	bne.n	1000329a <_vsnprintf+0xa6>
10003276:	3a2f      	subs	r2, #47	@ 0x2f
10003278:	4317      	orrs	r7, r2
1000327a:	3301      	adds	r3, #1
1000327c:	9311      	str	r3, [sp, #68]	@ 0x44
1000327e:	2401      	movs	r4, #1
10003280:	e7ee      	b.n	10003260 <_vsnprintf+0x6c>
10003282:	2204      	movs	r2, #4
10003284:	4317      	orrs	r7, r2
10003286:	3301      	adds	r3, #1
10003288:	9311      	str	r3, [sp, #68]	@ 0x44
1000328a:	2401      	movs	r4, #1
1000328c:	e7e8      	b.n	10003260 <_vsnprintf+0x6c>
1000328e:	2208      	movs	r2, #8
10003290:	4317      	orrs	r7, r2
10003292:	3301      	adds	r3, #1
10003294:	9311      	str	r3, [sp, #68]	@ 0x44
10003296:	2401      	movs	r4, #1
10003298:	e7e2      	b.n	10003260 <_vsnprintf+0x6c>
1000329a:	2400      	movs	r4, #0
1000329c:	e7e0      	b.n	10003260 <_vsnprintf+0x6c>
1000329e:	9b11      	ldr	r3, [sp, #68]	@ 0x44
100032a0:	781a      	ldrb	r2, [r3, #0]
100032a2:	0013      	movs	r3, r2
100032a4:	3b30      	subs	r3, #48	@ 0x30
100032a6:	b2db      	uxtb	r3, r3
100032a8:	2b09      	cmp	r3, #9
100032aa:	d915      	bls.n	100032d8 <_vsnprintf+0xe4>
100032ac:	2a2a      	cmp	r2, #42	@ 0x2a
100032ae:	d018      	beq.n	100032e2 <_vsnprintf+0xee>
100032b0:	940b      	str	r4, [sp, #44]	@ 0x2c
100032b2:	9b11      	ldr	r3, [sp, #68]	@ 0x44
100032b4:	781a      	ldrb	r2, [r3, #0]
100032b6:	2a2e      	cmp	r2, #46	@ 0x2e
100032b8:	d023      	beq.n	10003302 <_vsnprintf+0x10e>
100032ba:	9b11      	ldr	r3, [sp, #68]	@ 0x44
100032bc:	781a      	ldrb	r2, [r3, #0]
100032be:	2a6c      	cmp	r2, #108	@ 0x6c
100032c0:	d047      	beq.n	10003352 <_vsnprintf+0x15e>
100032c2:	d93c      	bls.n	1000333e <_vsnprintf+0x14a>
100032c4:	2a74      	cmp	r2, #116	@ 0x74
100032c6:	d062      	beq.n	1000338e <_vsnprintf+0x19a>
100032c8:	2a7a      	cmp	r2, #122	@ 0x7a
100032ca:	d165      	bne.n	10003398 <_vsnprintf+0x1a4>
100032cc:	2280      	movs	r2, #128	@ 0x80
100032ce:	0052      	lsls	r2, r2, #1
100032d0:	4317      	orrs	r7, r2
100032d2:	3301      	adds	r3, #1
100032d4:	9311      	str	r3, [sp, #68]	@ 0x44
100032d6:	e05f      	b.n	10003398 <_vsnprintf+0x1a4>
100032d8:	a811      	add	r0, sp, #68	@ 0x44
100032da:	f7ff f9f5 	bl	100026c8 <_atoi>
100032de:	900b      	str	r0, [sp, #44]	@ 0x2c
100032e0:	e7e7      	b.n	100032b2 <_vsnprintf+0xbe>
100032e2:	9b1c      	ldr	r3, [sp, #112]	@ 0x70
100032e4:	1d1a      	adds	r2, r3, #4
100032e6:	921c      	str	r2, [sp, #112]	@ 0x70
100032e8:	681b      	ldr	r3, [r3, #0]
100032ea:	2b00      	cmp	r3, #0
100032ec:	db04      	blt.n	100032f8 <_vsnprintf+0x104>
100032ee:	930b      	str	r3, [sp, #44]	@ 0x2c
100032f0:	9b11      	ldr	r3, [sp, #68]	@ 0x44
100032f2:	3301      	adds	r3, #1
100032f4:	9311      	str	r3, [sp, #68]	@ 0x44
100032f6:	e7dc      	b.n	100032b2 <_vsnprintf+0xbe>
100032f8:	2202      	movs	r2, #2
100032fa:	4317      	orrs	r7, r2
100032fc:	425b      	negs	r3, r3
100032fe:	930b      	str	r3, [sp, #44]	@ 0x2c
10003300:	e7f6      	b.n	100032f0 <_vsnprintf+0xfc>
10003302:	2280      	movs	r2, #128	@ 0x80
10003304:	00d2      	lsls	r2, r2, #3
10003306:	4317      	orrs	r7, r2
10003308:	1c5a      	adds	r2, r3, #1
1000330a:	9211      	str	r2, [sp, #68]	@ 0x44
1000330c:	785a      	ldrb	r2, [r3, #1]
1000330e:	0013      	movs	r3, r2
10003310:	3b30      	subs	r3, #48	@ 0x30
10003312:	b2db      	uxtb	r3, r3
10003314:	2b09      	cmp	r3, #9
10003316:	d90b      	bls.n	10003330 <_vsnprintf+0x13c>
10003318:	2a2a      	cmp	r2, #42	@ 0x2a
1000331a:	d1ce      	bne.n	100032ba <_vsnprintf+0xc6>
1000331c:	9b1c      	ldr	r3, [sp, #112]	@ 0x70
1000331e:	1d1a      	adds	r2, r3, #4
10003320:	921c      	str	r2, [sp, #112]	@ 0x70
10003322:	681c      	ldr	r4, [r3, #0]
10003324:	2c00      	cmp	r4, #0
10003326:	db08      	blt.n	1000333a <_vsnprintf+0x146>
10003328:	9b11      	ldr	r3, [sp, #68]	@ 0x44
1000332a:	3301      	adds	r3, #1
1000332c:	9311      	str	r3, [sp, #68]	@ 0x44
1000332e:	e7c4      	b.n	100032ba <_vsnprintf+0xc6>
10003330:	a811      	add	r0, sp, #68	@ 0x44
10003332:	f7ff f9c9 	bl	100026c8 <_atoi>
10003336:	0004      	movs	r4, r0
10003338:	e7bf      	b.n	100032ba <_vsnprintf+0xc6>
1000333a:	2400      	movs	r4, #0
1000333c:	e7f4      	b.n	10003328 <_vsnprintf+0x134>
1000333e:	2a68      	cmp	r2, #104	@ 0x68
10003340:	d017      	beq.n	10003372 <_vsnprintf+0x17e>
10003342:	2a6a      	cmp	r2, #106	@ 0x6a
10003344:	d128      	bne.n	10003398 <_vsnprintf+0x1a4>
10003346:	2280      	movs	r2, #128	@ 0x80
10003348:	0092      	lsls	r2, r2, #2
1000334a:	4317      	orrs	r7, r2
1000334c:	3301      	adds	r3, #1
1000334e:	9311      	str	r3, [sp, #68]	@ 0x44
10003350:	e022      	b.n	10003398 <_vsnprintf+0x1a4>
10003352:	2280      	movs	r2, #128	@ 0x80
10003354:	0052      	lsls	r2, r2, #1
10003356:	433a      	orrs	r2, r7
10003358:	1c59      	adds	r1, r3, #1
1000335a:	9111      	str	r1, [sp, #68]	@ 0x44
1000335c:	7859      	ldrb	r1, [r3, #1]
1000335e:	296c      	cmp	r1, #108	@ 0x6c
10003360:	d001      	beq.n	10003366 <_vsnprintf+0x172>
10003362:	0017      	movs	r7, r2
10003364:	e018      	b.n	10003398 <_vsnprintf+0x1a4>
10003366:	22c0      	movs	r2, #192	@ 0xc0
10003368:	0092      	lsls	r2, r2, #2
1000336a:	4317      	orrs	r7, r2
1000336c:	3302      	adds	r3, #2
1000336e:	9311      	str	r3, [sp, #68]	@ 0x44
10003370:	e012      	b.n	10003398 <_vsnprintf+0x1a4>
10003372:	2280      	movs	r2, #128	@ 0x80
10003374:	433a      	orrs	r2, r7
10003376:	1c59      	adds	r1, r3, #1
10003378:	9111      	str	r1, [sp, #68]	@ 0x44
1000337a:	7859      	ldrb	r1, [r3, #1]
1000337c:	2968      	cmp	r1, #104	@ 0x68
1000337e:	d001      	beq.n	10003384 <_vsnprintf+0x190>
10003380:	0017      	movs	r7, r2
10003382:	e009      	b.n	10003398 <_vsnprintf+0x1a4>
10003384:	22c0      	movs	r2, #192	@ 0xc0
10003386:	4317      	orrs	r7, r2
10003388:	3302      	adds	r3, #2
1000338a:	9311      	str	r3, [sp, #68]	@ 0x44
1000338c:	e004      	b.n	10003398 <_vsnprintf+0x1a4>
1000338e:	2280      	movs	r2, #128	@ 0x80
10003390:	0052      	lsls	r2, r2, #1
10003392:	4317      	orrs	r7, r2
10003394:	3301      	adds	r3, #1
10003396:	9311      	str	r3, [sp, #68]	@ 0x44
10003398:	9b11      	ldr	r3, [sp, #68]	@ 0x44
1000339a:	7818      	ldrb	r0, [r3, #0]
1000339c:	2865      	cmp	r0, #101	@ 0x65
1000339e:	d040      	beq.n	10003422 <_vsnprintf+0x22e>
100033a0:	d877      	bhi.n	10003492 <_vsnprintf+0x29e>
100033a2:	2846      	cmp	r0, #70	@ 0x46
100033a4:	d100      	bne.n	100033a8 <_vsnprintf+0x1b4>
100033a6:	e08b      	b.n	100034c0 <_vsnprintf+0x2cc>
100033a8:	d91b      	bls.n	100033e2 <_vsnprintf+0x1ee>
100033aa:	2863      	cmp	r0, #99	@ 0x63
100033ac:	d131      	bne.n	10003412 <_vsnprintf+0x21e>
100033ae:	2302      	movs	r3, #2
100033b0:	001a      	movs	r2, r3
100033b2:	403a      	ands	r2, r7
100033b4:	4691      	mov	r9, r2
100033b6:	423b      	tst	r3, r7
100033b8:	d100      	bne.n	100033bc <_vsnprintf+0x1c8>
100033ba:	e1b0      	b.n	1000371e <_vsnprintf+0x52a>
100033bc:	2401      	movs	r4, #1
100033be:	9b1c      	ldr	r3, [sp, #112]	@ 0x70
100033c0:	1d1a      	adds	r2, r3, #4
100033c2:	921c      	str	r2, [sp, #112]	@ 0x70
100033c4:	1c6f      	adds	r7, r5, #1
100033c6:	7818      	ldrb	r0, [r3, #0]
100033c8:	4643      	mov	r3, r8
100033ca:	002a      	movs	r2, r5
100033cc:	4651      	mov	r1, sl
100033ce:	47b0      	blx	r6
100033d0:	464b      	mov	r3, r9
100033d2:	2b00      	cmp	r3, #0
100033d4:	d000      	beq.n	100033d8 <_vsnprintf+0x1e4>
100033d6:	e1a6      	b.n	10003726 <_vsnprintf+0x532>
100033d8:	9b11      	ldr	r3, [sp, #68]	@ 0x44
100033da:	3301      	adds	r3, #1
100033dc:	9311      	str	r3, [sp, #68]	@ 0x44
100033de:	003d      	movs	r5, r7
100033e0:	e718      	b.n	10003214 <_vsnprintf+0x20>
100033e2:	2825      	cmp	r0, #37	@ 0x25
100033e4:	d109      	bne.n	100033fa <_vsnprintf+0x206>
100033e6:	1c6c      	adds	r4, r5, #1
100033e8:	4643      	mov	r3, r8
100033ea:	002a      	movs	r2, r5
100033ec:	4651      	mov	r1, sl
100033ee:	47b0      	blx	r6
100033f0:	9b11      	ldr	r3, [sp, #68]	@ 0x44
100033f2:	3301      	adds	r3, #1
100033f4:	9311      	str	r3, [sp, #68]	@ 0x44
100033f6:	0025      	movs	r5, r4
100033f8:	e70c      	b.n	10003214 <_vsnprintf+0x20>
100033fa:	2845      	cmp	r0, #69	@ 0x45
100033fc:	d011      	beq.n	10003422 <_vsnprintf+0x22e>
100033fe:	1c6c      	adds	r4, r5, #1
10003400:	4643      	mov	r3, r8
10003402:	002a      	movs	r2, r5
10003404:	4651      	mov	r1, sl
10003406:	47b0      	blx	r6
10003408:	9b11      	ldr	r3, [sp, #68]	@ 0x44
1000340a:	3301      	adds	r3, #1
1000340c:	9311      	str	r3, [sp, #68]	@ 0x44
1000340e:	0025      	movs	r5, r4
10003410:	e700      	b.n	10003214 <_vsnprintf+0x20>
10003412:	2863      	cmp	r0, #99	@ 0x63
10003414:	d82b      	bhi.n	1000346e <_vsnprintf+0x27a>
10003416:	2858      	cmp	r0, #88	@ 0x58
10003418:	d02b      	beq.n	10003472 <_vsnprintf+0x27e>
1000341a:	2862      	cmp	r0, #98	@ 0x62
1000341c:	d029      	beq.n	10003472 <_vsnprintf+0x27e>
1000341e:	2847      	cmp	r0, #71	@ 0x47
10003420:	d1ed      	bne.n	100033fe <_vsnprintf+0x20a>
10003422:	2867      	cmp	r0, #103	@ 0x67
10003424:	d001      	beq.n	1000342a <_vsnprintf+0x236>
10003426:	2847      	cmp	r0, #71	@ 0x47
10003428:	d102      	bne.n	10003430 <_vsnprintf+0x23c>
1000342a:	2380      	movs	r3, #128	@ 0x80
1000342c:	011b      	lsls	r3, r3, #4
1000342e:	431f      	orrs	r7, r3
10003430:	2845      	cmp	r0, #69	@ 0x45
10003432:	d001      	beq.n	10003438 <_vsnprintf+0x244>
10003434:	2847      	cmp	r0, #71	@ 0x47
10003436:	d101      	bne.n	1000343c <_vsnprintf+0x248>
10003438:	2320      	movs	r3, #32
1000343a:	431f      	orrs	r7, r3
1000343c:	9b1c      	ldr	r3, [sp, #112]	@ 0x70
1000343e:	3307      	adds	r3, #7
10003440:	2207      	movs	r2, #7
10003442:	4393      	bics	r3, r2
10003444:	001a      	movs	r2, r3
10003446:	3208      	adds	r2, #8
10003448:	921c      	str	r2, [sp, #112]	@ 0x70
1000344a:	9704      	str	r7, [sp, #16]
1000344c:	9a0b      	ldr	r2, [sp, #44]	@ 0x2c
1000344e:	9203      	str	r2, [sp, #12]
10003450:	9402      	str	r4, [sp, #8]
10003452:	cb0c      	ldmia	r3, {r2, r3}
10003454:	9200      	str	r2, [sp, #0]
10003456:	9301      	str	r3, [sp, #4]
10003458:	4643      	mov	r3, r8
1000345a:	002a      	movs	r2, r5
1000345c:	4651      	mov	r1, sl
1000345e:	0030      	movs	r0, r6
10003460:	f7ff fb04 	bl	10002a6c <_etoa>
10003464:	0005      	movs	r5, r0
10003466:	9b11      	ldr	r3, [sp, #68]	@ 0x44
10003468:	3301      	adds	r3, #1
1000346a:	9311      	str	r3, [sp, #68]	@ 0x44
1000346c:	e6d2      	b.n	10003214 <_vsnprintf+0x20>
1000346e:	2864      	cmp	r0, #100	@ 0x64
10003470:	d1c5      	bne.n	100033fe <_vsnprintf+0x20a>
10003472:	2878      	cmp	r0, #120	@ 0x78
10003474:	d04d      	beq.n	10003512 <_vsnprintf+0x31e>
10003476:	2858      	cmp	r0, #88	@ 0x58
10003478:	d100      	bne.n	1000347c <_vsnprintf+0x288>
1000347a:	e07c      	b.n	10003576 <_vsnprintf+0x382>
1000347c:	286f      	cmp	r0, #111	@ 0x6f
1000347e:	d100      	bne.n	10003482 <_vsnprintf+0x28e>
10003480:	e07c      	b.n	1000357c <_vsnprintf+0x388>
10003482:	2862      	cmp	r0, #98	@ 0x62
10003484:	d100      	bne.n	10003488 <_vsnprintf+0x294>
10003486:	e07c      	b.n	10003582 <_vsnprintf+0x38e>
10003488:	2310      	movs	r3, #16
1000348a:	439f      	bics	r7, r3
1000348c:	3b06      	subs	r3, #6
1000348e:	469c      	mov	ip, r3
10003490:	e041      	b.n	10003516 <_vsnprintf+0x322>
10003492:	2870      	cmp	r0, #112	@ 0x70
10003494:	d100      	bne.n	10003498 <_vsnprintf+0x2a4>
10003496:	e1bc      	b.n	10003812 <_vsnprintf+0x61e>
10003498:	d90d      	bls.n	100034b6 <_vsnprintf+0x2c2>
1000349a:	2873      	cmp	r0, #115	@ 0x73
1000349c:	d131      	bne.n	10003502 <_vsnprintf+0x30e>
1000349e:	9b1c      	ldr	r3, [sp, #112]	@ 0x70
100034a0:	1d1a      	adds	r2, r3, #4
100034a2:	921c      	str	r2, [sp, #112]	@ 0x70
100034a4:	681b      	ldr	r3, [r3, #0]
100034a6:	469b      	mov	fp, r3
100034a8:	2c00      	cmp	r4, #0
100034aa:	d000      	beq.n	100034ae <_vsnprintf+0x2ba>
100034ac:	e16e      	b.n	1000378c <_vsnprintf+0x598>
100034ae:	2201      	movs	r2, #1
100034b0:	4252      	negs	r2, r2
100034b2:	465b      	mov	r3, fp
100034b4:	e14a      	b.n	1000374c <_vsnprintf+0x558>
100034b6:	2867      	cmp	r0, #103	@ 0x67
100034b8:	d0b3      	beq.n	10003422 <_vsnprintf+0x22e>
100034ba:	d81d      	bhi.n	100034f8 <_vsnprintf+0x304>
100034bc:	2866      	cmp	r0, #102	@ 0x66
100034be:	d19e      	bne.n	100033fe <_vsnprintf+0x20a>
100034c0:	2846      	cmp	r0, #70	@ 0x46
100034c2:	d100      	bne.n	100034c6 <_vsnprintf+0x2d2>
100034c4:	e11c      	b.n	10003700 <_vsnprintf+0x50c>
100034c6:	9b1c      	ldr	r3, [sp, #112]	@ 0x70
100034c8:	3307      	adds	r3, #7
100034ca:	2207      	movs	r2, #7
100034cc:	4393      	bics	r3, r2
100034ce:	001a      	movs	r2, r3
100034d0:	3208      	adds	r2, #8
100034d2:	921c      	str	r2, [sp, #112]	@ 0x70
100034d4:	9704      	str	r7, [sp, #16]
100034d6:	9a0b      	ldr	r2, [sp, #44]	@ 0x2c
100034d8:	9203      	str	r2, [sp, #12]
100034da:	9402      	str	r4, [sp, #8]
100034dc:	cb0c      	ldmia	r3, {r2, r3}
100034de:	9200      	str	r2, [sp, #0]
100034e0:	9301      	str	r3, [sp, #4]
100034e2:	4643      	mov	r3, r8
100034e4:	002a      	movs	r2, r5
100034e6:	4651      	mov	r1, sl
100034e8:	0030      	movs	r0, r6
100034ea:	f7ff fce3 	bl	10002eb4 <_ftoa>
100034ee:	0005      	movs	r5, r0
100034f0:	9b11      	ldr	r3, [sp, #68]	@ 0x44
100034f2:	3301      	adds	r3, #1
100034f4:	9311      	str	r3, [sp, #68]	@ 0x44
100034f6:	e68d      	b.n	10003214 <_vsnprintf+0x20>
100034f8:	2869      	cmp	r0, #105	@ 0x69
100034fa:	d0ba      	beq.n	10003472 <_vsnprintf+0x27e>
100034fc:	286f      	cmp	r0, #111	@ 0x6f
100034fe:	d0b8      	beq.n	10003472 <_vsnprintf+0x27e>
10003500:	e77d      	b.n	100033fe <_vsnprintf+0x20a>
10003502:	2873      	cmp	r0, #115	@ 0x73
10003504:	d200      	bcs.n	10003508 <_vsnprintf+0x314>
10003506:	e77a      	b.n	100033fe <_vsnprintf+0x20a>
10003508:	2875      	cmp	r0, #117	@ 0x75
1000350a:	d0b2      	beq.n	10003472 <_vsnprintf+0x27e>
1000350c:	2878      	cmp	r0, #120	@ 0x78
1000350e:	d0b0      	beq.n	10003472 <_vsnprintf+0x27e>
10003510:	e775      	b.n	100033fe <_vsnprintf+0x20a>
10003512:	2310      	movs	r3, #16
10003514:	469c      	mov	ip, r3
10003516:	2858      	cmp	r0, #88	@ 0x58
10003518:	d036      	beq.n	10003588 <_vsnprintf+0x394>
1000351a:	2869      	cmp	r0, #105	@ 0x69
1000351c:	d003      	beq.n	10003526 <_vsnprintf+0x332>
1000351e:	2864      	cmp	r0, #100	@ 0x64
10003520:	d001      	beq.n	10003526 <_vsnprintf+0x332>
10003522:	220c      	movs	r2, #12
10003524:	4397      	bics	r7, r2
10003526:	057a      	lsls	r2, r7, #21
10003528:	d501      	bpl.n	1000352e <_vsnprintf+0x33a>
1000352a:	2201      	movs	r2, #1
1000352c:	4397      	bics	r7, r2
1000352e:	2869      	cmp	r0, #105	@ 0x69
10003530:	d02d      	beq.n	1000358e <_vsnprintf+0x39a>
10003532:	2864      	cmp	r0, #100	@ 0x64
10003534:	d02b      	beq.n	1000358e <_vsnprintf+0x39a>
10003536:	05ba      	lsls	r2, r7, #22
10003538:	d500      	bpl.n	1000353c <_vsnprintf+0x348>
1000353a:	e0a3      	b.n	10003684 <_vsnprintf+0x490>
1000353c:	05fa      	lsls	r2, r7, #23
1000353e:	d500      	bpl.n	10003542 <_vsnprintf+0x34e>
10003540:	e0bb      	b.n	100036ba <_vsnprintf+0x4c6>
10003542:	067a      	lsls	r2, r7, #25
10003544:	d400      	bmi.n	10003548 <_vsnprintf+0x354>
10003546:	e0cd      	b.n	100036e4 <_vsnprintf+0x4f0>
10003548:	9a1c      	ldr	r2, [sp, #112]	@ 0x70
1000354a:	1d11      	adds	r1, r2, #4
1000354c:	911c      	str	r1, [sp, #112]	@ 0x70
1000354e:	6811      	ldr	r1, [r2, #0]
10003550:	22ff      	movs	r2, #255	@ 0xff
10003552:	400a      	ands	r2, r1
10003554:	9705      	str	r7, [sp, #20]
10003556:	9b0b      	ldr	r3, [sp, #44]	@ 0x2c
10003558:	9304      	str	r3, [sp, #16]
1000355a:	9403      	str	r4, [sp, #12]
1000355c:	4663      	mov	r3, ip
1000355e:	9302      	str	r3, [sp, #8]
10003560:	2300      	movs	r3, #0
10003562:	9301      	str	r3, [sp, #4]
10003564:	9200      	str	r2, [sp, #0]
10003566:	4643      	mov	r3, r8
10003568:	002a      	movs	r2, r5
1000356a:	4651      	mov	r1, sl
1000356c:	0030      	movs	r0, r6
1000356e:	f7ff f9a5 	bl	100028bc <_ntoa_long>
10003572:	0005      	movs	r5, r0
10003574:	e02a      	b.n	100035cc <_vsnprintf+0x3d8>
10003576:	2310      	movs	r3, #16
10003578:	469c      	mov	ip, r3
1000357a:	e7cc      	b.n	10003516 <_vsnprintf+0x322>
1000357c:	2308      	movs	r3, #8
1000357e:	469c      	mov	ip, r3
10003580:	e7c9      	b.n	10003516 <_vsnprintf+0x322>
10003582:	2302      	movs	r3, #2
10003584:	469c      	mov	ip, r3
10003586:	e7c6      	b.n	10003516 <_vsnprintf+0x322>
10003588:	2220      	movs	r2, #32
1000358a:	4317      	orrs	r7, r2
1000358c:	e7c5      	b.n	1000351a <_vsnprintf+0x326>
1000358e:	05ba      	lsls	r2, r7, #22
10003590:	d420      	bmi.n	100035d4 <_vsnprintf+0x3e0>
10003592:	05fa      	lsls	r2, r7, #23
10003594:	d451      	bmi.n	1000363a <_vsnprintf+0x446>
10003596:	067a      	lsls	r2, r7, #25
10003598:	d567      	bpl.n	1000366a <_vsnprintf+0x476>
1000359a:	9a1c      	ldr	r2, [sp, #112]	@ 0x70
1000359c:	1d11      	adds	r1, r2, #4
1000359e:	911c      	str	r1, [sp, #112]	@ 0x70
100035a0:	6811      	ldr	r1, [r2, #0]
100035a2:	22ff      	movs	r2, #255	@ 0xff
100035a4:	400a      	ands	r2, r1
100035a6:	17d0      	asrs	r0, r2, #31
100035a8:	1811      	adds	r1, r2, r0
100035aa:	4041      	eors	r1, r0
100035ac:	9705      	str	r7, [sp, #20]
100035ae:	9b0b      	ldr	r3, [sp, #44]	@ 0x2c
100035b0:	9304      	str	r3, [sp, #16]
100035b2:	9403      	str	r4, [sp, #12]
100035b4:	4663      	mov	r3, ip
100035b6:	9302      	str	r3, [sp, #8]
100035b8:	0fd2      	lsrs	r2, r2, #31
100035ba:	9201      	str	r2, [sp, #4]
100035bc:	9100      	str	r1, [sp, #0]
100035be:	4643      	mov	r3, r8
100035c0:	002a      	movs	r2, r5
100035c2:	4651      	mov	r1, sl
100035c4:	0030      	movs	r0, r6
100035c6:	f7ff f979 	bl	100028bc <_ntoa_long>
100035ca:	0005      	movs	r5, r0
100035cc:	9b11      	ldr	r3, [sp, #68]	@ 0x44
100035ce:	3301      	adds	r3, #1
100035d0:	9311      	str	r3, [sp, #68]	@ 0x44
100035d2:	e61f      	b.n	10003214 <_vsnprintf+0x20>
100035d4:	9a1c      	ldr	r2, [sp, #112]	@ 0x70
100035d6:	3207      	adds	r2, #7
100035d8:	2107      	movs	r1, #7
100035da:	438a      	bics	r2, r1
100035dc:	0011      	movs	r1, r2
100035de:	3108      	adds	r1, #8
100035e0:	911c      	str	r1, [sp, #112]	@ 0x70
100035e2:	6811      	ldr	r1, [r2, #0]
100035e4:	6853      	ldr	r3, [r2, #4]
100035e6:	4699      	mov	r9, r3
100035e8:	17db      	asrs	r3, r3, #31
100035ea:	930c      	str	r3, [sp, #48]	@ 0x30
100035ec:	930d      	str	r3, [sp, #52]	@ 0x34
100035ee:	9a0c      	ldr	r2, [sp, #48]	@ 0x30
100035f0:	9b0d      	ldr	r3, [sp, #52]	@ 0x34
100035f2:	0010      	movs	r0, r2
100035f4:	4048      	eors	r0, r1
100035f6:	900e      	str	r0, [sp, #56]	@ 0x38
100035f8:	9b0d      	ldr	r3, [sp, #52]	@ 0x34
100035fa:	4649      	mov	r1, r9
100035fc:	404b      	eors	r3, r1
100035fe:	930f      	str	r3, [sp, #60]	@ 0x3c
10003600:	980e      	ldr	r0, [sp, #56]	@ 0x38
10003602:	990f      	ldr	r1, [sp, #60]	@ 0x3c
10003604:	9a0c      	ldr	r2, [sp, #48]	@ 0x30
10003606:	9b0d      	ldr	r3, [sp, #52]	@ 0x34
10003608:	1a80      	subs	r0, r0, r2
1000360a:	4199      	sbcs	r1, r3
1000360c:	900e      	str	r0, [sp, #56]	@ 0x38
1000360e:	910f      	str	r1, [sp, #60]	@ 0x3c
10003610:	9708      	str	r7, [sp, #32]
10003612:	9b0b      	ldr	r3, [sp, #44]	@ 0x2c
10003614:	9307      	str	r3, [sp, #28]
10003616:	9406      	str	r4, [sp, #24]
10003618:	4663      	mov	r3, ip
1000361a:	9304      	str	r3, [sp, #16]
1000361c:	2300      	movs	r3, #0
1000361e:	9305      	str	r3, [sp, #20]
10003620:	464b      	mov	r3, r9
10003622:	0fda      	lsrs	r2, r3, #31
10003624:	9202      	str	r2, [sp, #8]
10003626:	9000      	str	r0, [sp, #0]
10003628:	9101      	str	r1, [sp, #4]
1000362a:	4643      	mov	r3, r8
1000362c:	002a      	movs	r2, r5
1000362e:	4651      	mov	r1, sl
10003630:	0030      	movs	r0, r6
10003632:	f7ff f99f 	bl	10002974 <_ntoa_long_long>
10003636:	0005      	movs	r5, r0
10003638:	e7c8      	b.n	100035cc <_vsnprintf+0x3d8>
1000363a:	9a1c      	ldr	r2, [sp, #112]	@ 0x70
1000363c:	1d11      	adds	r1, r2, #4
1000363e:	911c      	str	r1, [sp, #112]	@ 0x70
10003640:	6812      	ldr	r2, [r2, #0]
10003642:	17d0      	asrs	r0, r2, #31
10003644:	1811      	adds	r1, r2, r0
10003646:	4041      	eors	r1, r0
10003648:	9705      	str	r7, [sp, #20]
1000364a:	9b0b      	ldr	r3, [sp, #44]	@ 0x2c
1000364c:	9304      	str	r3, [sp, #16]
1000364e:	9403      	str	r4, [sp, #12]
10003650:	4663      	mov	r3, ip
10003652:	9302      	str	r3, [sp, #8]
10003654:	0fd2      	lsrs	r2, r2, #31
10003656:	9201      	str	r2, [sp, #4]
10003658:	9100      	str	r1, [sp, #0]
1000365a:	4643      	mov	r3, r8
1000365c:	002a      	movs	r2, r5
1000365e:	4651      	mov	r1, sl
10003660:	0030      	movs	r0, r6
10003662:	f7ff f92b 	bl	100028bc <_ntoa_long>
10003666:	0005      	movs	r5, r0
10003668:	e7b0      	b.n	100035cc <_vsnprintf+0x3d8>
1000366a:	063a      	lsls	r2, r7, #24
1000366c:	d505      	bpl.n	1000367a <_vsnprintf+0x486>
1000366e:	9a1c      	ldr	r2, [sp, #112]	@ 0x70
10003670:	1d11      	adds	r1, r2, #4
10003672:	911c      	str	r1, [sp, #112]	@ 0x70
10003674:	2300      	movs	r3, #0
10003676:	5ed2      	ldrsh	r2, [r2, r3]
10003678:	e795      	b.n	100035a6 <_vsnprintf+0x3b2>
1000367a:	9a1c      	ldr	r2, [sp, #112]	@ 0x70
1000367c:	1d11      	adds	r1, r2, #4
1000367e:	911c      	str	r1, [sp, #112]	@ 0x70
10003680:	6812      	ldr	r2, [r2, #0]
10003682:	e790      	b.n	100035a6 <_vsnprintf+0x3b2>
10003684:	9a1c      	ldr	r2, [sp, #112]	@ 0x70
10003686:	3207      	adds	r2, #7
10003688:	2107      	movs	r1, #7
1000368a:	438a      	bics	r2, r1
1000368c:	0011      	movs	r1, r2
1000368e:	3108      	adds	r1, #8
10003690:	911c      	str	r1, [sp, #112]	@ 0x70
10003692:	9708      	str	r7, [sp, #32]
10003694:	9b0b      	ldr	r3, [sp, #44]	@ 0x2c
10003696:	9307      	str	r3, [sp, #28]
10003698:	9406      	str	r4, [sp, #24]
1000369a:	4663      	mov	r3, ip
1000369c:	9304      	str	r3, [sp, #16]
1000369e:	2300      	movs	r3, #0
100036a0:	9305      	str	r3, [sp, #20]
100036a2:	9302      	str	r3, [sp, #8]
100036a4:	ca0c      	ldmia	r2, {r2, r3}
100036a6:	9200      	str	r2, [sp, #0]
100036a8:	9301      	str	r3, [sp, #4]
100036aa:	4643      	mov	r3, r8
100036ac:	002a      	movs	r2, r5
100036ae:	4651      	mov	r1, sl
100036b0:	0030      	movs	r0, r6
100036b2:	f7ff f95f 	bl	10002974 <_ntoa_long_long>
100036b6:	0005      	movs	r5, r0
100036b8:	e788      	b.n	100035cc <_vsnprintf+0x3d8>
100036ba:	9a1c      	ldr	r2, [sp, #112]	@ 0x70
100036bc:	1d11      	adds	r1, r2, #4
100036be:	911c      	str	r1, [sp, #112]	@ 0x70
100036c0:	9705      	str	r7, [sp, #20]
100036c2:	9b0b      	ldr	r3, [sp, #44]	@ 0x2c
100036c4:	9304      	str	r3, [sp, #16]
100036c6:	9403      	str	r4, [sp, #12]
100036c8:	4663      	mov	r3, ip
100036ca:	9302      	str	r3, [sp, #8]
100036cc:	2300      	movs	r3, #0
100036ce:	9301      	str	r3, [sp, #4]
100036d0:	6813      	ldr	r3, [r2, #0]
100036d2:	9300      	str	r3, [sp, #0]
100036d4:	4643      	mov	r3, r8
100036d6:	002a      	movs	r2, r5
100036d8:	4651      	mov	r1, sl
100036da:	0030      	movs	r0, r6
100036dc:	f7ff f8ee 	bl	100028bc <_ntoa_long>
100036e0:	0005      	movs	r5, r0
100036e2:	e773      	b.n	100035cc <_vsnprintf+0x3d8>
100036e4:	063a      	lsls	r2, r7, #24
100036e6:	d506      	bpl.n	100036f6 <_vsnprintf+0x502>
100036e8:	9a1c      	ldr	r2, [sp, #112]	@ 0x70
100036ea:	1d11      	adds	r1, r2, #4
100036ec:	911c      	str	r1, [sp, #112]	@ 0x70
100036ee:	6812      	ldr	r2, [r2, #0]
100036f0:	0412      	lsls	r2, r2, #16
100036f2:	0c12      	lsrs	r2, r2, #16
100036f4:	e72e      	b.n	10003554 <_vsnprintf+0x360>
100036f6:	9a1c      	ldr	r2, [sp, #112]	@ 0x70
100036f8:	1d11      	adds	r1, r2, #4
100036fa:	911c      	str	r1, [sp, #112]	@ 0x70
100036fc:	6812      	ldr	r2, [r2, #0]
100036fe:	e729      	b.n	10003554 <_vsnprintf+0x360>
10003700:	2320      	movs	r3, #32
10003702:	431f      	orrs	r7, r3
10003704:	e6df      	b.n	100034c6 <_vsnprintf+0x2d2>
10003706:	1c57      	adds	r7, r2, #1
10003708:	4643      	mov	r3, r8
1000370a:	4651      	mov	r1, sl
1000370c:	2020      	movs	r0, #32
1000370e:	47b0      	blx	r6
10003710:	0023      	movs	r3, r4
10003712:	003a      	movs	r2, r7
10003714:	1c5c      	adds	r4, r3, #1
10003716:	429d      	cmp	r5, r3
10003718:	d8f5      	bhi.n	10003706 <_vsnprintf+0x512>
1000371a:	0015      	movs	r5, r2
1000371c:	e64f      	b.n	100033be <_vsnprintf+0x1ca>
1000371e:	2301      	movs	r3, #1
10003720:	002a      	movs	r2, r5
10003722:	9d0b      	ldr	r5, [sp, #44]	@ 0x2c
10003724:	e7f6      	b.n	10003714 <_vsnprintf+0x520>
10003726:	003a      	movs	r2, r7
10003728:	46b1      	mov	r9, r6
1000372a:	9e0b      	ldr	r6, [sp, #44]	@ 0x2c
1000372c:	e006      	b.n	1000373c <_vsnprintf+0x548>
1000372e:	1c57      	adds	r7, r2, #1
10003730:	4643      	mov	r3, r8
10003732:	4651      	mov	r1, sl
10003734:	2020      	movs	r0, #32
10003736:	47c8      	blx	r9
10003738:	002c      	movs	r4, r5
1000373a:	003a      	movs	r2, r7
1000373c:	1c65      	adds	r5, r4, #1
1000373e:	42a6      	cmp	r6, r4
10003740:	d8f5      	bhi.n	1000372e <_vsnprintf+0x53a>
10003742:	0017      	movs	r7, r2
10003744:	464e      	mov	r6, r9
10003746:	e647      	b.n	100033d8 <_vsnprintf+0x1e4>
10003748:	3301      	adds	r3, #1
1000374a:	000a      	movs	r2, r1
1000374c:	7819      	ldrb	r1, [r3, #0]
1000374e:	2900      	cmp	r1, #0
10003750:	d002      	beq.n	10003758 <_vsnprintf+0x564>
10003752:	1e51      	subs	r1, r2, #1
10003754:	2a00      	cmp	r2, #0
10003756:	d1f7      	bne.n	10003748 <_vsnprintf+0x554>
10003758:	465a      	mov	r2, fp
1000375a:	1a9b      	subs	r3, r3, r2
1000375c:	2280      	movs	r2, #128	@ 0x80
1000375e:	00d2      	lsls	r2, r2, #3
10003760:	0039      	movs	r1, r7
10003762:	4011      	ands	r1, r2
10003764:	4689      	mov	r9, r1
10003766:	4217      	tst	r7, r2
10003768:	d002      	beq.n	10003770 <_vsnprintf+0x57c>
1000376a:	42a3      	cmp	r3, r4
1000376c:	d900      	bls.n	10003770 <_vsnprintf+0x57c>
1000376e:	0023      	movs	r3, r4
10003770:	2202      	movs	r2, #2
10003772:	0011      	movs	r1, r2
10003774:	4039      	ands	r1, r7
10003776:	9110      	str	r1, [sp, #64]	@ 0x40
10003778:	423a      	tst	r2, r7
1000377a:	d009      	beq.n	10003790 <_vsnprintf+0x59c>
1000377c:	002a      	movs	r2, r5
1000377e:	0025      	movs	r5, r4
10003780:	465f      	mov	r7, fp
10003782:	469b      	mov	fp, r3
10003784:	0033      	movs	r3, r6
10003786:	464e      	mov	r6, r9
10003788:	4699      	mov	r9, r3
1000378a:	e021      	b.n	100037d0 <_vsnprintf+0x5dc>
1000378c:	0022      	movs	r2, r4
1000378e:	e690      	b.n	100034b2 <_vsnprintf+0x2be>
10003790:	002a      	movs	r2, r5
10003792:	4655      	mov	r5, sl
10003794:	46a2      	mov	sl, r4
10003796:	e006      	b.n	100037a6 <_vsnprintf+0x5b2>
10003798:	1c54      	adds	r4, r2, #1
1000379a:	4643      	mov	r3, r8
1000379c:	0029      	movs	r1, r5
1000379e:	2020      	movs	r0, #32
100037a0:	47b0      	blx	r6
100037a2:	003b      	movs	r3, r7
100037a4:	0022      	movs	r2, r4
100037a6:	1c5f      	adds	r7, r3, #1
100037a8:	990b      	ldr	r1, [sp, #44]	@ 0x2c
100037aa:	4299      	cmp	r1, r3
100037ac:	d8f4      	bhi.n	10003798 <_vsnprintf+0x5a4>
100037ae:	4654      	mov	r4, sl
100037b0:	46aa      	mov	sl, r5
100037b2:	003b      	movs	r3, r7
100037b4:	0025      	movs	r5, r4
100037b6:	465f      	mov	r7, fp
100037b8:	469b      	mov	fp, r3
100037ba:	0033      	movs	r3, r6
100037bc:	464e      	mov	r6, r9
100037be:	4699      	mov	r9, r3
100037c0:	e006      	b.n	100037d0 <_vsnprintf+0x5dc>
100037c2:	001d      	movs	r5, r3
100037c4:	3701      	adds	r7, #1
100037c6:	1c54      	adds	r4, r2, #1
100037c8:	4643      	mov	r3, r8
100037ca:	4651      	mov	r1, sl
100037cc:	47c8      	blx	r9
100037ce:	0022      	movs	r2, r4
100037d0:	7838      	ldrb	r0, [r7, #0]
100037d2:	2800      	cmp	r0, #0
100037d4:	d004      	beq.n	100037e0 <_vsnprintf+0x5ec>
100037d6:	2e00      	cmp	r6, #0
100037d8:	d0f4      	beq.n	100037c4 <_vsnprintf+0x5d0>
100037da:	1e6b      	subs	r3, r5, #1
100037dc:	2d00      	cmp	r5, #0
100037de:	d1f0      	bne.n	100037c2 <_vsnprintf+0x5ce>
100037e0:	0015      	movs	r5, r2
100037e2:	465b      	mov	r3, fp
100037e4:	464e      	mov	r6, r9
100037e6:	9a10      	ldr	r2, [sp, #64]	@ 0x40
100037e8:	2a00      	cmp	r2, #0
100037ea:	d103      	bne.n	100037f4 <_vsnprintf+0x600>
100037ec:	9b11      	ldr	r3, [sp, #68]	@ 0x44
100037ee:	3301      	adds	r3, #1
100037f0:	9311      	str	r3, [sp, #68]	@ 0x44
100037f2:	e50f      	b.n	10003214 <_vsnprintf+0x20>
100037f4:	002a      	movs	r2, r5
100037f6:	9f0b      	ldr	r7, [sp, #44]	@ 0x2c
100037f8:	e006      	b.n	10003808 <_vsnprintf+0x614>
100037fa:	1c55      	adds	r5, r2, #1
100037fc:	4643      	mov	r3, r8
100037fe:	4651      	mov	r1, sl
10003800:	2020      	movs	r0, #32
10003802:	47b0      	blx	r6
10003804:	0023      	movs	r3, r4
10003806:	002a      	movs	r2, r5
10003808:	1c5c      	adds	r4, r3, #1
1000380a:	429f      	cmp	r7, r3
1000380c:	d8f5      	bhi.n	100037fa <_vsnprintf+0x606>
1000380e:	0015      	movs	r5, r2
10003810:	e7ec      	b.n	100037ec <_vsnprintf+0x5f8>
10003812:	2321      	movs	r3, #33	@ 0x21
10003814:	433b      	orrs	r3, r7
10003816:	9a1c      	ldr	r2, [sp, #112]	@ 0x70
10003818:	1d11      	adds	r1, r2, #4
1000381a:	911c      	str	r1, [sp, #112]	@ 0x70
1000381c:	6812      	ldr	r2, [r2, #0]
1000381e:	9305      	str	r3, [sp, #20]
10003820:	2308      	movs	r3, #8
10003822:	9304      	str	r3, [sp, #16]
10003824:	9403      	str	r4, [sp, #12]
10003826:	3308      	adds	r3, #8
10003828:	9302      	str	r3, [sp, #8]
1000382a:	2300      	movs	r3, #0
1000382c:	9301      	str	r3, [sp, #4]
1000382e:	9200      	str	r2, [sp, #0]
10003830:	4643      	mov	r3, r8
10003832:	002a      	movs	r2, r5
10003834:	4651      	mov	r1, sl
10003836:	0030      	movs	r0, r6
10003838:	f7ff f840 	bl	100028bc <_ntoa_long>
1000383c:	0005      	movs	r5, r0
1000383e:	9b11      	ldr	r3, [sp, #68]	@ 0x44
10003840:	3301      	adds	r3, #1
10003842:	9311      	str	r3, [sp, #68]	@ 0x44
10003844:	e4e6      	b.n	10003214 <_vsnprintf+0x20>
10003846:	4b0b      	ldr	r3, [pc, #44]	@ (10003874 <_vsnprintf+0x680>)
10003848:	469b      	mov	fp, r3
1000384a:	e4e1      	b.n	10003210 <_vsnprintf+0x1c>
1000384c:	46b3      	mov	fp, r6
1000384e:	4545      	cmp	r5, r8
10003850:	d30d      	bcc.n	1000386e <_vsnprintf+0x67a>
10003852:	4643      	mov	r3, r8
10003854:	1e5a      	subs	r2, r3, #1
10003856:	4643      	mov	r3, r8
10003858:	4651      	mov	r1, sl
1000385a:	2000      	movs	r0, #0
1000385c:	47d8      	blx	fp
1000385e:	0028      	movs	r0, r5
10003860:	b013      	add	sp, #76	@ 0x4c
10003862:	bcf0      	pop	{r4, r5, r6, r7}
10003864:	46bb      	mov	fp, r7
10003866:	46b2      	mov	sl, r6
10003868:	46a9      	mov	r9, r5
1000386a:	46a0      	mov	r8, r4
1000386c:	bdf0      	pop	{r4, r5, r6, r7, pc}
1000386e:	002a      	movs	r2, r5
10003870:	e7f1      	b.n	10003856 <_vsnprintf+0x662>
10003872:	46c0      	nop			@ (mov r8, r8)
10003874:	100026b9 	.word	0x100026b9

10003878 <vfctprintf>:
10003878:	b500      	push	{lr}
1000387a:	b085      	sub	sp, #20
1000387c:	468c      	mov	ip, r1
1000387e:	a902      	add	r1, sp, #8
10003880:	9002      	str	r0, [sp, #8]
10003882:	4660      	mov	r0, ip
10003884:	6048      	str	r0, [r1, #4]
10003886:	2001      	movs	r0, #1
10003888:	4684      	mov	ip, r0
1000388a:	4804      	ldr	r0, [pc, #16]	@ (1000389c <vfctprintf+0x24>)
1000388c:	9300      	str	r3, [sp, #0]
1000388e:	0013      	movs	r3, r2
10003890:	4662      	mov	r2, ip
10003892:	4252      	negs	r2, r2
10003894:	f7ff fcae 	bl	100031f4 <_vsnprintf>
10003898:	b005      	add	sp, #20
1000389a:	bd00      	pop	{pc}
1000389c:	100026bb 	.word	0x100026bb

100038a0 <_exit>:
100038a0:	be00      	bkpt	0x0000
100038a2:	e7fd      	b.n	100038a0 <_exit>

100038a4 <_fini>:
100038a4:	4770      	bx	lr

100038a6 <exit>:
100038a6:	b510      	push	{r4, lr}
100038a8:	f7ff fffa 	bl	100038a0 <_exit>

100038ac <__assert_func>:
100038ac:	b510      	push	{r4, lr}
100038ae:	b082      	sub	sp, #8
100038b0:	4684      	mov	ip, r0
100038b2:	000c      	movs	r4, r1
100038b4:	0019      	movs	r1, r3
100038b6:	2a00      	cmp	r2, #0
100038b8:	d00a      	beq.n	100038d0 <__assert_func+0x24>
100038ba:	4b07      	ldr	r3, [pc, #28]	@ (100038d8 <__assert_func+0x2c>)
100038bc:	4807      	ldr	r0, [pc, #28]	@ (100038dc <__assert_func+0x30>)
100038be:	9201      	str	r2, [sp, #4]
100038c0:	9300      	str	r3, [sp, #0]
100038c2:	0023      	movs	r3, r4
100038c4:	4662      	mov	r2, ip
100038c6:	f000 f95d 	bl	10003b84 <__wrap_printf>
100038ca:	2001      	movs	r0, #1
100038cc:	f7ff ffe8 	bl	100038a0 <_exit>
100038d0:	4b03      	ldr	r3, [pc, #12]	@ (100038e0 <__assert_func+0x34>)
100038d2:	001a      	movs	r2, r3
100038d4:	e7f2      	b.n	100038bc <__assert_func+0x10>
100038d6:	46c0      	nop			@ (mov r8, r8)
100038d8:	10008e94 	.word	0x10008e94
100038dc:	10008ea4 	.word	0x10008ea4
100038e0:	10008ea0 	.word	0x10008ea0

100038e4 <runtime_init>:
100038e4:	b510      	push	{r4, lr}
100038e6:	f3ef 8305 	mrs	r3, IPSR
100038ea:	2b00      	cmp	r3, #0
100038ec:	d000      	beq.n	100038f0 <runtime_init+0xc>
100038ee:	be00      	bkpt	0x0000
100038f0:	f7fd fec8 	bl	10001684 <runtime_run_initializers>
100038f4:	4c03      	ldr	r4, [pc, #12]	@ (10003904 <runtime_init+0x20>)
100038f6:	e001      	b.n	100038fc <runtime_init+0x18>
100038f8:	cc08      	ldmia	r4!, {r3}
100038fa:	4798      	blx	r3
100038fc:	4b02      	ldr	r3, [pc, #8]	@ (10003908 <runtime_init+0x24>)
100038fe:	429c      	cmp	r4, r3
10003900:	d3fa      	bcc.n	100038f8 <runtime_init+0x14>
10003902:	bd10      	pop	{r4, pc}
10003904:	10008708 	.word	0x10008708
10003908:	10008710 	.word	0x10008710

1000390c <stdio_out_chars_no_crlf>:
1000390c:	b510      	push	{r4, lr}
1000390e:	0003      	movs	r3, r0
10003910:	0008      	movs	r0, r1
10003912:	0011      	movs	r1, r2
10003914:	681b      	ldr	r3, [r3, #0]
10003916:	4798      	blx	r3
10003918:	bd10      	pop	{r4, pc}
	...

1000391c <stdio_out_chars_crlf>:
1000391c:	b5f8      	push	{r3, r4, r5, r6, r7, lr}
1000391e:	0007      	movs	r7, r0
10003920:	000d      	movs	r5, r1
10003922:	0016      	movs	r6, r2
10003924:	7d43      	ldrb	r3, [r0, #21]
10003926:	2b00      	cmp	r3, #0
10003928:	d002      	beq.n	10003930 <stdio_out_chars_crlf+0x14>
1000392a:	2400      	movs	r4, #0
1000392c:	2000      	movs	r0, #0
1000392e:	e00c      	b.n	1000394a <stdio_out_chars_crlf+0x2e>
10003930:	6803      	ldr	r3, [r0, #0]
10003932:	0011      	movs	r1, r2
10003934:	0028      	movs	r0, r5
10003936:	4798      	blx	r3
10003938:	e02b      	b.n	10003992 <stdio_out_chars_crlf+0x76>
1000393a:	7d3b      	ldrb	r3, [r7, #20]
1000393c:	e00f      	b.n	1000395e <stdio_out_chars_crlf+0x42>
1000393e:	683b      	ldr	r3, [r7, #0]
10003940:	4814      	ldr	r0, [pc, #80]	@ (10003994 <stdio_out_chars_crlf+0x78>)
10003942:	2102      	movs	r1, #2
10003944:	4798      	blx	r3
10003946:	1c60      	adds	r0, r4, #1
10003948:	3401      	adds	r4, #1
1000394a:	42b4      	cmp	r4, r6
1000394c:	da13      	bge.n	10003976 <stdio_out_chars_crlf+0x5a>
1000394e:	2c00      	cmp	r4, #0
10003950:	ddf3      	ble.n	1000393a <stdio_out_chars_crlf+0x1e>
10003952:	1e63      	subs	r3, r4, #1
10003954:	5ceb      	ldrb	r3, [r5, r3]
10003956:	3b0d      	subs	r3, #13
10003958:	425a      	negs	r2, r3
1000395a:	4153      	adcs	r3, r2
1000395c:	b2db      	uxtb	r3, r3
1000395e:	5d2a      	ldrb	r2, [r5, r4]
10003960:	2a0a      	cmp	r2, #10
10003962:	d1f1      	bne.n	10003948 <stdio_out_chars_crlf+0x2c>
10003964:	2b00      	cmp	r3, #0
10003966:	d1ef      	bne.n	10003948 <stdio_out_chars_crlf+0x2c>
10003968:	42a0      	cmp	r0, r4
1000396a:	dae8      	bge.n	1000393e <stdio_out_chars_crlf+0x22>
1000396c:	683b      	ldr	r3, [r7, #0]
1000396e:	1a21      	subs	r1, r4, r0
10003970:	1828      	adds	r0, r5, r0
10003972:	4798      	blx	r3
10003974:	e7e3      	b.n	1000393e <stdio_out_chars_crlf+0x22>
10003976:	42b0      	cmp	r0, r6
10003978:	da03      	bge.n	10003982 <stdio_out_chars_crlf+0x66>
1000397a:	683b      	ldr	r3, [r7, #0]
1000397c:	1a31      	subs	r1, r6, r0
1000397e:	1828      	adds	r0, r5, r0
10003980:	4798      	blx	r3
10003982:	2e00      	cmp	r6, #0
10003984:	dd05      	ble.n	10003992 <stdio_out_chars_crlf+0x76>
10003986:	3e01      	subs	r6, #1
10003988:	5dab      	ldrb	r3, [r5, r6]
1000398a:	3b0d      	subs	r3, #13
1000398c:	425a      	negs	r2, r3
1000398e:	4153      	adcs	r3, r2
10003990:	753b      	strb	r3, [r7, #20]
10003992:	bdf8      	pop	{r3, r4, r5, r6, r7, pc}
10003994:	10009890 	.word	0x10009890

10003998 <stdio_stack_buffer_flush>:
10003998:	b570      	push	{r4, r5, r6, lr}
1000399a:	0005      	movs	r5, r0
1000399c:	6803      	ldr	r3, [r0, #0]
1000399e:	2b00      	cmp	r3, #0
100039a0:	d016      	beq.n	100039d0 <stdio_stack_buffer_flush+0x38>
100039a2:	4b0c      	ldr	r3, [pc, #48]	@ (100039d4 <stdio_stack_buffer_flush+0x3c>)
100039a4:	681c      	ldr	r4, [r3, #0]
100039a6:	e005      	b.n	100039b4 <stdio_stack_buffer_flush+0x1c>
100039a8:	0029      	movs	r1, r5
100039aa:	c904      	ldmia	r1!, {r2}
100039ac:	0020      	movs	r0, r4
100039ae:	f7ff ffb5 	bl	1000391c <stdio_out_chars_crlf>
100039b2:	6924      	ldr	r4, [r4, #16]
100039b4:	2c00      	cmp	r4, #0
100039b6:	d009      	beq.n	100039cc <stdio_stack_buffer_flush+0x34>
100039b8:	6823      	ldr	r3, [r4, #0]
100039ba:	2b00      	cmp	r3, #0
100039bc:	d0f9      	beq.n	100039b2 <stdio_stack_buffer_flush+0x1a>
100039be:	4b06      	ldr	r3, [pc, #24]	@ (100039d8 <stdio_stack_buffer_flush+0x40>)
100039c0:	681b      	ldr	r3, [r3, #0]
100039c2:	2b00      	cmp	r3, #0
100039c4:	d0f0      	beq.n	100039a8 <stdio_stack_buffer_flush+0x10>
100039c6:	42a3      	cmp	r3, r4
100039c8:	d1f3      	bne.n	100039b2 <stdio_stack_buffer_flush+0x1a>
100039ca:	e7ed      	b.n	100039a8 <stdio_stack_buffer_flush+0x10>
100039cc:	2300      	movs	r3, #0
100039ce:	602b      	str	r3, [r5, #0]
100039d0:	bd70      	pop	{r4, r5, r6, pc}
100039d2:	46c0      	nop			@ (mov r8, r8)
100039d4:	20001274 	.word	0x20001274
100039d8:	2000127c 	.word	0x2000127c

100039dc <stdio_buffered_printer>:
100039dc:	b510      	push	{r4, lr}
100039de:	680b      	ldr	r3, [r1, #0]
100039e0:	1c5a      	adds	r2, r3, #1
100039e2:	600a      	str	r2, [r1, #0]
100039e4:	18cb      	adds	r3, r1, r3
100039e6:	7118      	strb	r0, [r3, #4]
100039e8:	2a80      	cmp	r2, #128	@ 0x80
100039ea:	d000      	beq.n	100039ee <stdio_buffered_printer+0x12>
100039ec:	bd10      	pop	{r4, pc}
100039ee:	0008      	movs	r0, r1
100039f0:	f7ff ffd2 	bl	10003998 <stdio_stack_buffer_flush>
100039f4:	e7fa      	b.n	100039ec <stdio_buffered_printer+0x10>
	...

100039f8 <stdout_serialize_begin>:
100039f8:	b510      	push	{r4, lr}
100039fa:	f7fd fc51 	bl	100012a0 <time_us_64>
100039fe:	4a07      	ldr	r2, [pc, #28]	@ (10003a1c <stdout_serialize_begin+0x24>)
10003a00:	2300      	movs	r3, #0
10003a02:	1812      	adds	r2, r2, r0
10003a04:	414b      	adcs	r3, r1
10003a06:	2b00      	cmp	r3, #0
10003a08:	db03      	blt.n	10003a12 <stdout_serialize_begin+0x1a>
10003a0a:	4805      	ldr	r0, [pc, #20]	@ (10003a20 <stdout_serialize_begin+0x28>)
10003a0c:	f004 fe34 	bl	10008678 <__mutex_try_enter_block_until_veneer>
10003a10:	bd10      	pop	{r4, pc}
10003a12:	2201      	movs	r2, #1
10003a14:	4252      	negs	r2, r2
10003a16:	4b03      	ldr	r3, [pc, #12]	@ (10003a24 <stdout_serialize_begin+0x2c>)
10003a18:	e7f7      	b.n	10003a0a <stdout_serialize_begin+0x12>
10003a1a:	46c0      	nop			@ (mov r8, r8)
10003a1c:	000f4240 	.word	0x000f4240
10003a20:	20000cb0 	.word	0x20000cb0
10003a24:	7fffffff 	.word	0x7fffffff

10003a28 <stdout_serialize_end>:
10003a28:	b510      	push	{r4, lr}
10003a2a:	4802      	ldr	r0, [pc, #8]	@ (10003a34 <stdout_serialize_end+0xc>)
10003a2c:	f004 fe34 	bl	10008698 <__mutex_exit_veneer>
10003a30:	bd10      	pop	{r4, pc}
10003a32:	46c0      	nop			@ (mov r8, r8)
10003a34:	20000cb0 	.word	0x20000cb0

10003a38 <stdio_put_string>:
10003a38:	b5f0      	push	{r4, r5, r6, r7, lr}
10003a3a:	46ce      	mov	lr, r9
10003a3c:	4647      	mov	r7, r8
10003a3e:	b580      	push	{r7, lr}
10003a40:	b083      	sub	sp, #12
10003a42:	4680      	mov	r8, r0
10003a44:	000d      	movs	r5, r1
10003a46:	0016      	movs	r6, r2
10003a48:	001c      	movs	r4, r3
10003a4a:	f7ff ffd5 	bl	100039f8 <stdout_serialize_begin>
10003a4e:	4681      	mov	r9, r0
10003a50:	1c6b      	adds	r3, r5, #1
10003a52:	d005      	beq.n	10003a60 <stdio_put_string+0x28>
10003a54:	2c00      	cmp	r4, #0
10003a56:	d008      	beq.n	10003a6a <stdio_put_string+0x32>
10003a58:	4f18      	ldr	r7, [pc, #96]	@ (10003abc <stdio_put_string+0x84>)
10003a5a:	4b19      	ldr	r3, [pc, #100]	@ (10003ac0 <stdio_put_string+0x88>)
10003a5c:	681c      	ldr	r4, [r3, #0]
10003a5e:	e007      	b.n	10003a70 <stdio_put_string+0x38>
10003a60:	4640      	mov	r0, r8
10003a62:	f004 fd97 	bl	10008594 <strlen>
10003a66:	0005      	movs	r5, r0
10003a68:	e7f4      	b.n	10003a54 <stdio_put_string+0x1c>
10003a6a:	4f16      	ldr	r7, [pc, #88]	@ (10003ac4 <stdio_put_string+0x8c>)
10003a6c:	e7f5      	b.n	10003a5a <stdio_put_string+0x22>
10003a6e:	6924      	ldr	r4, [r4, #16]
10003a70:	2c00      	cmp	r4, #0
10003a72:	d016      	beq.n	10003aa2 <stdio_put_string+0x6a>
10003a74:	6823      	ldr	r3, [r4, #0]
10003a76:	2b00      	cmp	r3, #0
10003a78:	d0f9      	beq.n	10003a6e <stdio_put_string+0x36>
10003a7a:	4b13      	ldr	r3, [pc, #76]	@ (10003ac8 <stdio_put_string+0x90>)
10003a7c:	681b      	ldr	r3, [r3, #0]
10003a7e:	2b00      	cmp	r3, #0
10003a80:	d001      	beq.n	10003a86 <stdio_put_string+0x4e>
10003a82:	42a3      	cmp	r3, r4
10003a84:	d1f3      	bne.n	10003a6e <stdio_put_string+0x36>
10003a86:	002a      	movs	r2, r5
10003a88:	4641      	mov	r1, r8
10003a8a:	0020      	movs	r0, r4
10003a8c:	47b8      	blx	r7
10003a8e:	2e00      	cmp	r6, #0
10003a90:	d0ed      	beq.n	10003a6e <stdio_put_string+0x36>
10003a92:	466b      	mov	r3, sp
10003a94:	1dd9      	adds	r1, r3, #7
10003a96:	230a      	movs	r3, #10
10003a98:	700b      	strb	r3, [r1, #0]
10003a9a:	2201      	movs	r2, #1
10003a9c:	0020      	movs	r0, r4
10003a9e:	47b8      	blx	r7
10003aa0:	e7e5      	b.n	10003a6e <stdio_put_string+0x36>
10003aa2:	464b      	mov	r3, r9
10003aa4:	2b00      	cmp	r3, #0
10003aa6:	d105      	bne.n	10003ab4 <stdio_put_string+0x7c>
10003aa8:	0028      	movs	r0, r5
10003aaa:	b003      	add	sp, #12
10003aac:	bcc0      	pop	{r6, r7}
10003aae:	46b9      	mov	r9, r7
10003ab0:	46b0      	mov	r8, r6
10003ab2:	bdf0      	pop	{r4, r5, r6, r7, pc}
10003ab4:	f7ff ffb8 	bl	10003a28 <stdout_serialize_end>
10003ab8:	e7f6      	b.n	10003aa8 <stdio_put_string+0x70>
10003aba:	46c0      	nop			@ (mov r8, r8)
10003abc:	1000391d 	.word	0x1000391d
10003ac0:	20001274 	.word	0x20001274
10003ac4:	1000390d 	.word	0x1000390d
10003ac8:	2000127c 	.word	0x2000127c

10003acc <stdio_set_driver_enabled>:
10003acc:	4a0a      	ldr	r2, [pc, #40]	@ (10003af8 <stdio_set_driver_enabled+0x2c>)
10003ace:	6813      	ldr	r3, [r2, #0]
10003ad0:	e002      	b.n	10003ad8 <stdio_set_driver_enabled+0xc>
10003ad2:	001a      	movs	r2, r3
10003ad4:	3210      	adds	r2, #16
10003ad6:	691b      	ldr	r3, [r3, #16]
10003ad8:	2b00      	cmp	r3, #0
10003ada:	d009      	beq.n	10003af0 <stdio_set_driver_enabled+0x24>
10003adc:	6813      	ldr	r3, [r2, #0]
10003ade:	4283      	cmp	r3, r0
10003ae0:	d1f7      	bne.n	10003ad2 <stdio_set_driver_enabled+0x6>
10003ae2:	2900      	cmp	r1, #0
10003ae4:	d107      	bne.n	10003af6 <stdio_set_driver_enabled+0x2a>
10003ae6:	6903      	ldr	r3, [r0, #16]
10003ae8:	6013      	str	r3, [r2, #0]
10003aea:	2300      	movs	r3, #0
10003aec:	6103      	str	r3, [r0, #16]
10003aee:	e002      	b.n	10003af6 <stdio_set_driver_enabled+0x2a>
10003af0:	2900      	cmp	r1, #0
10003af2:	d000      	beq.n	10003af6 <stdio_set_driver_enabled+0x2a>
10003af4:	6010      	str	r0, [r2, #0]
10003af6:	4770      	bx	lr
10003af8:	20001274 	.word	0x20001274

10003afc <stdio_flush>:
10003afc:	b510      	push	{r4, lr}
10003afe:	4b06      	ldr	r3, [pc, #24]	@ (10003b18 <stdio_flush+0x1c>)
10003b00:	681c      	ldr	r4, [r3, #0]
10003b02:	e000      	b.n	10003b06 <stdio_flush+0xa>
10003b04:	6924      	ldr	r4, [r4, #16]
10003b06:	2c00      	cmp	r4, #0
10003b08:	d004      	beq.n	10003b14 <stdio_flush+0x18>
10003b0a:	6863      	ldr	r3, [r4, #4]
10003b0c:	2b00      	cmp	r3, #0
10003b0e:	d0f9      	beq.n	10003b04 <stdio_flush+0x8>
10003b10:	4798      	blx	r3
10003b12:	e7f7      	b.n	10003b04 <stdio_flush+0x8>
10003b14:	bd10      	pop	{r4, pc}
10003b16:	46c0      	nop			@ (mov r8, r8)
10003b18:	20001274 	.word	0x20001274

10003b1c <stdio_init_all>:
10003b1c:	b510      	push	{r4, lr}
10003b1e:	f000 f93d 	bl	10003d9c <stdio_usb_init>
10003b22:	bd10      	pop	{r4, pc}

10003b24 <__wrap_puts>:
10003b24:	b570      	push	{r4, r5, r6, lr}
10003b26:	0005      	movs	r5, r0
10003b28:	f004 fd34 	bl	10008594 <strlen>
10003b2c:	0004      	movs	r4, r0
10003b2e:	2301      	movs	r3, #1
10003b30:	2201      	movs	r2, #1
10003b32:	0001      	movs	r1, r0
10003b34:	0028      	movs	r0, r5
10003b36:	f7ff ff7f 	bl	10003a38 <stdio_put_string>
10003b3a:	f7ff ffdf 	bl	10003afc <stdio_flush>
10003b3e:	0020      	movs	r0, r4
10003b40:	bd70      	pop	{r4, r5, r6, pc}
	...

10003b44 <__wrap_vprintf>:
10003b44:	b5f0      	push	{r4, r5, r6, r7, lr}
10003b46:	b0a3      	sub	sp, #140	@ 0x8c
10003b48:	0007      	movs	r7, r0
10003b4a:	000e      	movs	r6, r1
10003b4c:	f7ff ff54 	bl	100039f8 <stdout_serialize_begin>
10003b50:	0005      	movs	r5, r0
10003b52:	ac01      	add	r4, sp, #4
10003b54:	2300      	movs	r3, #0
10003b56:	9301      	str	r3, [sp, #4]
10003b58:	4809      	ldr	r0, [pc, #36]	@ (10003b80 <__wrap_vprintf+0x3c>)
10003b5a:	0033      	movs	r3, r6
10003b5c:	003a      	movs	r2, r7
10003b5e:	0021      	movs	r1, r4
10003b60:	f7ff fe8a 	bl	10003878 <vfctprintf>
10003b64:	0006      	movs	r6, r0
10003b66:	0020      	movs	r0, r4
10003b68:	f7ff ff16 	bl	10003998 <stdio_stack_buffer_flush>
10003b6c:	f7ff ffc6 	bl	10003afc <stdio_flush>
10003b70:	2d00      	cmp	r5, #0
10003b72:	d102      	bne.n	10003b7a <__wrap_vprintf+0x36>
10003b74:	0030      	movs	r0, r6
10003b76:	b023      	add	sp, #140	@ 0x8c
10003b78:	bdf0      	pop	{r4, r5, r6, r7, pc}
10003b7a:	f7ff ff55 	bl	10003a28 <stdout_serialize_end>
10003b7e:	e7f9      	b.n	10003b74 <__wrap_vprintf+0x30>
10003b80:	100039dd 	.word	0x100039dd

10003b84 <__wrap_printf>:
10003b84:	b40f      	push	{r0, r1, r2, r3}
10003b86:	b500      	push	{lr}
10003b88:	b083      	sub	sp, #12
10003b8a:	a904      	add	r1, sp, #16
10003b8c:	c901      	ldmia	r1!, {r0}
10003b8e:	9101      	str	r1, [sp, #4]
10003b90:	f7ff ffd8 	bl	10003b44 <__wrap_vprintf>
10003b94:	b003      	add	sp, #12
10003b96:	bc08      	pop	{r3}
10003b98:	b004      	add	sp, #16
10003b9a:	4718      	bx	r3

10003b9c <stdio_usb_set_chars_available_callback>:
10003b9c:	4b02      	ldr	r3, [pc, #8]	@ (10003ba8 <stdio_usb_set_chars_available_callback+0xc>)
10003b9e:	6018      	str	r0, [r3, #0]
10003ba0:	4b02      	ldr	r3, [pc, #8]	@ (10003bac <stdio_usb_set_chars_available_callback+0x10>)
10003ba2:	6019      	str	r1, [r3, #0]
10003ba4:	4770      	bx	lr
10003ba6:	46c0      	nop			@ (mov r8, r8)
10003ba8:	20001214 	.word	0x20001214
10003bac:	20001218 	.word	0x20001218

10003bb0 <stdio_usb_out_flush>:
10003bb0:	b510      	push	{r4, lr}
10003bb2:	f7fd fb75 	bl	100012a0 <time_us_64>
10003bb6:	4a0e      	ldr	r2, [pc, #56]	@ (10003bf0 <stdio_usb_out_flush+0x40>)
10003bb8:	2300      	movs	r3, #0
10003bba:	1812      	adds	r2, r2, r0
10003bbc:	414b      	adcs	r3, r1
10003bbe:	2b00      	cmp	r3, #0
10003bc0:	db12      	blt.n	10003be8 <stdio_usb_out_flush+0x38>
10003bc2:	480c      	ldr	r0, [pc, #48]	@ (10003bf4 <stdio_usb_out_flush+0x44>)
10003bc4:	f004 fd58 	bl	10008678 <__mutex_try_enter_block_until_veneer>
10003bc8:	2800      	cmp	r0, #0
10003bca:	d00c      	beq.n	10003be6 <stdio_usb_out_flush+0x36>
10003bcc:	2001      	movs	r0, #1
10003bce:	2100      	movs	r1, #0
10003bd0:	4240      	negs	r0, r0
10003bd2:	f001 faad 	bl	10005130 <tud_task_ext>
10003bd6:	2000      	movs	r0, #0
10003bd8:	f001 fd5c 	bl	10005694 <tud_cdc_n_write_flush>
10003bdc:	2800      	cmp	r0, #0
10003bde:	d1f5      	bne.n	10003bcc <stdio_usb_out_flush+0x1c>
10003be0:	4804      	ldr	r0, [pc, #16]	@ (10003bf4 <stdio_usb_out_flush+0x44>)
10003be2:	f004 fd59 	bl	10008698 <__mutex_exit_veneer>
10003be6:	bd10      	pop	{r4, pc}
10003be8:	2201      	movs	r2, #1
10003bea:	4252      	negs	r2, r2
10003bec:	4b02      	ldr	r3, [pc, #8]	@ (10003bf8 <stdio_usb_out_flush+0x48>)
10003bee:	e7e8      	b.n	10003bc2 <stdio_usb_out_flush+0x12>
10003bf0:	000f4240 	.word	0x000f4240
10003bf4:	20001970 	.word	0x20001970
10003bf8:	7fffffff 	.word	0x7fffffff

10003bfc <usb_irq>:
10003bfc:	b510      	push	{r4, lr}
10003bfe:	4b02      	ldr	r3, [pc, #8]	@ (10003c08 <usb_irq+0xc>)
10003c00:	7818      	ldrb	r0, [r3, #0]
10003c02:	f7fc fd39 	bl	10000678 <irq_set_pending>
10003c06:	bd10      	pop	{r4, pc}
10003c08:	20011abe 	.word	0x20011abe

10003c0c <timer_task>:
10003c0c:	b570      	push	{r4, r5, r6, lr}
10003c0e:	4b1a      	ldr	r3, [pc, #104]	@ (10003c78 <timer_task+0x6c>)
10003c10:	681b      	ldr	r3, [r3, #0]
10003c12:	2b00      	cmp	r3, #0
10003c14:	d024      	beq.n	10003c60 <timer_task+0x54>
10003c16:	f3ef 8210 	mrs	r2, PRIMASK
10003c1a:	b672      	cpsid	i
10003c1c:	0010      	movs	r0, r2
10003c1e:	6819      	ldr	r1, [r3, #0]
10003c20:	2900      	cmp	r1, #0
10003c22:	d0fc      	beq.n	10003c1e <timer_task+0x12>
10003c24:	f3bf 8f5f 	dmb	sy
10003c28:	4913      	ldr	r1, [pc, #76]	@ (10003c78 <timer_task+0x6c>)
10003c2a:	604a      	str	r2, [r1, #4]
10003c2c:	4b13      	ldr	r3, [pc, #76]	@ (10003c7c <timer_task+0x70>)
10003c2e:	2200      	movs	r2, #0
10003c30:	701a      	strb	r2, [r3, #0]
10003c32:	680b      	ldr	r3, [r1, #0]
10003c34:	f3bf 8f5f 	dmb	sy
10003c38:	601a      	str	r2, [r3, #0]
10003c3a:	f380 8810 	msr	PRIMASK, r0
10003c3e:	2200      	movs	r2, #0
10003c40:	2300      	movs	r3, #0
10003c42:	0014      	movs	r4, r2
10003c44:	001d      	movs	r5, r3
10003c46:	4b0e      	ldr	r3, [pc, #56]	@ (10003c80 <timer_task+0x74>)
10003c48:	7818      	ldrb	r0, [r3, #0]
10003c4a:	f7fc fcf1 	bl	10000630 <irq_is_enabled>
10003c4e:	2800      	cmp	r0, #0
10003c50:	d10c      	bne.n	10003c6c <timer_task+0x60>
10003c52:	2200      	movs	r2, #0
10003c54:	2300      	movs	r3, #0
10003c56:	0014      	movs	r4, r2
10003c58:	001d      	movs	r5, r3
10003c5a:	0020      	movs	r0, r4
10003c5c:	0029      	movs	r1, r5
10003c5e:	bd70      	pop	{r4, r5, r6, pc}
10003c60:	22fa      	movs	r2, #250	@ 0xfa
10003c62:	0092      	lsls	r2, r2, #2
10003c64:	2300      	movs	r3, #0
10003c66:	0014      	movs	r4, r2
10003c68:	001d      	movs	r5, r3
10003c6a:	e7ec      	b.n	10003c46 <timer_task+0x3a>
10003c6c:	4b04      	ldr	r3, [pc, #16]	@ (10003c80 <timer_task+0x74>)
10003c6e:	7818      	ldrb	r0, [r3, #0]
10003c70:	f7fc fd02 	bl	10000678 <irq_set_pending>
10003c74:	e7f1      	b.n	10003c5a <timer_task+0x4e>
10003c76:	46c0      	nop			@ (mov r8, r8)
10003c78:	20001688 	.word	0x20001688
10003c7c:	20011abf 	.word	0x20011abf
10003c80:	20011abe 	.word	0x20011abe

10003c84 <alarm_pool_add_alarm_in_us>:
10003c84:	b5f0      	push	{r4, r5, r6, r7, lr}
10003c86:	b085      	sub	sp, #20
10003c88:	0007      	movs	r7, r0
10003c8a:	0015      	movs	r5, r2
10003c8c:	001e      	movs	r6, r3
10003c8e:	ab0c      	add	r3, sp, #48	@ 0x30
10003c90:	781c      	ldrb	r4, [r3, #0]
10003c92:	f7fd fb05 	bl	100012a0 <time_us_64>
10003c96:	002a      	movs	r2, r5
10003c98:	0033      	movs	r3, r6
10003c9a:	1812      	adds	r2, r2, r0
10003c9c:	414b      	adcs	r3, r1
10003c9e:	2b00      	cmp	r3, #0
10003ca0:	db09      	blt.n	10003cb6 <alarm_pool_add_alarm_in_us+0x32>
10003ca2:	9402      	str	r4, [sp, #8]
10003ca4:	990b      	ldr	r1, [sp, #44]	@ 0x2c
10003ca6:	9101      	str	r1, [sp, #4]
10003ca8:	990a      	ldr	r1, [sp, #40]	@ 0x28
10003caa:	9100      	str	r1, [sp, #0]
10003cac:	0038      	movs	r0, r7
10003cae:	f7fd f9a7 	bl	10001000 <alarm_pool_add_alarm_at>
10003cb2:	b005      	add	sp, #20
10003cb4:	bdf0      	pop	{r4, r5, r6, r7, pc}
10003cb6:	2201      	movs	r2, #1
10003cb8:	4252      	negs	r2, r2
10003cba:	4b01      	ldr	r3, [pc, #4]	@ (10003cc0 <alarm_pool_add_alarm_in_us+0x3c>)
10003cbc:	e7f1      	b.n	10003ca2 <alarm_pool_add_alarm_in_us+0x1e>
10003cbe:	46c0      	nop			@ (mov r8, r8)
10003cc0:	7fffffff 	.word	0x7fffffff

10003cc4 <add_alarm_in_us>:
10003cc4:	b5f0      	push	{r4, r5, r6, r7, lr}
10003cc6:	46c6      	mov	lr, r8
10003cc8:	b500      	push	{lr}
10003cca:	b084      	sub	sp, #16
10003ccc:	4680      	mov	r8, r0
10003cce:	000f      	movs	r7, r1
10003cd0:	0016      	movs	r6, r2
10003cd2:	001d      	movs	r5, r3
10003cd4:	ab0a      	add	r3, sp, #40	@ 0x28
10003cd6:	781c      	ldrb	r4, [r3, #0]
10003cd8:	f7fd f92a 	bl	10000f30 <alarm_pool_get_default>
10003cdc:	9402      	str	r4, [sp, #8]
10003cde:	9501      	str	r5, [sp, #4]
10003ce0:	9600      	str	r6, [sp, #0]
10003ce2:	4642      	mov	r2, r8
10003ce4:	003b      	movs	r3, r7
10003ce6:	f7ff ffcd 	bl	10003c84 <alarm_pool_add_alarm_in_us>
10003cea:	b004      	add	sp, #16
10003cec:	bc80      	pop	{r7}
10003cee:	46b8      	mov	r8, r7
10003cf0:	bdf0      	pop	{r4, r5, r6, r7, pc}
	...

10003cf4 <low_priority_worker_irq>:
10003cf4:	b510      	push	{r4, lr}
10003cf6:	b082      	sub	sp, #8
10003cf8:	4822      	ldr	r0, [pc, #136]	@ (10003d84 <low_priority_worker_irq+0x90>)
10003cfa:	2100      	movs	r1, #0
10003cfc:	f004 fcb4 	bl	10008668 <__mutex_try_enter_veneer>
10003d00:	2800      	cmp	r0, #0
10003d02:	d11e      	bne.n	10003d42 <low_priority_worker_irq+0x4e>
10003d04:	4b20      	ldr	r3, [pc, #128]	@ (10003d88 <low_priority_worker_irq+0x94>)
10003d06:	681b      	ldr	r3, [r3, #0]
10003d08:	2b00      	cmp	r3, #0
10003d0a:	d018      	beq.n	10003d3e <low_priority_worker_irq+0x4a>
10003d0c:	f3ef 8110 	mrs	r1, PRIMASK
10003d10:	b672      	cpsid	i
10003d12:	0008      	movs	r0, r1
10003d14:	681a      	ldr	r2, [r3, #0]
10003d16:	2a00      	cmp	r2, #0
10003d18:	d0fc      	beq.n	10003d14 <low_priority_worker_irq+0x20>
10003d1a:	f3bf 8f5f 	dmb	sy
10003d1e:	4a1a      	ldr	r2, [pc, #104]	@ (10003d88 <low_priority_worker_irq+0x94>)
10003d20:	6051      	str	r1, [r2, #4]
10003d22:	491a      	ldr	r1, [pc, #104]	@ (10003d8c <low_priority_worker_irq+0x98>)
10003d24:	780b      	ldrb	r3, [r1, #0]
10003d26:	b2db      	uxtb	r3, r3
10003d28:	2401      	movs	r4, #1
10003d2a:	700c      	strb	r4, [r1, #0]
10003d2c:	6812      	ldr	r2, [r2, #0]
10003d2e:	f3bf 8f5f 	dmb	sy
10003d32:	2100      	movs	r1, #0
10003d34:	6011      	str	r1, [r2, #0]
10003d36:	f380 8810 	msr	PRIMASK, r0
10003d3a:	2b00      	cmp	r3, #0
10003d3c:	d017      	beq.n	10003d6e <low_priority_worker_irq+0x7a>
10003d3e:	b002      	add	sp, #8
10003d40:	bd10      	pop	{r4, pc}
10003d42:	2001      	movs	r0, #1
10003d44:	2100      	movs	r1, #0
10003d46:	4240      	negs	r0, r0
10003d48:	f001 f9f2 	bl	10005130 <tud_task_ext>
10003d4c:	2000      	movs	r0, #0
10003d4e:	f001 fc79 	bl	10005644 <tud_cdc_n_available>
10003d52:	0004      	movs	r4, r0
10003d54:	480b      	ldr	r0, [pc, #44]	@ (10003d84 <low_priority_worker_irq+0x90>)
10003d56:	f004 fc9f 	bl	10008698 <__mutex_exit_veneer>
10003d5a:	2c00      	cmp	r4, #0
10003d5c:	d0ef      	beq.n	10003d3e <low_priority_worker_irq+0x4a>
10003d5e:	4b0c      	ldr	r3, [pc, #48]	@ (10003d90 <low_priority_worker_irq+0x9c>)
10003d60:	681b      	ldr	r3, [r3, #0]
10003d62:	2b00      	cmp	r3, #0
10003d64:	d0eb      	beq.n	10003d3e <low_priority_worker_irq+0x4a>
10003d66:	4a0b      	ldr	r2, [pc, #44]	@ (10003d94 <low_priority_worker_irq+0xa0>)
10003d68:	6810      	ldr	r0, [r2, #0]
10003d6a:	4798      	blx	r3
10003d6c:	e7e7      	b.n	10003d3e <low_priority_worker_irq+0x4a>
10003d6e:	4a0a      	ldr	r2, [pc, #40]	@ (10003d98 <low_priority_worker_irq+0xa4>)
10003d70:	3301      	adds	r3, #1
10003d72:	9300      	str	r3, [sp, #0]
10003d74:	2300      	movs	r3, #0
10003d76:	20fa      	movs	r0, #250	@ 0xfa
10003d78:	0080      	lsls	r0, r0, #2
10003d7a:	2100      	movs	r1, #0
10003d7c:	f7ff ffa2 	bl	10003cc4 <add_alarm_in_us>
10003d80:	e7dd      	b.n	10003d3e <low_priority_worker_irq+0x4a>
10003d82:	46c0      	nop			@ (mov r8, r8)
10003d84:	20001970 	.word	0x20001970
10003d88:	20001688 	.word	0x20001688
10003d8c:	20011abf 	.word	0x20011abf
10003d90:	20001214 	.word	0x20001214
10003d94:	20001218 	.word	0x20001218
10003d98:	10003c0d 	.word	0x10003c0d

10003d9c <stdio_usb_init>:
10003d9c:	b510      	push	{r4, lr}
10003d9e:	b082      	sub	sp, #8
10003da0:	23d0      	movs	r3, #208	@ 0xd0
10003da2:	061b      	lsls	r3, r3, #24
10003da4:	681c      	ldr	r4, [r3, #0]
10003da6:	f7fd f8c3 	bl	10000f30 <alarm_pool_get_default>
10003daa:	f7fd f9a5 	bl	100010f8 <alarm_pool_core_num>
10003dae:	42a0      	cmp	r0, r4
10003db0:	d130      	bne.n	10003e14 <stdio_usb_init+0x78>
10003db2:	4b27      	ldr	r3, [pc, #156]	@ (10003e50 <stdio_usb_init+0xb4>)
10003db4:	781b      	ldrb	r3, [r3, #0]
10003db6:	2100      	movs	r1, #0
10003db8:	2000      	movs	r0, #0
10003dba:	f001 ff6b 	bl	10005c94 <tusb_rhport_init>
10003dbe:	4b25      	ldr	r3, [pc, #148]	@ (10003e54 <stdio_usb_init+0xb8>)
10003dc0:	681b      	ldr	r3, [r3, #0]
10003dc2:	2b00      	cmp	r3, #0
10003dc4:	d02c      	beq.n	10003e20 <stdio_usb_init+0x84>
10003dc6:	2001      	movs	r0, #1
10003dc8:	f7fc fe3e 	bl	10000a48 <user_irq_claim_unused>
10003dcc:	4c22      	ldr	r4, [pc, #136]	@ (10003e58 <stdio_usb_init+0xbc>)
10003dce:	7020      	strb	r0, [r4, #0]
10003dd0:	4922      	ldr	r1, [pc, #136]	@ (10003e5c <stdio_usb_init+0xc0>)
10003dd2:	23ff      	movs	r3, #255	@ 0xff
10003dd4:	4018      	ands	r0, r3
10003dd6:	f7fc fc6f 	bl	100006b8 <irq_set_exclusive_handler>
10003dda:	7820      	ldrb	r0, [r4, #0]
10003ddc:	2101      	movs	r1, #1
10003dde:	f7fc fc41 	bl	10000664 <irq_set_enabled>
10003de2:	2005      	movs	r0, #5
10003de4:	f7fc fc5a 	bl	1000069c <irq_has_shared_handler>
10003de8:	1e04      	subs	r4, r0, #0
10003dea:	d01d      	beq.n	10003e28 <stdio_usb_init+0x8c>
10003dec:	2001      	movs	r0, #1
10003dee:	f7fc fb9d 	bl	1000052c <spin_lock_claim_unused>
10003df2:	0001      	movs	r1, r0
10003df4:	4b1a      	ldr	r3, [pc, #104]	@ (10003e60 <stdio_usb_init+0xc4>)
10003df6:	0018      	movs	r0, r3
10003df8:	f7fc fe86 	bl	10000b08 <critical_section_init_with_lock_num>
10003dfc:	4919      	ldr	r1, [pc, #100]	@ (10003e64 <stdio_usb_init+0xc8>)
10003dfe:	2200      	movs	r2, #0
10003e00:	2005      	movs	r0, #5
10003e02:	f7fc fc85 	bl	10000710 <irq_add_shared_handler>
10003e06:	4818      	ldr	r0, [pc, #96]	@ (10003e68 <stdio_usb_init+0xcc>)
10003e08:	2101      	movs	r1, #1
10003e0a:	f7ff fe5f 	bl	10003acc <stdio_set_driver_enabled>
10003e0e:	0020      	movs	r0, r4
10003e10:	b002      	add	sp, #8
10003e12:	bd10      	pop	{r4, pc}
10003e14:	4b15      	ldr	r3, [pc, #84]	@ (10003e6c <stdio_usb_init+0xd0>)
10003e16:	4a16      	ldr	r2, [pc, #88]	@ (10003e70 <stdio_usb_init+0xd4>)
10003e18:	4816      	ldr	r0, [pc, #88]	@ (10003e74 <stdio_usb_init+0xd8>)
10003e1a:	21c8      	movs	r1, #200	@ 0xc8
10003e1c:	f7ff fd46 	bl	100038ac <__assert_func>
10003e20:	480c      	ldr	r0, [pc, #48]	@ (10003e54 <stdio_usb_init+0xb8>)
10003e22:	f7fc fe2d 	bl	10000a80 <mutex_init>
10003e26:	e7ce      	b.n	10003dc6 <stdio_usb_init+0x2a>
10003e28:	480d      	ldr	r0, [pc, #52]	@ (10003e60 <stdio_usb_init+0xc4>)
10003e2a:	2208      	movs	r2, #8
10003e2c:	2100      	movs	r1, #0
10003e2e:	f7fe fc37 	bl	100026a0 <__wrap_memset>
10003e32:	4a11      	ldr	r2, [pc, #68]	@ (10003e78 <stdio_usb_init+0xdc>)
10003e34:	2301      	movs	r3, #1
10003e36:	9300      	str	r3, [sp, #0]
10003e38:	2300      	movs	r3, #0
10003e3a:	20fa      	movs	r0, #250	@ 0xfa
10003e3c:	0080      	lsls	r0, r0, #2
10003e3e:	2100      	movs	r1, #0
10003e40:	f7ff ff40 	bl	10003cc4 <add_alarm_in_us>
10003e44:	43c0      	mvns	r0, r0
10003e46:	0fc4      	lsrs	r4, r0, #31
10003e48:	2800      	cmp	r0, #0
10003e4a:	dae0      	bge.n	10003e0e <stdio_usb_init+0x72>
10003e4c:	e7db      	b.n	10003e06 <stdio_usb_init+0x6a>
10003e4e:	46c0      	nop			@ (mov r8, r8)
10003e50:	10009c4c 	.word	0x10009c4c
10003e54:	20001970 	.word	0x20001970
10003e58:	20011abe 	.word	0x20011abe
10003e5c:	10003cf5 	.word	0x10003cf5
10003e60:	20001688 	.word	0x20001688
10003e64:	10003bfd 	.word	0x10003bfd
10003e68:	20000c70 	.word	0x20000c70
10003e6c:	10008ed4 	.word	0x10008ed4
10003e70:	100098a0 	.word	0x100098a0
10003e74:	10008edc 	.word	0x10008edc
10003e78:	10003c0d 	.word	0x10003c0d

10003e7c <stdio_usb_connected>:
10003e7c:	b510      	push	{r4, lr}
10003e7e:	2000      	movs	r0, #0
10003e80:	f001 fbc6 	bl	10005610 <tud_cdc_n_connected>
10003e84:	bd10      	pop	{r4, pc}
	...

10003e88 <stdio_usb_in_chars>:
10003e88:	b570      	push	{r4, r5, r6, lr}
10003e8a:	0004      	movs	r4, r0
10003e8c:	000d      	movs	r5, r1
10003e8e:	f7ff fff5 	bl	10003e7c <stdio_usb_connected>
10003e92:	2800      	cmp	r0, #0
10003e94:	d036      	beq.n	10003f04 <stdio_usb_in_chars+0x7c>
10003e96:	2000      	movs	r0, #0
10003e98:	f001 fbd4 	bl	10005644 <tud_cdc_n_available>
10003e9c:	2800      	cmp	r0, #0
10003e9e:	d035      	beq.n	10003f0c <stdio_usb_in_chars+0x84>
10003ea0:	f7fd f9fe 	bl	100012a0 <time_us_64>
10003ea4:	4a1d      	ldr	r2, [pc, #116]	@ (10003f1c <stdio_usb_in_chars+0x94>)
10003ea6:	2300      	movs	r3, #0
10003ea8:	1812      	adds	r2, r2, r0
10003eaa:	414b      	adcs	r3, r1
10003eac:	2b00      	cmp	r3, #0
10003eae:	db1a      	blt.n	10003ee6 <stdio_usb_in_chars+0x5e>
10003eb0:	481b      	ldr	r0, [pc, #108]	@ (10003f20 <stdio_usb_in_chars+0x98>)
10003eb2:	f004 fbe1 	bl	10008678 <__mutex_try_enter_block_until_veneer>
10003eb6:	2800      	cmp	r0, #0
10003eb8:	d02c      	beq.n	10003f14 <stdio_usb_in_chars+0x8c>
10003eba:	f7ff ffdf 	bl	10003e7c <stdio_usb_connected>
10003ebe:	2800      	cmp	r0, #0
10003ec0:	d004      	beq.n	10003ecc <stdio_usb_in_chars+0x44>
10003ec2:	2000      	movs	r0, #0
10003ec4:	f001 fbbe 	bl	10005644 <tud_cdc_n_available>
10003ec8:	2800      	cmp	r0, #0
10003eca:	d110      	bne.n	10003eee <stdio_usb_in_chars+0x66>
10003ecc:	2001      	movs	r0, #1
10003ece:	2100      	movs	r1, #0
10003ed0:	4240      	negs	r0, r0
10003ed2:	f001 f92d 	bl	10005130 <tud_task_ext>
10003ed6:	2303      	movs	r3, #3
10003ed8:	425b      	negs	r3, r3
10003eda:	001c      	movs	r4, r3
10003edc:	4810      	ldr	r0, [pc, #64]	@ (10003f20 <stdio_usb_in_chars+0x98>)
10003ede:	f004 fbdb 	bl	10008698 <__mutex_exit_veneer>
10003ee2:	0020      	movs	r0, r4
10003ee4:	bd70      	pop	{r4, r5, r6, pc}
10003ee6:	2201      	movs	r2, #1
10003ee8:	4252      	negs	r2, r2
10003eea:	4b0e      	ldr	r3, [pc, #56]	@ (10003f24 <stdio_usb_in_chars+0x9c>)
10003eec:	e7e0      	b.n	10003eb0 <stdio_usb_in_chars+0x28>
10003eee:	002a      	movs	r2, r5
10003ef0:	0021      	movs	r1, r4
10003ef2:	2000      	movs	r0, #0
10003ef4:	f001 fbb2 	bl	1000565c <tud_cdc_n_read>
10003ef8:	1e04      	subs	r4, r0, #0
10003efa:	d1ef      	bne.n	10003edc <stdio_usb_in_chars+0x54>
10003efc:	2303      	movs	r3, #3
10003efe:	425b      	negs	r3, r3
10003f00:	001c      	movs	r4, r3
10003f02:	e7eb      	b.n	10003edc <stdio_usb_in_chars+0x54>
10003f04:	2303      	movs	r3, #3
10003f06:	425b      	negs	r3, r3
10003f08:	001c      	movs	r4, r3
10003f0a:	e7ea      	b.n	10003ee2 <stdio_usb_in_chars+0x5a>
10003f0c:	2303      	movs	r3, #3
10003f0e:	425b      	negs	r3, r3
10003f10:	001c      	movs	r4, r3
10003f12:	e7e6      	b.n	10003ee2 <stdio_usb_in_chars+0x5a>
10003f14:	2303      	movs	r3, #3
10003f16:	425b      	negs	r3, r3
10003f18:	001c      	movs	r4, r3
10003f1a:	e7e2      	b.n	10003ee2 <stdio_usb_in_chars+0x5a>
10003f1c:	000f4240 	.word	0x000f4240
10003f20:	20001970 	.word	0x20001970
10003f24:	7fffffff 	.word	0x7fffffff

10003f28 <stdio_usb_out_chars>:
10003f28:	b5f0      	push	{r4, r5, r6, r7, lr}
10003f2a:	b083      	sub	sp, #12
10003f2c:	0005      	movs	r5, r0
10003f2e:	000c      	movs	r4, r1
10003f30:	f7fd f9b6 	bl	100012a0 <time_us_64>
10003f34:	4a31      	ldr	r2, [pc, #196]	@ (10003ffc <stdio_usb_out_chars+0xd4>)
10003f36:	2300      	movs	r3, #0
10003f38:	1812      	adds	r2, r2, r0
10003f3a:	414b      	adcs	r3, r1
10003f3c:	2b00      	cmp	r3, #0
10003f3e:	db06      	blt.n	10003f4e <stdio_usb_out_chars+0x26>
10003f40:	482f      	ldr	r0, [pc, #188]	@ (10004000 <stdio_usb_out_chars+0xd8>)
10003f42:	f004 fb99 	bl	10008678 <__mutex_try_enter_block_until_veneer>
10003f46:	2800      	cmp	r0, #0
10003f48:	d105      	bne.n	10003f56 <stdio_usb_out_chars+0x2e>
10003f4a:	b003      	add	sp, #12
10003f4c:	bdf0      	pop	{r4, r5, r6, r7, pc}
10003f4e:	2201      	movs	r2, #1
10003f50:	4252      	negs	r2, r2
10003f52:	4b2c      	ldr	r3, [pc, #176]	@ (10004004 <stdio_usb_out_chars+0xdc>)
10003f54:	e7f4      	b.n	10003f40 <stdio_usb_out_chars+0x18>
10003f56:	f7ff ff91 	bl	10003e7c <stdio_usb_connected>
10003f5a:	2800      	cmp	r0, #0
10003f5c:	d14b      	bne.n	10003ff6 <stdio_usb_out_chars+0xce>
10003f5e:	4b2a      	ldr	r3, [pc, #168]	@ (10004008 <stdio_usb_out_chars+0xe0>)
10003f60:	2000      	movs	r0, #0
10003f62:	2100      	movs	r1, #0
10003f64:	6018      	str	r0, [r3, #0]
10003f66:	6059      	str	r1, [r3, #4]
10003f68:	4825      	ldr	r0, [pc, #148]	@ (10004000 <stdio_usb_out_chars+0xd8>)
10003f6a:	f004 fb95 	bl	10008698 <__mutex_exit_veneer>
10003f6e:	e7ec      	b.n	10003f4a <stdio_usb_out_chars+0x22>
10003f70:	2001      	movs	r0, #1
10003f72:	2100      	movs	r1, #0
10003f74:	4240      	negs	r0, r0
10003f76:	f001 f8db 	bl	10005130 <tud_task_ext>
10003f7a:	2000      	movs	r0, #0
10003f7c:	f001 fb8a 	bl	10005694 <tud_cdc_n_write_flush>
10003f80:	f7ff ff7c 	bl	10003e7c <stdio_usb_connected>
10003f84:	2800      	cmp	r0, #0
10003f86:	d0ef      	beq.n	10003f68 <stdio_usb_out_chars+0x40>
10003f88:	2000      	movs	r0, #0
10003f8a:	f001 fbfb 	bl	10005784 <tud_cdc_n_write_available>
10003f8e:	2800      	cmp	r0, #0
10003f90:	d01f      	beq.n	10003fd2 <stdio_usb_out_chars+0xaa>
10003f92:	42a6      	cmp	r6, r4
10003f94:	dae8      	bge.n	10003f68 <stdio_usb_out_chars+0x40>
10003f96:	1ba7      	subs	r7, r4, r6
10003f98:	2000      	movs	r0, #0
10003f9a:	f001 fbf3 	bl	10005784 <tud_cdc_n_write_available>
10003f9e:	0002      	movs	r2, r0
10003fa0:	4287      	cmp	r7, r0
10003fa2:	dc00      	bgt.n	10003fa6 <stdio_usb_out_chars+0x7e>
10003fa4:	003a      	movs	r2, r7
10003fa6:	2a00      	cmp	r2, #0
10003fa8:	d0e2      	beq.n	10003f70 <stdio_usb_out_chars+0x48>
10003faa:	19a9      	adds	r1, r5, r6
10003fac:	2000      	movs	r0, #0
10003fae:	f001 fbc5 	bl	1000573c <tud_cdc_n_write>
10003fb2:	0007      	movs	r7, r0
10003fb4:	2001      	movs	r0, #1
10003fb6:	2100      	movs	r1, #0
10003fb8:	4240      	negs	r0, r0
10003fba:	f001 f8b9 	bl	10005130 <tud_task_ext>
10003fbe:	2000      	movs	r0, #0
10003fc0:	f001 fb68 	bl	10005694 <tud_cdc_n_write_flush>
10003fc4:	19f6      	adds	r6, r6, r7
10003fc6:	f7fd f96b 	bl	100012a0 <time_us_64>
10003fca:	4b0f      	ldr	r3, [pc, #60]	@ (10004008 <stdio_usb_out_chars+0xe0>)
10003fcc:	6018      	str	r0, [r3, #0]
10003fce:	6059      	str	r1, [r3, #4]
10003fd0:	e7df      	b.n	10003f92 <stdio_usb_out_chars+0x6a>
10003fd2:	f7fd f965 	bl	100012a0 <time_us_64>
10003fd6:	9001      	str	r0, [sp, #4]
10003fd8:	000f      	movs	r7, r1
10003fda:	4b0b      	ldr	r3, [pc, #44]	@ (10004008 <stdio_usb_out_chars+0xe0>)
10003fdc:	6818      	ldr	r0, [r3, #0]
10003fde:	6859      	ldr	r1, [r3, #4]
10003fe0:	4a0a      	ldr	r2, [pc, #40]	@ (1000400c <stdio_usb_out_chars+0xe4>)
10003fe2:	2300      	movs	r3, #0
10003fe4:	1812      	adds	r2, r2, r0
10003fe6:	414b      	adcs	r3, r1
10003fe8:	429f      	cmp	r7, r3
10003fea:	d8bd      	bhi.n	10003f68 <stdio_usb_out_chars+0x40>
10003fec:	d1d1      	bne.n	10003f92 <stdio_usb_out_chars+0x6a>
10003fee:	9901      	ldr	r1, [sp, #4]
10003ff0:	4291      	cmp	r1, r2
10003ff2:	d9ce      	bls.n	10003f92 <stdio_usb_out_chars+0x6a>
10003ff4:	e7b8      	b.n	10003f68 <stdio_usb_out_chars+0x40>
10003ff6:	2600      	movs	r6, #0
10003ff8:	e7cb      	b.n	10003f92 <stdio_usb_out_chars+0x6a>
10003ffa:	46c0      	nop			@ (mov r8, r8)
10003ffc:	000f4240 	.word	0x000f4240
10004000:	20001970 	.word	0x20001970
10004004:	7fffffff 	.word	0x7fffffff
10004008:	20000e38 	.word	0x20000e38
1000400c:	0007a120 	.word	0x0007a120

10004010 <tud_descriptor_device_cb>:
10004010:	4800      	ldr	r0, [pc, #0]	@ (10004014 <tud_descriptor_device_cb+0x4>)
10004012:	4770      	bx	lr
10004014:	1000991c 	.word	0x1000991c

10004018 <tud_descriptor_configuration_cb>:
10004018:	4800      	ldr	r0, [pc, #0]	@ (1000401c <tud_descriptor_configuration_cb+0x4>)
1000401a:	4770      	bx	lr
1000401c:	100098c8 	.word	0x100098c8

10004020 <tud_descriptor_string_cb>:
10004020:	b510      	push	{r4, lr}
10004022:	0004      	movs	r4, r0
10004024:	4b15      	ldr	r3, [pc, #84]	@ (1000407c <tud_descriptor_string_cb+0x5c>)
10004026:	781b      	ldrb	r3, [r3, #0]
10004028:	2b00      	cmp	r3, #0
1000402a:	d00e      	beq.n	1000404a <tud_descriptor_string_cb+0x2a>
1000402c:	2c00      	cmp	r4, #0
1000402e:	d111      	bne.n	10004054 <tud_descriptor_string_cb+0x34>
10004030:	4b13      	ldr	r3, [pc, #76]	@ (10004080 <tud_descriptor_string_cb+0x60>)
10004032:	4a14      	ldr	r2, [pc, #80]	@ (10004084 <tud_descriptor_string_cb+0x64>)
10004034:	805a      	strh	r2, [r3, #2]
10004036:	2301      	movs	r3, #1
10004038:	3301      	adds	r3, #1
1000403a:	005b      	lsls	r3, r3, #1
1000403c:	b29b      	uxth	r3, r3
1000403e:	4810      	ldr	r0, [pc, #64]	@ (10004080 <tud_descriptor_string_cb+0x60>)
10004040:	22c0      	movs	r2, #192	@ 0xc0
10004042:	0092      	lsls	r2, r2, #2
10004044:	4313      	orrs	r3, r2
10004046:	8003      	strh	r3, [r0, #0]
10004048:	bd10      	pop	{r4, pc}
1000404a:	480c      	ldr	r0, [pc, #48]	@ (1000407c <tud_descriptor_string_cb+0x5c>)
1000404c:	2111      	movs	r1, #17
1000404e:	f000 f825 	bl	1000409c <pico_get_unique_board_id_string>
10004052:	e7eb      	b.n	1000402c <tud_descriptor_string_cb+0xc>
10004054:	2c05      	cmp	r4, #5
10004056:	d80e      	bhi.n	10004076 <tud_descriptor_string_cb+0x56>
10004058:	4b0b      	ldr	r3, [pc, #44]	@ (10004088 <tud_descriptor_string_cb+0x68>)
1000405a:	00a4      	lsls	r4, r4, #2
1000405c:	58e4      	ldr	r4, [r4, r3]
1000405e:	2300      	movs	r3, #0
10004060:	2b12      	cmp	r3, #18
10004062:	d8e9      	bhi.n	10004038 <tud_descriptor_string_cb+0x18>
10004064:	5ce1      	ldrb	r1, [r4, r3]
10004066:	2900      	cmp	r1, #0
10004068:	d0e6      	beq.n	10004038 <tud_descriptor_string_cb+0x18>
1000406a:	3301      	adds	r3, #1
1000406c:	4a04      	ldr	r2, [pc, #16]	@ (10004080 <tud_descriptor_string_cb+0x60>)
1000406e:	0058      	lsls	r0, r3, #1
10004070:	5281      	strh	r1, [r0, r2]
10004072:	b2db      	uxtb	r3, r3
10004074:	e7f4      	b.n	10004060 <tud_descriptor_string_cb+0x40>
10004076:	2000      	movs	r0, #0
10004078:	e7e6      	b.n	10004048 <tud_descriptor_string_cb+0x28>
1000407a:	46c0      	nop			@ (mov r8, r8)
1000407c:	20011978 	.word	0x20011978
10004080:	2000124c 	.word	0x2000124c
10004084:	00000409 	.word	0x00000409
10004088:	100098b0 	.word	0x100098b0

1000408c <_retrieve_unique_id_on_boot>:
1000408c:	b510      	push	{r4, lr}
1000408e:	4802      	ldr	r0, [pc, #8]	@ (10004098 <_retrieve_unique_id_on_boot+0xc>)
10004090:	f000 f830 	bl	100040f4 <flash_get_unique_id>
10004094:	bd10      	pop	{r4, pc}
10004096:	46c0      	nop			@ (mov r8, r8)
10004098:	2000175c 	.word	0x2000175c

1000409c <pico_get_unique_board_id_string>:
1000409c:	b510      	push	{r4, lr}
1000409e:	1e0c      	subs	r4, r1, #0
100040a0:	d001      	beq.n	100040a6 <pico_get_unique_board_id_string+0xa>
100040a2:	2300      	movs	r3, #0
100040a4:	e008      	b.n	100040b8 <pico_get_unique_board_id_string+0x1c>
100040a6:	4b0f      	ldr	r3, [pc, #60]	@ (100040e4 <pico_get_unique_board_id_string+0x48>)
100040a8:	4a0f      	ldr	r2, [pc, #60]	@ (100040e8 <pico_get_unique_board_id_string+0x4c>)
100040aa:	4810      	ldr	r0, [pc, #64]	@ (100040ec <pico_get_unique_board_id_string+0x50>)
100040ac:	213b      	movs	r1, #59	@ 0x3b
100040ae:	f7ff fbfd 	bl	100038ac <__assert_func>
100040b2:	3237      	adds	r2, #55	@ 0x37
100040b4:	54c2      	strb	r2, [r0, r3]
100040b6:	3301      	adds	r3, #1
100040b8:	1e62      	subs	r2, r4, #1
100040ba:	429a      	cmp	r2, r3
100040bc:	d90e      	bls.n	100040dc <pico_get_unique_board_id_string+0x40>
100040be:	2b0f      	cmp	r3, #15
100040c0:	d80c      	bhi.n	100040dc <pico_get_unique_board_id_string+0x40>
100040c2:	085a      	lsrs	r2, r3, #1
100040c4:	490a      	ldr	r1, [pc, #40]	@ (100040f0 <pico_get_unique_board_id_string+0x54>)
100040c6:	5c89      	ldrb	r1, [r1, r2]
100040c8:	2201      	movs	r2, #1
100040ca:	439a      	bics	r2, r3
100040cc:	0092      	lsls	r2, r2, #2
100040ce:	4111      	asrs	r1, r2
100040d0:	220f      	movs	r2, #15
100040d2:	400a      	ands	r2, r1
100040d4:	2a09      	cmp	r2, #9
100040d6:	dcec      	bgt.n	100040b2 <pico_get_unique_board_id_string+0x16>
100040d8:	3230      	adds	r2, #48	@ 0x30
100040da:	e7eb      	b.n	100040b4 <pico_get_unique_board_id_string+0x18>
100040dc:	18c0      	adds	r0, r0, r3
100040de:	2300      	movs	r3, #0
100040e0:	7003      	strb	r3, [r0, #0]
100040e2:	bd10      	pop	{r4, pc}
100040e4:	10008f80 	.word	0x10008f80
100040e8:	10009930 	.word	0x10009930
100040ec:	10008f88 	.word	0x10008f88
100040f0:	2000175c 	.word	0x2000175c

100040f4 <flash_get_unique_id>:
100040f4:	b570      	push	{r4, r5, r6, lr}
100040f6:	b088      	sub	sp, #32
100040f8:	0004      	movs	r4, r0
100040fa:	ad04      	add	r5, sp, #16
100040fc:	220d      	movs	r2, #13
100040fe:	2100      	movs	r1, #0
10004100:	0028      	movs	r0, r5
10004102:	f7fe facd 	bl	100026a0 <__wrap_memset>
10004106:	220d      	movs	r2, #13
10004108:	2100      	movs	r1, #0
1000410a:	4668      	mov	r0, sp
1000410c:	f7fe fac8 	bl	100026a0 <__wrap_memset>
10004110:	234b      	movs	r3, #75	@ 0x4b
10004112:	702b      	strb	r3, [r5, #0]
10004114:	2300      	movs	r3, #0
10004116:	220d      	movs	r2, #13
10004118:	4669      	mov	r1, sp
1000411a:	0028      	movs	r0, r5
1000411c:	f004 facc 	bl	100086b8 <__flash_do_cmd_cs_veneer>
10004120:	2300      	movs	r3, #0
10004122:	e004      	b.n	1000412e <flash_get_unique_id+0x3a>
10004124:	1d5a      	adds	r2, r3, #5
10004126:	4669      	mov	r1, sp
10004128:	5c8a      	ldrb	r2, [r1, r2]
1000412a:	54e2      	strb	r2, [r4, r3]
1000412c:	3301      	adds	r3, #1
1000412e:	2b07      	cmp	r3, #7
10004130:	ddf8      	ble.n	10004124 <flash_get_unique_id+0x30>
10004132:	b008      	add	sp, #32
10004134:	bd70      	pop	{r4, r5, r6, pc}

10004136 <usb_reset_interface_init>:
10004136:	4770      	bx	lr

10004138 <usb_reset_interface_reset>:
10004138:	4b01      	ldr	r3, [pc, #4]	@ (10004140 <usb_reset_interface_reset+0x8>)
1000413a:	2200      	movs	r2, #0
1000413c:	701a      	strb	r2, [r3, #0]
1000413e:	4770      	bx	lr
10004140:	20011abd 	.word	0x20011abd

10004144 <usb_reset_interface_open>:
10004144:	794b      	ldrb	r3, [r1, #5]
10004146:	2bff      	cmp	r3, #255	@ 0xff
10004148:	d10c      	bne.n	10004164 <usb_reset_interface_open+0x20>
1000414a:	798b      	ldrb	r3, [r1, #6]
1000414c:	2b00      	cmp	r3, #0
1000414e:	d10b      	bne.n	10004168 <usb_reset_interface_open+0x24>
10004150:	79cb      	ldrb	r3, [r1, #7]
10004152:	2b01      	cmp	r3, #1
10004154:	d10a      	bne.n	1000416c <usb_reset_interface_open+0x28>
10004156:	2a08      	cmp	r2, #8
10004158:	d90a      	bls.n	10004170 <usb_reset_interface_open+0x2c>
1000415a:	788a      	ldrb	r2, [r1, #2]
1000415c:	4b05      	ldr	r3, [pc, #20]	@ (10004174 <usb_reset_interface_open+0x30>)
1000415e:	701a      	strb	r2, [r3, #0]
10004160:	2009      	movs	r0, #9
10004162:	e000      	b.n	10004166 <usb_reset_interface_open+0x22>
10004164:	2000      	movs	r0, #0
10004166:	4770      	bx	lr
10004168:	2000      	movs	r0, #0
1000416a:	e7fc      	b.n	10004166 <usb_reset_interface_open+0x22>
1000416c:	2000      	movs	r0, #0
1000416e:	e7fa      	b.n	10004166 <usb_reset_interface_open+0x22>
10004170:	2000      	movs	r0, #0
10004172:	e7f8      	b.n	10004166 <usb_reset_interface_open+0x22>
10004174:	20011abd 	.word	0x20011abd

10004178 <usb_reset_interface_xfer_cb>:
10004178:	2001      	movs	r0, #1
1000417a:	4770      	bx	lr

1000417c <usb_reset_interface_control_xfer_cb>:
1000417c:	b510      	push	{r4, lr}
1000417e:	2901      	cmp	r1, #1
10004180:	d128      	bne.n	100041d4 <usb_reset_interface_control_xfer_cb+0x58>
10004182:	7911      	ldrb	r1, [r2, #4]
10004184:	7953      	ldrb	r3, [r2, #5]
10004186:	021b      	lsls	r3, r3, #8
10004188:	430b      	orrs	r3, r1
1000418a:	4913      	ldr	r1, [pc, #76]	@ (100041d8 <usb_reset_interface_control_xfer_cb+0x5c>)
1000418c:	7809      	ldrb	r1, [r1, #0]
1000418e:	428b      	cmp	r3, r1
10004190:	d001      	beq.n	10004196 <usb_reset_interface_control_xfer_cb+0x1a>
10004192:	2000      	movs	r0, #0
10004194:	e01f      	b.n	100041d6 <usb_reset_interface_control_xfer_cb+0x5a>
10004196:	7853      	ldrb	r3, [r2, #1]
10004198:	2b01      	cmp	r3, #1
1000419a:	d003      	beq.n	100041a4 <usb_reset_interface_control_xfer_cb+0x28>
1000419c:	2b02      	cmp	r3, #2
1000419e:	d012      	beq.n	100041c6 <usb_reset_interface_control_xfer_cb+0x4a>
100041a0:	2000      	movs	r0, #0
100041a2:	e018      	b.n	100041d6 <usb_reset_interface_control_xfer_cb+0x5a>
100041a4:	7891      	ldrb	r1, [r2, #2]
100041a6:	78d3      	ldrb	r3, [r2, #3]
100041a8:	021b      	lsls	r3, r3, #8
100041aa:	4319      	orrs	r1, r3
100041ac:	05db      	lsls	r3, r3, #23
100041ae:	d506      	bpl.n	100041be <usb_reset_interface_control_xfer_cb+0x42>
100041b0:	060a      	lsls	r2, r1, #24
100041b2:	0fd2      	lsrs	r2, r2, #31
100041b4:	0a48      	lsrs	r0, r1, #9
100041b6:	2303      	movs	r3, #3
100041b8:	4019      	ands	r1, r3
100041ba:	f7fd fa2d 	bl	10001618 <rom_reset_usb_boot_extra>
100041be:	2200      	movs	r2, #0
100041c0:	2001      	movs	r0, #1
100041c2:	4240      	negs	r0, r0
100041c4:	e7f7      	b.n	100041b6 <usb_reset_interface_control_xfer_cb+0x3a>
100041c6:	2264      	movs	r2, #100	@ 0x64
100041c8:	2100      	movs	r1, #0
100041ca:	2000      	movs	r0, #0
100041cc:	f7fd f9cc 	bl	10001568 <watchdog_reboot>
100041d0:	2001      	movs	r0, #1
100041d2:	e000      	b.n	100041d6 <usb_reset_interface_control_xfer_cb+0x5a>
100041d4:	2001      	movs	r0, #1
100041d6:	bd10      	pop	{r4, pc}
100041d8:	20011abd 	.word	0x20011abd

100041dc <tud_descriptor_bos_cb>:
100041dc:	4800      	ldr	r0, [pc, #0]	@ (100041e0 <tud_descriptor_bos_cb+0x4>)
100041de:	4770      	bx	lr
100041e0:	10009a08 	.word	0x10009a08

100041e4 <tud_vendor_control_xfer_cb>:
100041e4:	b510      	push	{r4, lr}
100041e6:	0004      	movs	r4, r0
100041e8:	0010      	movs	r0, r2
100041ea:	2901      	cmp	r1, #1
100041ec:	d111      	bne.n	10004212 <tud_vendor_control_xfer_cb+0x2e>
100041ee:	7853      	ldrb	r3, [r2, #1]
100041f0:	2b01      	cmp	r3, #1
100041f2:	d110      	bne.n	10004216 <tud_vendor_control_xfer_cb+0x32>
100041f4:	7912      	ldrb	r2, [r2, #4]
100041f6:	7943      	ldrb	r3, [r0, #5]
100041f8:	021b      	lsls	r3, r3, #8
100041fa:	4313      	orrs	r3, r2
100041fc:	2b07      	cmp	r3, #7
100041fe:	d001      	beq.n	10004204 <tud_vendor_control_xfer_cb+0x20>
10004200:	2000      	movs	r0, #0
10004202:	e007      	b.n	10004214 <tud_vendor_control_xfer_cb+0x30>
10004204:	4a05      	ldr	r2, [pc, #20]	@ (1000421c <tud_vendor_control_xfer_cb+0x38>)
10004206:	339f      	adds	r3, #159	@ 0x9f
10004208:	0001      	movs	r1, r0
1000420a:	0020      	movs	r0, r4
1000420c:	f001 f8d4 	bl	100053b8 <tud_control_xfer>
10004210:	e000      	b.n	10004214 <tud_vendor_control_xfer_cb+0x30>
10004212:	2001      	movs	r0, #1
10004214:	bd10      	pop	{r4, pc}
10004216:	2000      	movs	r0, #0
10004218:	e7fc      	b.n	10004214 <tud_vendor_control_xfer_cb+0x30>
1000421a:	46c0      	nop			@ (mov r8, r8)
1000421c:	10009960 	.word	0x10009960

10004220 <usbd_app_driver_get_cb>:
10004220:	2301      	movs	r3, #1
10004222:	7003      	strb	r3, [r0, #0]
10004224:	4800      	ldr	r0, [pc, #0]	@ (10004228 <usbd_app_driver_get_cb+0x8>)
10004226:	4770      	bx	lr
10004228:	10009a2c 	.word	0x10009a2c

1000422c <tud_cdc_line_coding_cb>:
1000422c:	b510      	push	{r4, lr}
1000422e:	780a      	ldrb	r2, [r1, #0]
10004230:	784b      	ldrb	r3, [r1, #1]
10004232:	021b      	lsls	r3, r3, #8
10004234:	4313      	orrs	r3, r2
10004236:	788a      	ldrb	r2, [r1, #2]
10004238:	0412      	lsls	r2, r2, #16
1000423a:	431a      	orrs	r2, r3
1000423c:	78cb      	ldrb	r3, [r1, #3]
1000423e:	061b      	lsls	r3, r3, #24
10004240:	4313      	orrs	r3, r2
10004242:	2296      	movs	r2, #150	@ 0x96
10004244:	00d2      	lsls	r2, r2, #3
10004246:	4293      	cmp	r3, r2
10004248:	d000      	beq.n	1000424c <tud_cdc_line_coding_cb+0x20>
1000424a:	bd10      	pop	{r4, pc}
1000424c:	2001      	movs	r0, #1
1000424e:	2200      	movs	r2, #0
10004250:	0011      	movs	r1, r2
10004252:	4240      	negs	r0, r0
10004254:	f7fd f9e0 	bl	10001618 <rom_reset_usb_boot_extra>

10004258 <hw_endpoint_init>:
10004258:	b530      	push	{r4, r5, lr}
1000425a:	b083      	sub	sp, #12
1000425c:	0004      	movs	r4, r0
1000425e:	000d      	movs	r5, r1
10004260:	4694      	mov	ip, r2
10004262:	237f      	movs	r3, #127	@ 0x7f
10004264:	4003      	ands	r3, r0
10004266:	09c2      	lsrs	r2, r0, #7
10004268:	4829      	ldr	r0, [pc, #164]	@ (10004310 <hw_endpoint_init+0xb8>)
1000426a:	0059      	lsls	r1, r3, #1
1000426c:	1889      	adds	r1, r1, r2
1000426e:	0149      	lsls	r1, r1, #5
10004270:	1840      	adds	r0, r0, r1
10004272:	7084      	strb	r4, [r0, #2]
10004274:	4251      	negs	r1, r2
10004276:	4151      	adcs	r1, r2
10004278:	7041      	strb	r1, [r0, #1]
1000427a:	2100      	movs	r1, #0
1000427c:	70c1      	strb	r1, [r0, #3]
1000427e:	8305      	strh	r5, [r0, #24]
10004280:	4661      	mov	r1, ip
10004282:	76c1      	strb	r1, [r0, #27]
10004284:	2a01      	cmp	r2, #1
10004286:	d01e      	beq.n	100042c6 <hw_endpoint_init+0x6e>
10004288:	00dc      	lsls	r4, r3, #3
1000428a:	4922      	ldr	r1, [pc, #136]	@ (10004314 <hw_endpoint_init+0xbc>)
1000428c:	468c      	mov	ip, r1
1000428e:	4464      	add	r4, ip
10004290:	491f      	ldr	r1, [pc, #124]	@ (10004310 <hw_endpoint_init+0xb8>)
10004292:	0058      	lsls	r0, r3, #1
10004294:	1880      	adds	r0, r0, r2
10004296:	0140      	lsls	r0, r0, #5
10004298:	1809      	adds	r1, r1, r0
1000429a:	608c      	str	r4, [r1, #8]
1000429c:	491c      	ldr	r1, [pc, #112]	@ (10004310 <hw_endpoint_init+0xb8>)
1000429e:	0058      	lsls	r0, r3, #1
100042a0:	1880      	adds	r0, r0, r2
100042a2:	0140      	lsls	r0, r0, #5
100042a4:	1809      	adds	r1, r1, r0
100042a6:	6889      	ldr	r1, [r1, #8]
100042a8:	2000      	movs	r0, #0
100042aa:	6008      	str	r0, [r1, #0]
100042ac:	2b00      	cmp	r3, #0
100042ae:	d115      	bne.n	100042dc <hw_endpoint_init+0x84>
100042b0:	4917      	ldr	r1, [pc, #92]	@ (10004310 <hw_endpoint_init+0xb8>)
100042b2:	005b      	lsls	r3, r3, #1
100042b4:	189b      	adds	r3, r3, r2
100042b6:	015b      	lsls	r3, r3, #5
100042b8:	18cb      	adds	r3, r1, r3
100042ba:	2200      	movs	r2, #0
100042bc:	605a      	str	r2, [r3, #4]
100042be:	4a16      	ldr	r2, [pc, #88]	@ (10004318 <hw_endpoint_init+0xc0>)
100042c0:	60da      	str	r2, [r3, #12]
100042c2:	b003      	add	sp, #12
100042c4:	bd30      	pop	{r4, r5, pc}
100042c6:	00dc      	lsls	r4, r3, #3
100042c8:	4914      	ldr	r1, [pc, #80]	@ (1000431c <hw_endpoint_init+0xc4>)
100042ca:	468c      	mov	ip, r1
100042cc:	4464      	add	r4, ip
100042ce:	4910      	ldr	r1, [pc, #64]	@ (10004310 <hw_endpoint_init+0xb8>)
100042d0:	0058      	lsls	r0, r3, #1
100042d2:	1880      	adds	r0, r0, r2
100042d4:	0140      	lsls	r0, r0, #5
100042d6:	1809      	adds	r1, r1, r0
100042d8:	608c      	str	r4, [r1, #8]
100042da:	e7df      	b.n	1000429c <hw_endpoint_init+0x44>
100042dc:	2a01      	cmp	r2, #1
100042de:	d00b      	beq.n	100042f8 <hw_endpoint_init+0xa0>
100042e0:	1e58      	subs	r0, r3, #1
100042e2:	00c0      	lsls	r0, r0, #3
100042e4:	490e      	ldr	r1, [pc, #56]	@ (10004320 <hw_endpoint_init+0xc8>)
100042e6:	468c      	mov	ip, r1
100042e8:	4460      	add	r0, ip
100042ea:	4909      	ldr	r1, [pc, #36]	@ (10004310 <hw_endpoint_init+0xb8>)
100042ec:	005b      	lsls	r3, r3, #1
100042ee:	189b      	adds	r3, r3, r2
100042f0:	015b      	lsls	r3, r3, #5
100042f2:	18c9      	adds	r1, r1, r3
100042f4:	6048      	str	r0, [r1, #4]
100042f6:	e7e4      	b.n	100042c2 <hw_endpoint_init+0x6a>
100042f8:	1e58      	subs	r0, r3, #1
100042fa:	00c0      	lsls	r0, r0, #3
100042fc:	4909      	ldr	r1, [pc, #36]	@ (10004324 <hw_endpoint_init+0xcc>)
100042fe:	468c      	mov	ip, r1
10004300:	4460      	add	r0, ip
10004302:	4903      	ldr	r1, [pc, #12]	@ (10004310 <hw_endpoint_init+0xb8>)
10004304:	005b      	lsls	r3, r3, #1
10004306:	189b      	adds	r3, r3, r2
10004308:	015b      	lsls	r3, r3, #5
1000430a:	18c9      	adds	r1, r1, r3
1000430c:	6048      	str	r0, [r1, #4]
1000430e:	e7d8      	b.n	100042c2 <hw_endpoint_init+0x6a>
10004310:	20001280 	.word	0x20001280
10004314:	50100084 	.word	0x50100084
10004318:	50100100 	.word	0x50100100
1000431c:	50100080 	.word	0x50100080
10004320:	5010000c 	.word	0x5010000c
10004324:	50100008 	.word	0x50100008

10004328 <hw_endpoint_alloc>:
10004328:	b510      	push	{r4, lr}
1000432a:	8b03      	ldrh	r3, [r0, #24]
1000432c:	333f      	adds	r3, #63	@ 0x3f
1000432e:	099b      	lsrs	r3, r3, #6
10004330:	0199      	lsls	r1, r3, #6
10004332:	7ec2      	ldrb	r2, [r0, #27]
10004334:	2a02      	cmp	r2, #2
10004336:	d008      	beq.n	1000434a <hw_endpoint_alloc+0x22>
10004338:	4a08      	ldr	r2, [pc, #32]	@ (1000435c <hw_endpoint_alloc+0x34>)
1000433a:	6813      	ldr	r3, [r2, #0]
1000433c:	60c3      	str	r3, [r0, #12]
1000433e:	185b      	adds	r3, r3, r1
10004340:	6013      	str	r3, [r2, #0]
10004342:	4a07      	ldr	r2, [pc, #28]	@ (10004360 <hw_endpoint_alloc+0x38>)
10004344:	4293      	cmp	r3, r2
10004346:	d802      	bhi.n	1000434e <hw_endpoint_alloc+0x26>
10004348:	bd10      	pop	{r4, pc}
1000434a:	01d9      	lsls	r1, r3, #7
1000434c:	e7f4      	b.n	10004338 <hw_endpoint_alloc+0x10>
1000434e:	4b05      	ldr	r3, [pc, #20]	@ (10004364 <hw_endpoint_alloc+0x3c>)
10004350:	4a05      	ldr	r2, [pc, #20]	@ (10004368 <hw_endpoint_alloc+0x40>)
10004352:	4806      	ldr	r0, [pc, #24]	@ (1000436c <hw_endpoint_alloc+0x44>)
10004354:	2152      	movs	r1, #82	@ 0x52
10004356:	f7ff faa9 	bl	100038ac <__assert_func>
1000435a:	46c0      	nop			@ (mov r8, r8)
1000435c:	20001684 	.word	0x20001684
10004360:	50100fff 	.word	0x50100fff
10004364:	10009208 	.word	0x10009208
10004368:	10009a7c 	.word	0x10009a7c
1000436c:	1000924c 	.word	0x1000924c

10004370 <hw_endpoint_open>:
10004370:	b5f8      	push	{r3, r4, r5, r6, r7, lr}
10004372:	247f      	movs	r4, #127	@ 0x7f
10004374:	4004      	ands	r4, r0
10004376:	09c5      	lsrs	r5, r0, #7
10004378:	0063      	lsls	r3, r4, #1
1000437a:	195b      	adds	r3, r3, r5
1000437c:	015b      	lsls	r3, r3, #5
1000437e:	4e0f      	ldr	r6, [pc, #60]	@ (100043bc <hw_endpoint_open+0x4c>)
10004380:	46b4      	mov	ip, r6
10004382:	4463      	add	r3, ip
10004384:	001e      	movs	r6, r3
10004386:	f7ff ff67 	bl	10004258 <hw_endpoint_init>
1000438a:	2c00      	cmp	r4, #0
1000438c:	d100      	bne.n	10004390 <hw_endpoint_open+0x20>
1000438e:	bdf8      	pop	{r3, r4, r5, r6, r7, pc}
10004390:	4b0a      	ldr	r3, [pc, #40]	@ (100043bc <hw_endpoint_open+0x4c>)
10004392:	0064      	lsls	r4, r4, #1
10004394:	1964      	adds	r4, r4, r5
10004396:	0164      	lsls	r4, r4, #5
10004398:	191c      	adds	r4, r3, r4
1000439a:	8b21      	ldrh	r1, [r4, #24]
1000439c:	0030      	movs	r0, r6
1000439e:	f7ff ffc3 	bl	10004328 <hw_endpoint_alloc>
100043a2:	7ee3      	ldrb	r3, [r4, #27]
100043a4:	069b      	lsls	r3, r3, #26
100043a6:	68e1      	ldr	r1, [r4, #12]
100043a8:	4a05      	ldr	r2, [pc, #20]	@ (100043c0 <hw_endpoint_open+0x50>)
100043aa:	404a      	eors	r2, r1
100043ac:	4313      	orrs	r3, r2
100043ae:	2280      	movs	r2, #128	@ 0x80
100043b0:	0612      	lsls	r2, r2, #24
100043b2:	4313      	orrs	r3, r2
100043b4:	6862      	ldr	r2, [r4, #4]
100043b6:	6013      	str	r3, [r2, #0]
100043b8:	e7e9      	b.n	1000438e <hw_endpoint_open+0x1e>
100043ba:	46c0      	nop			@ (mov r8, r8)
100043bc:	20001280 	.word	0x20001280
100043c0:	50100000 	.word	0x50100000

100043c4 <hw_endpoint_xfer>:
100043c4:	b510      	push	{r4, lr}
100043c6:	0003      	movs	r3, r0
100043c8:	207f      	movs	r0, #127	@ 0x7f
100043ca:	4018      	ands	r0, r3
100043cc:	09db      	lsrs	r3, r3, #7
100043ce:	469c      	mov	ip, r3
100043d0:	0040      	lsls	r0, r0, #1
100043d2:	4460      	add	r0, ip
100043d4:	0140      	lsls	r0, r0, #5
100043d6:	4b02      	ldr	r3, [pc, #8]	@ (100043e0 <hw_endpoint_xfer+0x1c>)
100043d8:	18c0      	adds	r0, r0, r3
100043da:	f000 f92f 	bl	1000463c <hw_endpoint_xfer_start>
100043de:	bd10      	pop	{r4, pc}
100043e0:	20001280 	.word	0x20001280

100043e4 <dcd_int_enable>:
100043e4:	b510      	push	{r4, lr}
100043e6:	2800      	cmp	r0, #0
100043e8:	d104      	bne.n	100043f4 <dcd_int_enable+0x10>
100043ea:	2101      	movs	r1, #1
100043ec:	2005      	movs	r0, #5
100043ee:	f7fc f939 	bl	10000664 <irq_set_enabled>
100043f2:	bd10      	pop	{r4, pc}
100043f4:	4b03      	ldr	r3, [pc, #12]	@ (10004404 <dcd_int_enable+0x20>)
100043f6:	4a04      	ldr	r2, [pc, #16]	@ (10004408 <dcd_int_enable+0x24>)
100043f8:	2198      	movs	r1, #152	@ 0x98
100043fa:	4804      	ldr	r0, [pc, #16]	@ (1000440c <dcd_int_enable+0x28>)
100043fc:	31ff      	adds	r1, #255	@ 0xff
100043fe:	f7ff fa55 	bl	100038ac <__assert_func>
10004402:	46c0      	nop			@ (mov r8, r8)
10004404:	100092d0 	.word	0x100092d0
10004408:	10009a6c 	.word	0x10009a6c
1000440c:	1000924c 	.word	0x1000924c

10004410 <dcd_set_address>:
10004410:	b510      	push	{r4, lr}
10004412:	2800      	cmp	r0, #0
10004414:	d105      	bne.n	10004422 <dcd_set_address+0x12>
10004416:	2200      	movs	r2, #0
10004418:	2100      	movs	r1, #0
1000441a:	2080      	movs	r0, #128	@ 0x80
1000441c:	f7ff ffd2 	bl	100043c4 <hw_endpoint_xfer>
10004420:	bd10      	pop	{r4, pc}
10004422:	4b03      	ldr	r3, [pc, #12]	@ (10004430 <dcd_set_address+0x20>)
10004424:	4a03      	ldr	r2, [pc, #12]	@ (10004434 <dcd_set_address+0x24>)
10004426:	21a2      	movs	r1, #162	@ 0xa2
10004428:	4803      	ldr	r0, [pc, #12]	@ (10004438 <dcd_set_address+0x28>)
1000442a:	31ff      	adds	r1, #255	@ 0xff
1000442c:	f7ff fa3e 	bl	100038ac <__assert_func>
10004430:	100092d0 	.word	0x100092d0
10004434:	10009a5c 	.word	0x10009a5c
10004438:	1000924c 	.word	0x1000924c

1000443c <dcd_connect>:
1000443c:	4b02      	ldr	r3, [pc, #8]	@ (10004448 <dcd_connect+0xc>)
1000443e:	2280      	movs	r2, #128	@ 0x80
10004440:	0252      	lsls	r2, r2, #9
10004442:	64da      	str	r2, [r3, #76]	@ 0x4c
10004444:	4770      	bx	lr
10004446:	46c0      	nop			@ (mov r8, r8)
10004448:	50112000 	.word	0x50112000

1000444c <dcd_init>:
1000444c:	b570      	push	{r4, r5, r6, lr}
1000444e:	1e04      	subs	r4, r0, #0
10004450:	d127      	bne.n	100044a2 <dcd_init+0x56>
10004452:	f000 f8d1 	bl	100045f8 <rp2040_usb_init>
10004456:	4d16      	ldr	r5, [pc, #88]	@ (100044b0 <dcd_init+0x64>)
10004458:	230c      	movs	r3, #12
1000445a:	67ab      	str	r3, [r5, #120]	@ 0x78
1000445c:	4915      	ldr	r1, [pc, #84]	@ (100044b4 <dcd_init+0x68>)
1000445e:	22ff      	movs	r2, #255	@ 0xff
10004460:	2005      	movs	r0, #5
10004462:	f7fc f955 	bl	10000710 <irq_add_shared_handler>
10004466:	4814      	ldr	r0, [pc, #80]	@ (100044b8 <dcd_init+0x6c>)
10004468:	2240      	movs	r2, #64	@ 0x40
1000446a:	2100      	movs	r1, #0
1000446c:	f7fe f918 	bl	100026a0 <__wrap_memset>
10004470:	2200      	movs	r2, #0
10004472:	2140      	movs	r1, #64	@ 0x40
10004474:	2000      	movs	r0, #0
10004476:	f7ff ff7b 	bl	10004370 <hw_endpoint_open>
1000447a:	2200      	movs	r2, #0
1000447c:	2140      	movs	r1, #64	@ 0x40
1000447e:	2080      	movs	r0, #128	@ 0x80
10004480:	f7ff ff76 	bl	10004370 <hw_endpoint_open>
10004484:	f004 f8d0 	bl	10008628 <__reset_non_control_endpoints_veneer>
10004488:	2301      	movs	r3, #1
1000448a:	642b      	str	r3, [r5, #64]	@ 0x40
1000448c:	2380      	movs	r3, #128	@ 0x80
1000448e:	059b      	lsls	r3, r3, #22
10004490:	64eb      	str	r3, [r5, #76]	@ 0x4c
10004492:	2390      	movs	r3, #144	@ 0x90
10004494:	4a09      	ldr	r2, [pc, #36]	@ (100044bc <dcd_init+0x70>)
10004496:	50ea      	str	r2, [r5, r3]
10004498:	0020      	movs	r0, r4
1000449a:	f7ff ffcf 	bl	1000443c <dcd_connect>
1000449e:	2001      	movs	r0, #1
100044a0:	bd70      	pop	{r4, r5, r6, pc}
100044a2:	4b07      	ldr	r3, [pc, #28]	@ (100044c0 <dcd_init+0x74>)
100044a4:	4a07      	ldr	r2, [pc, #28]	@ (100044c4 <dcd_init+0x78>)
100044a6:	2164      	movs	r1, #100	@ 0x64
100044a8:	4807      	ldr	r0, [pc, #28]	@ (100044c8 <dcd_init+0x7c>)
100044aa:	31ff      	adds	r1, #255	@ 0xff
100044ac:	f7ff f9fe 	bl	100038ac <__assert_func>
100044b0:	50110000 	.word	0x50110000
100044b4:	20000489 	.word	0x20000489
100044b8:	20001280 	.word	0x20001280
100044bc:	0001d010 	.word	0x0001d010
100044c0:	100092d0 	.word	0x100092d0
100044c4:	10009a90 	.word	0x10009a90
100044c8:	1000924c 	.word	0x1000924c

100044cc <dcd_sof_enable>:
100044cc:	4b04      	ldr	r3, [pc, #16]	@ (100044e0 <dcd_sof_enable+0x14>)
100044ce:	7019      	strb	r1, [r3, #0]
100044d0:	2900      	cmp	r1, #0
100044d2:	d004      	beq.n	100044de <dcd_sof_enable+0x12>
100044d4:	4a03      	ldr	r2, [pc, #12]	@ (100044e4 <dcd_sof_enable+0x18>)
100044d6:	2390      	movs	r3, #144	@ 0x90
100044d8:	2180      	movs	r1, #128	@ 0x80
100044da:	0289      	lsls	r1, r1, #10
100044dc:	50d1      	str	r1, [r2, r3]
100044de:	4770      	bx	lr
100044e0:	20011ab9 	.word	0x20011ab9
100044e4:	50112000 	.word	0x50112000

100044e8 <dcd_edpt0_status_complete>:
100044e8:	780b      	ldrb	r3, [r1, #0]
100044ea:	06da      	lsls	r2, r3, #27
100044ec:	d105      	bne.n	100044fa <dcd_edpt0_status_complete+0x12>
100044ee:	2260      	movs	r2, #96	@ 0x60
100044f0:	421a      	tst	r2, r3
100044f2:	d102      	bne.n	100044fa <dcd_edpt0_status_complete+0x12>
100044f4:	784b      	ldrb	r3, [r1, #1]
100044f6:	2b05      	cmp	r3, #5
100044f8:	d000      	beq.n	100044fc <dcd_edpt0_status_complete+0x14>
100044fa:	4770      	bx	lr
100044fc:	788a      	ldrb	r2, [r1, #2]
100044fe:	78cb      	ldrb	r3, [r1, #3]
10004500:	021b      	lsls	r3, r3, #8
10004502:	4313      	orrs	r3, r2
10004504:	22ff      	movs	r2, #255	@ 0xff
10004506:	4013      	ands	r3, r2
10004508:	4a01      	ldr	r2, [pc, #4]	@ (10004510 <dcd_edpt0_status_complete+0x28>)
1000450a:	6013      	str	r3, [r2, #0]
1000450c:	e7f5      	b.n	100044fa <dcd_edpt0_status_complete+0x12>
1000450e:	46c0      	nop			@ (mov r8, r8)
10004510:	50110000 	.word	0x50110000

10004514 <dcd_edpt_open>:
10004514:	b510      	push	{r4, lr}
10004516:	78ca      	ldrb	r2, [r1, #3]
10004518:	0792      	lsls	r2, r2, #30
1000451a:	0f92      	lsrs	r2, r2, #30
1000451c:	2a01      	cmp	r2, #1
1000451e:	d00a      	beq.n	10004536 <dcd_edpt_open+0x22>
10004520:	7888      	ldrb	r0, [r1, #2]
10004522:	790b      	ldrb	r3, [r1, #4]
10004524:	7949      	ldrb	r1, [r1, #5]
10004526:	0209      	lsls	r1, r1, #8
10004528:	4319      	orrs	r1, r3
1000452a:	0549      	lsls	r1, r1, #21
1000452c:	0d49      	lsrs	r1, r1, #21
1000452e:	f7ff ff1f 	bl	10004370 <hw_endpoint_open>
10004532:	2001      	movs	r0, #1
10004534:	bd10      	pop	{r4, pc}
10004536:	2000      	movs	r0, #0
10004538:	e7fc      	b.n	10004534 <dcd_edpt_open+0x20>

1000453a <dcd_edpt_close_all>:
1000453a:	b510      	push	{r4, lr}
1000453c:	f004 f874 	bl	10008628 <__reset_non_control_endpoints_veneer>
10004540:	bd10      	pop	{r4, pc}
	...

10004544 <dcd_edpt_xfer>:
10004544:	b510      	push	{r4, lr}
10004546:	4684      	mov	ip, r0
10004548:	0008      	movs	r0, r1
1000454a:	0011      	movs	r1, r2
1000454c:	001a      	movs	r2, r3
1000454e:	4663      	mov	r3, ip
10004550:	2b00      	cmp	r3, #0
10004552:	d103      	bne.n	1000455c <dcd_edpt_xfer+0x18>
10004554:	f7ff ff36 	bl	100043c4 <hw_endpoint_xfer>
10004558:	2001      	movs	r0, #1
1000455a:	bd10      	pop	{r4, pc}
1000455c:	4b03      	ldr	r3, [pc, #12]	@ (1000456c <dcd_edpt_xfer+0x28>)
1000455e:	4a04      	ldr	r2, [pc, #16]	@ (10004570 <dcd_edpt_xfer+0x2c>)
10004560:	2181      	movs	r1, #129	@ 0x81
10004562:	4804      	ldr	r0, [pc, #16]	@ (10004574 <dcd_edpt_xfer+0x30>)
10004564:	0089      	lsls	r1, r1, #2
10004566:	f7ff f9a1 	bl	100038ac <__assert_func>
1000456a:	46c0      	nop			@ (mov r8, r8)
1000456c:	100092d0 	.word	0x100092d0
10004570:	10009a4c 	.word	0x10009a4c
10004574:	1000924c 	.word	0x1000924c

10004578 <dcd_edpt_stall>:
10004578:	b510      	push	{r4, lr}
1000457a:	237f      	movs	r3, #127	@ 0x7f
1000457c:	0018      	movs	r0, r3
1000457e:	4008      	ands	r0, r1
10004580:	420b      	tst	r3, r1
10004582:	d105      	bne.n	10004590 <dcd_edpt_stall+0x18>
10004584:	09cb      	lsrs	r3, r1, #7
10004586:	2b01      	cmp	r3, #1
10004588:	d00e      	beq.n	100045a8 <dcd_edpt_stall+0x30>
1000458a:	2202      	movs	r2, #2
1000458c:	4b07      	ldr	r3, [pc, #28]	@ (100045ac <dcd_edpt_stall+0x34>)
1000458e:	669a      	str	r2, [r3, #104]	@ 0x68
10004590:	09c9      	lsrs	r1, r1, #7
10004592:	0040      	lsls	r0, r0, #1
10004594:	1840      	adds	r0, r0, r1
10004596:	0140      	lsls	r0, r0, #5
10004598:	4b05      	ldr	r3, [pc, #20]	@ (100045b0 <dcd_edpt_stall+0x38>)
1000459a:	18c0      	adds	r0, r0, r3
1000459c:	2280      	movs	r2, #128	@ 0x80
1000459e:	0112      	lsls	r2, r2, #4
100045a0:	2100      	movs	r1, #0
100045a2:	f004 f829 	bl	100085f8 <___hw_endpoint_buffer_control_update32_veneer>
100045a6:	bd10      	pop	{r4, pc}
100045a8:	2201      	movs	r2, #1
100045aa:	e7ef      	b.n	1000458c <dcd_edpt_stall+0x14>
100045ac:	50112000 	.word	0x50112000
100045b0:	20001280 	.word	0x20001280

100045b4 <dcd_edpt_clear_stall>:
100045b4:	b510      	push	{r4, lr}
100045b6:	227f      	movs	r2, #127	@ 0x7f
100045b8:	0010      	movs	r0, r2
100045ba:	4008      	ands	r0, r1
100045bc:	420a      	tst	r2, r1
100045be:	d100      	bne.n	100045c2 <dcd_edpt_clear_stall+0xe>
100045c0:	bd10      	pop	{r4, pc}
100045c2:	09c9      	lsrs	r1, r1, #7
100045c4:	0040      	lsls	r0, r0, #1
100045c6:	1840      	adds	r0, r0, r1
100045c8:	0140      	lsls	r0, r0, #5
100045ca:	4b04      	ldr	r3, [pc, #16]	@ (100045dc <dcd_edpt_clear_stall+0x28>)
100045cc:	18c0      	adds	r0, r0, r3
100045ce:	2300      	movs	r3, #0
100045d0:	70c3      	strb	r3, [r0, #3]
100045d2:	2200      	movs	r2, #0
100045d4:	4902      	ldr	r1, [pc, #8]	@ (100045e0 <dcd_edpt_clear_stall+0x2c>)
100045d6:	f004 f80f 	bl	100085f8 <___hw_endpoint_buffer_control_update32_veneer>
100045da:	e7f1      	b.n	100045c0 <dcd_edpt_clear_stall+0xc>
100045dc:	20001280 	.word	0x20001280
100045e0:	fffff7ff 	.word	0xfffff7ff

100045e4 <unaligned_memcpy>:
100045e4:	e004      	b.n	100045f0 <unaligned_memcpy+0xc>
100045e6:	780a      	ldrb	r2, [r1, #0]
100045e8:	7002      	strb	r2, [r0, #0]
100045ea:	3101      	adds	r1, #1
100045ec:	3001      	adds	r0, #1
100045ee:	001a      	movs	r2, r3
100045f0:	1e53      	subs	r3, r2, #1
100045f2:	2a00      	cmp	r2, #0
100045f4:	d1f7      	bne.n	100045e6 <unaligned_memcpy+0x2>
100045f6:	4770      	bx	lr

100045f8 <rp2040_usb_init>:
100045f8:	b510      	push	{r4, lr}
100045fa:	2380      	movs	r3, #128	@ 0x80
100045fc:	045b      	lsls	r3, r3, #17
100045fe:	4a0a      	ldr	r2, [pc, #40]	@ (10004628 <rp2040_usb_init+0x30>)
10004600:	6013      	str	r3, [r2, #0]
10004602:	4a0a      	ldr	r2, [pc, #40]	@ (1000462c <rp2040_usb_init+0x34>)
10004604:	6013      	str	r3, [r2, #0]
10004606:	4b0a      	ldr	r3, [pc, #40]	@ (10004630 <rp2040_usb_init+0x38>)
10004608:	681a      	ldr	r2, [r3, #0]
1000460a:	2380      	movs	r3, #128	@ 0x80
1000460c:	045b      	lsls	r3, r3, #17
1000460e:	4393      	bics	r3, r2
10004610:	d1f9      	bne.n	10004606 <rp2040_usb_init+0xe>
10004612:	2280      	movs	r2, #128	@ 0x80
10004614:	0152      	lsls	r2, r2, #5
10004616:	2100      	movs	r1, #0
10004618:	4806      	ldr	r0, [pc, #24]	@ (10004634 <rp2040_usb_init+0x3c>)
1000461a:	f7fe f841 	bl	100026a0 <__wrap_memset>
1000461e:	4b06      	ldr	r3, [pc, #24]	@ (10004638 <rp2040_usb_init+0x40>)
10004620:	2209      	movs	r2, #9
10004622:	675a      	str	r2, [r3, #116]	@ 0x74
10004624:	bd10      	pop	{r4, pc}
10004626:	46c0      	nop			@ (mov r8, r8)
10004628:	4000e000 	.word	0x4000e000
1000462c:	4000f000 	.word	0x4000f000
10004630:	4000c008 	.word	0x4000c008
10004634:	50100000 	.word	0x50100000
10004638:	50110000 	.word	0x50110000

1000463c <hw_endpoint_xfer_start>:
1000463c:	b570      	push	{r4, r5, r6, lr}
1000463e:	0004      	movs	r4, r0
10004640:	000d      	movs	r5, r1
10004642:	0016      	movs	r6, r2
10004644:	7e83      	ldrb	r3, [r0, #26]
10004646:	2b00      	cmp	r3, #0
10004648:	d117      	bne.n	1000467a <hw_endpoint_xfer_start+0x3e>
1000464a:	82a6      	strh	r6, [r4, #20]
1000464c:	2300      	movs	r3, #0
1000464e:	82e3      	strh	r3, [r4, #22]
10004650:	3301      	adds	r3, #1
10004652:	76a3      	strb	r3, [r4, #26]
10004654:	6125      	str	r5, [r4, #16]
10004656:	0020      	movs	r0, r4
10004658:	f003 ffee 	bl	10008638 <__e15_is_bulkin_ep_veneer>
1000465c:	2800      	cmp	r0, #0
1000465e:	d004      	beq.n	1000466a <hw_endpoint_xfer_start+0x2e>
10004660:	4a0c      	ldr	r2, [pc, #48]	@ (10004694 <hw_endpoint_xfer_start+0x58>)
10004662:	2390      	movs	r3, #144	@ 0x90
10004664:	2180      	movs	r1, #128	@ 0x80
10004666:	0289      	lsls	r1, r1, #10
10004668:	50d1      	str	r1, [r2, r3]
1000466a:	0020      	movs	r0, r4
1000466c:	f003 fff4 	bl	10008658 <__e15_is_critical_frame_period_veneer>
10004670:	2800      	cmp	r0, #0
10004672:	d00a      	beq.n	1000468a <hw_endpoint_xfer_start+0x4e>
10004674:	2301      	movs	r3, #1
10004676:	7723      	strb	r3, [r4, #28]
10004678:	bd70      	pop	{r4, r5, r6, pc}
1000467a:	7881      	ldrb	r1, [r0, #2]
1000467c:	4806      	ldr	r0, [pc, #24]	@ (10004698 <hw_endpoint_xfer_start+0x5c>)
1000467e:	f7ff fa81 	bl	10003b84 <__wrap_printf>
10004682:	0020      	movs	r0, r4
10004684:	f003 ffc0 	bl	10008608 <__hw_endpoint_reset_transfer_veneer>
10004688:	e7df      	b.n	1000464a <hw_endpoint_xfer_start+0xe>
1000468a:	0020      	movs	r0, r4
1000468c:	f004 f80c 	bl	100086a8 <__hw_endpoint_start_next_buffer_veneer>
10004690:	e7f2      	b.n	10004678 <hw_endpoint_xfer_start+0x3c>
10004692:	46c0      	nop			@ (mov r8, r8)
10004694:	50112000 	.word	0x50112000
10004698:	100093d4 	.word	0x100093d4

1000469c <configuration_reset>:
1000469c:	b570      	push	{r4, r5, r6, lr}
1000469e:	0005      	movs	r5, r0
100046a0:	2400      	movs	r4, #0
100046a2:	e008      	b.n	100046b6 <configuration_reset+0x1a>
100046a4:	1ae3      	subs	r3, r4, r3
100046a6:	015b      	lsls	r3, r3, #5
100046a8:	4a14      	ldr	r2, [pc, #80]	@ (100046fc <configuration_reset+0x60>)
100046aa:	189b      	adds	r3, r3, r2
100046ac:	68db      	ldr	r3, [r3, #12]
100046ae:	0028      	movs	r0, r5
100046b0:	4798      	blx	r3
100046b2:	3401      	adds	r4, #1
100046b4:	b2e4      	uxtb	r4, r4
100046b6:	4b12      	ldr	r3, [pc, #72]	@ (10004700 <configuration_reset+0x64>)
100046b8:	781b      	ldrb	r3, [r3, #0]
100046ba:	42a3      	cmp	r3, r4
100046bc:	d30c      	bcc.n	100046d8 <configuration_reset+0x3c>
100046be:	d9f1      	bls.n	100046a4 <configuration_reset+0x8>
100046c0:	4b10      	ldr	r3, [pc, #64]	@ (10004704 <configuration_reset+0x68>)
100046c2:	681b      	ldr	r3, [r3, #0]
100046c4:	0162      	lsls	r2, r4, #5
100046c6:	189b      	adds	r3, r3, r2
100046c8:	2b00      	cmp	r3, #0
100046ca:	d1ef      	bne.n	100046ac <configuration_reset+0x10>
100046cc:	490e      	ldr	r1, [pc, #56]	@ (10004708 <configuration_reset+0x6c>)
100046ce:	480f      	ldr	r0, [pc, #60]	@ (1000470c <configuration_reset+0x70>)
100046d0:	4a0f      	ldr	r2, [pc, #60]	@ (10004710 <configuration_reset+0x74>)
100046d2:	f7ff fa57 	bl	10003b84 <__wrap_printf>
100046d6:	e010      	b.n	100046fa <configuration_reset+0x5e>
100046d8:	4c0e      	ldr	r4, [pc, #56]	@ (10004714 <configuration_reset+0x78>)
100046da:	2254      	movs	r2, #84	@ 0x54
100046dc:	2100      	movs	r1, #0
100046de:	0020      	movs	r0, r4
100046e0:	f7fd ffde 	bl	100026a0 <__wrap_memset>
100046e4:	1d20      	adds	r0, r4, #4
100046e6:	2210      	movs	r2, #16
100046e8:	21ff      	movs	r1, #255	@ 0xff
100046ea:	f7fd ffd9 	bl	100026a0 <__wrap_memset>
100046ee:	0020      	movs	r0, r4
100046f0:	3014      	adds	r0, #20
100046f2:	2220      	movs	r2, #32
100046f4:	21ff      	movs	r1, #255	@ 0xff
100046f6:	f7fd ffd3 	bl	100026a0 <__wrap_memset>
100046fa:	bd70      	pop	{r4, r5, r6, pc}
100046fc:	10009b64 	.word	0x10009b64
10004700:	20011ab8 	.word	0x20011ab8
10004704:	20000e48 	.word	0x20000e48
10004708:	10009b30 	.word	0x10009b30
1000470c:	1000940c 	.word	0x1000940c
10004710:	00000225 	.word	0x00000225
10004714:	20000ff8 	.word	0x20000ff8

10004718 <usbd_reset>:
10004718:	b510      	push	{r4, lr}
1000471a:	f7ff ffbf 	bl	1000469c <configuration_reset>
1000471e:	f000 fe97 	bl	10005450 <usbd_control_reset>
10004722:	bd10      	pop	{r4, pc}

10004724 <invoke_class_control>:
10004724:	b570      	push	{r4, r5, r6, lr}
10004726:	0006      	movs	r6, r0
10004728:	000c      	movs	r4, r1
1000472a:	0015      	movs	r5, r2
1000472c:	6948      	ldr	r0, [r1, #20]
1000472e:	f000 fe99 	bl	10005464 <usbd_control_set_complete_callback>
10004732:	6963      	ldr	r3, [r4, #20]
10004734:	002a      	movs	r2, r5
10004736:	2101      	movs	r1, #1
10004738:	0030      	movs	r0, r6
1000473a:	4798      	blx	r3
1000473c:	bd70      	pop	{r4, r5, r6, pc}
	...

10004740 <process_set_config>:
10004740:	b5f0      	push	{r4, r5, r6, r7, lr}
10004742:	46de      	mov	lr, fp
10004744:	4657      	mov	r7, sl
10004746:	464e      	mov	r6, r9
10004748:	4645      	mov	r5, r8
1000474a:	b5e0      	push	{r5, r6, r7, lr}
1000474c:	b083      	sub	sp, #12
1000474e:	4681      	mov	r9, r0
10004750:	3901      	subs	r1, #1
10004752:	b2c8      	uxtb	r0, r1
10004754:	f7ff fc60 	bl	10004018 <tud_descriptor_configuration_cb>
10004758:	2800      	cmp	r0, #0
1000475a:	d003      	beq.n	10004764 <process_set_config+0x24>
1000475c:	7843      	ldrb	r3, [r0, #1]
1000475e:	469b      	mov	fp, r3
10004760:	2b02      	cmp	r3, #2
10004762:	d00c      	beq.n	1000477e <process_set_config+0x3e>
10004764:	494e      	ldr	r1, [pc, #312]	@ (100048a0 <process_set_config+0x160>)
10004766:	484f      	ldr	r0, [pc, #316]	@ (100048a4 <process_set_config+0x164>)
10004768:	4a4f      	ldr	r2, [pc, #316]	@ (100048a8 <process_set_config+0x168>)
1000476a:	f7ff fa0b 	bl	10003b84 <__wrap_printf>
1000476e:	2000      	movs	r0, #0
10004770:	b003      	add	sp, #12
10004772:	bcf0      	pop	{r4, r5, r6, r7}
10004774:	46bb      	mov	fp, r7
10004776:	46b2      	mov	sl, r6
10004778:	46a9      	mov	r9, r5
1000477a:	46a0      	mov	r8, r4
1000477c:	bdf0      	pop	{r4, r5, r6, r7, pc}
1000477e:	79c5      	ldrb	r5, [r0, #7]
10004780:	116c      	asrs	r4, r5, #5
10004782:	2201      	movs	r2, #1
10004784:	4b49      	ldr	r3, [pc, #292]	@ (100048ac <process_set_config+0x16c>)
10004786:	4014      	ands	r4, r2
10004788:	0124      	lsls	r4, r4, #4
1000478a:	7819      	ldrb	r1, [r3, #0]
1000478c:	2610      	movs	r6, #16
1000478e:	43b1      	bics	r1, r6
10004790:	4321      	orrs	r1, r4
10004792:	7019      	strb	r1, [r3, #0]
10004794:	11ad      	asrs	r5, r5, #6
10004796:	402a      	ands	r2, r5
10004798:	0152      	lsls	r2, r2, #5
1000479a:	b2c9      	uxtb	r1, r1
1000479c:	2420      	movs	r4, #32
1000479e:	43a1      	bics	r1, r4
100047a0:	430a      	orrs	r2, r1
100047a2:	701a      	strb	r2, [r3, #0]
100047a4:	0006      	movs	r6, r0
100047a6:	3609      	adds	r6, #9
100047a8:	7882      	ldrb	r2, [r0, #2]
100047aa:	78c3      	ldrb	r3, [r0, #3]
100047ac:	021b      	lsls	r3, r3, #8
100047ae:	4313      	orrs	r3, r2
100047b0:	18c3      	adds	r3, r0, r3
100047b2:	469a      	mov	sl, r3
100047b4:	e05b      	b.n	1000486e <process_set_config+0x12e>
100047b6:	78f3      	ldrb	r3, [r6, #3]
100047b8:	4698      	mov	r8, r3
100047ba:	7833      	ldrb	r3, [r6, #0]
100047bc:	18f6      	adds	r6, r6, r3
100047be:	e05d      	b.n	1000487c <process_set_config+0x13c>
100047c0:	4937      	ldr	r1, [pc, #220]	@ (100048a0 <process_set_config+0x160>)
100047c2:	4838      	ldr	r0, [pc, #224]	@ (100048a4 <process_set_config+0x164>)
100047c4:	4a3a      	ldr	r2, [pc, #232]	@ (100048b0 <process_set_config+0x170>)
100047c6:	f7ff f9dd 	bl	10003b84 <__wrap_printf>
100047ca:	2000      	movs	r0, #0
100047cc:	e7d0      	b.n	10004770 <process_set_config+0x30>
100047ce:	1b2c      	subs	r4, r5, r4
100047d0:	0164      	lsls	r4, r4, #5
100047d2:	4b38      	ldr	r3, [pc, #224]	@ (100048b4 <process_set_config+0x174>)
100047d4:	18e4      	adds	r4, r4, r3
100047d6:	6923      	ldr	r3, [r4, #16]
100047d8:	003a      	movs	r2, r7
100047da:	0031      	movs	r1, r6
100047dc:	4648      	mov	r0, r9
100047de:	4798      	blx	r3
100047e0:	9001      	str	r0, [sp, #4]
100047e2:	2808      	cmp	r0, #8
100047e4:	d901      	bls.n	100047ea <process_set_config+0xaa>
100047e6:	4287      	cmp	r7, r0
100047e8:	d213      	bcs.n	10004812 <process_set_config+0xd2>
100047ea:	3501      	adds	r5, #1
100047ec:	b2ed      	uxtb	r5, r5
100047ee:	4b32      	ldr	r3, [pc, #200]	@ (100048b8 <process_set_config+0x178>)
100047f0:	781c      	ldrb	r4, [r3, #0]
100047f2:	42ac      	cmp	r4, r5
100047f4:	d337      	bcc.n	10004866 <process_set_config+0x126>
100047f6:	d9ea      	bls.n	100047ce <process_set_config+0x8e>
100047f8:	4b30      	ldr	r3, [pc, #192]	@ (100048bc <process_set_config+0x17c>)
100047fa:	681c      	ldr	r4, [r3, #0]
100047fc:	016b      	lsls	r3, r5, #5
100047fe:	18e4      	adds	r4, r4, r3
10004800:	2c00      	cmp	r4, #0
10004802:	d1e8      	bne.n	100047d6 <process_set_config+0x96>
10004804:	4926      	ldr	r1, [pc, #152]	@ (100048a0 <process_set_config+0x160>)
10004806:	4827      	ldr	r0, [pc, #156]	@ (100048a4 <process_set_config+0x164>)
10004808:	4a2d      	ldr	r2, [pc, #180]	@ (100048c0 <process_set_config+0x180>)
1000480a:	f7ff f9bb 	bl	10003b84 <__wrap_printf>
1000480e:	2000      	movs	r0, #0
10004810:	e7ae      	b.n	10004770 <process_set_config+0x30>
10004812:	4643      	mov	r3, r8
10004814:	2b01      	cmp	r3, #1
10004816:	d010      	beq.n	1000483a <process_set_config+0xfa>
10004818:	2200      	movs	r2, #0
1000481a:	4590      	cmp	r8, r2
1000481c:	d91a      	bls.n	10004854 <process_set_config+0x114>
1000481e:	78b3      	ldrb	r3, [r6, #2]
10004820:	189b      	adds	r3, r3, r2
10004822:	b2db      	uxtb	r3, r3
10004824:	4921      	ldr	r1, [pc, #132]	@ (100048ac <process_set_config+0x16c>)
10004826:	18c9      	adds	r1, r1, r3
10004828:	7909      	ldrb	r1, [r1, #4]
1000482a:	29ff      	cmp	r1, #255	@ 0xff
1000482c:	d10b      	bne.n	10004846 <process_set_config+0x106>
1000482e:	491f      	ldr	r1, [pc, #124]	@ (100048ac <process_set_config+0x16c>)
10004830:	18cb      	adds	r3, r1, r3
10004832:	711d      	strb	r5, [r3, #4]
10004834:	3201      	adds	r2, #1
10004836:	b2d2      	uxtb	r2, r2
10004838:	e7ef      	b.n	1000481a <process_set_config+0xda>
1000483a:	6922      	ldr	r2, [r4, #16]
1000483c:	4b21      	ldr	r3, [pc, #132]	@ (100048c4 <process_set_config+0x184>)
1000483e:	429a      	cmp	r2, r3
10004840:	d1ea      	bne.n	10004818 <process_set_config+0xd8>
10004842:	46d8      	mov	r8, fp
10004844:	e7e8      	b.n	10004818 <process_set_config+0xd8>
10004846:	4916      	ldr	r1, [pc, #88]	@ (100048a0 <process_set_config+0x160>)
10004848:	4816      	ldr	r0, [pc, #88]	@ (100048a4 <process_set_config+0x164>)
1000484a:	4a1f      	ldr	r2, [pc, #124]	@ (100048c8 <process_set_config+0x188>)
1000484c:	f7ff f99a 	bl	10003b84 <__wrap_printf>
10004850:	2000      	movs	r0, #0
10004852:	e78d      	b.n	10004770 <process_set_config+0x30>
10004854:	481d      	ldr	r0, [pc, #116]	@ (100048cc <process_set_config+0x18c>)
10004856:	002b      	movs	r3, r5
10004858:	9c01      	ldr	r4, [sp, #4]
1000485a:	0022      	movs	r2, r4
1000485c:	0031      	movs	r1, r6
1000485e:	f001 faf9 	bl	10005e54 <tu_edpt_bind_driver>
10004862:	46a4      	mov	ip, r4
10004864:	4466      	add	r6, ip
10004866:	4b14      	ldr	r3, [pc, #80]	@ (100048b8 <process_set_config+0x178>)
10004868:	781b      	ldrb	r3, [r3, #0]
1000486a:	42ab      	cmp	r3, r5
1000486c:	d30e      	bcc.n	1000488c <process_set_config+0x14c>
1000486e:	4556      	cmp	r6, sl
10004870:	d214      	bcs.n	1000489c <process_set_config+0x15c>
10004872:	7873      	ldrb	r3, [r6, #1]
10004874:	2b0b      	cmp	r3, #11
10004876:	d09e      	beq.n	100047b6 <process_set_config+0x76>
10004878:	2301      	movs	r3, #1
1000487a:	4698      	mov	r8, r3
1000487c:	7873      	ldrb	r3, [r6, #1]
1000487e:	2b04      	cmp	r3, #4
10004880:	d19e      	bne.n	100047c0 <process_set_config+0x80>
10004882:	4653      	mov	r3, sl
10004884:	1b9f      	subs	r7, r3, r6
10004886:	b2bf      	uxth	r7, r7
10004888:	2500      	movs	r5, #0
1000488a:	e7b0      	b.n	100047ee <process_set_config+0xae>
1000488c:	2285      	movs	r2, #133	@ 0x85
1000488e:	4904      	ldr	r1, [pc, #16]	@ (100048a0 <process_set_config+0x160>)
10004890:	4804      	ldr	r0, [pc, #16]	@ (100048a4 <process_set_config+0x164>)
10004892:	00d2      	lsls	r2, r2, #3
10004894:	f7ff f976 	bl	10003b84 <__wrap_printf>
10004898:	2000      	movs	r0, #0
1000489a:	e769      	b.n	10004770 <process_set_config+0x30>
1000489c:	2001      	movs	r0, #1
1000489e:	e767      	b.n	10004770 <process_set_config+0x30>
100048a0:	10009b04 	.word	0x10009b04
100048a4:	1000940c 	.word	0x1000940c
100048a8:	000003d6 	.word	0x000003d6
100048ac:	20000ff8 	.word	0x20000ff8
100048b0:	000003f1 	.word	0x000003f1
100048b4:	10009b64 	.word	0x10009b64
100048b8:	20011ab8 	.word	0x20011ab8
100048bc:	20000e48 	.word	0x20000e48
100048c0:	000003fa 	.word	0x000003fa
100048c4:	100058fd 	.word	0x100058fd
100048c8:	00000419 	.word	0x00000419
100048cc:	2000100c 	.word	0x2000100c

100048d0 <tud_event_hook_cb>:
100048d0:	4770      	bx	lr

100048d2 <tud_sof_cb>:
100048d2:	4770      	bx	lr

100048d4 <tud_descriptor_device_qualifier_cb>:
100048d4:	2000      	movs	r0, #0
100048d6:	4770      	bx	lr

100048d8 <tud_descriptor_other_speed_configuration_cb>:
100048d8:	2000      	movs	r0, #0
100048da:	4770      	bx	lr

100048dc <process_get_descriptor>:
100048dc:	b570      	push	{r4, r5, r6, lr}
100048de:	0005      	movs	r5, r0
100048e0:	000c      	movs	r4, r1
100048e2:	7888      	ldrb	r0, [r1, #2]
100048e4:	78cb      	ldrb	r3, [r1, #3]
100048e6:	021b      	lsls	r3, r3, #8
100048e8:	0a1a      	lsrs	r2, r3, #8
100048ea:	0013      	movs	r3, r2
100048ec:	2a06      	cmp	r2, #6
100048ee:	d054      	beq.n	1000499a <process_get_descriptor+0xbe>
100048f0:	d811      	bhi.n	10004916 <process_get_descriptor+0x3a>
100048f2:	2a02      	cmp	r2, #2
100048f4:	d029      	beq.n	1000494a <process_get_descriptor+0x6e>
100048f6:	2a03      	cmp	r2, #3
100048f8:	d041      	beq.n	1000497e <process_get_descriptor+0xa2>
100048fa:	2a01      	cmp	r2, #1
100048fc:	d109      	bne.n	10004912 <process_get_descriptor+0x36>
100048fe:	f7ff fb87 	bl	10004010 <tud_descriptor_device_cb>
10004902:	1e02      	subs	r2, r0, #0
10004904:	d01a      	beq.n	1000493c <process_get_descriptor+0x60>
10004906:	2312      	movs	r3, #18
10004908:	0021      	movs	r1, r4
1000490a:	0028      	movs	r0, r5
1000490c:	f000 fd54 	bl	100053b8 <tud_control_xfer>
10004910:	e029      	b.n	10004966 <process_get_descriptor+0x8a>
10004912:	2000      	movs	r0, #0
10004914:	e027      	b.n	10004966 <process_get_descriptor+0x8a>
10004916:	2a07      	cmp	r2, #7
10004918:	d017      	beq.n	1000494a <process_get_descriptor+0x6e>
1000491a:	2a0f      	cmp	r2, #15
1000491c:	d10c      	bne.n	10004938 <process_get_descriptor+0x5c>
1000491e:	f7ff fc5d 	bl	100041dc <tud_descriptor_bos_cb>
10004922:	1e02      	subs	r2, r0, #0
10004924:	d043      	beq.n	100049ae <process_get_descriptor+0xd2>
10004926:	7881      	ldrb	r1, [r0, #2]
10004928:	78c3      	ldrb	r3, [r0, #3]
1000492a:	021b      	lsls	r3, r3, #8
1000492c:	430b      	orrs	r3, r1
1000492e:	0021      	movs	r1, r4
10004930:	0028      	movs	r0, r5
10004932:	f000 fd41 	bl	100053b8 <tud_control_xfer>
10004936:	e016      	b.n	10004966 <process_get_descriptor+0x8a>
10004938:	2000      	movs	r0, #0
1000493a:	e014      	b.n	10004966 <process_get_descriptor+0x8a>
1000493c:	4920      	ldr	r1, [pc, #128]	@ (100049c0 <process_get_descriptor+0xe4>)
1000493e:	4821      	ldr	r0, [pc, #132]	@ (100049c4 <process_get_descriptor+0xe8>)
10004940:	4a21      	ldr	r2, [pc, #132]	@ (100049c8 <process_get_descriptor+0xec>)
10004942:	f7ff f91f 	bl	10003b84 <__wrap_printf>
10004946:	2000      	movs	r0, #0
10004948:	e00d      	b.n	10004966 <process_get_descriptor+0x8a>
1000494a:	2b02      	cmp	r3, #2
1000494c:	d00c      	beq.n	10004968 <process_get_descriptor+0x8c>
1000494e:	f7ff ffc3 	bl	100048d8 <tud_descriptor_other_speed_configuration_cb>
10004952:	1e02      	subs	r2, r0, #0
10004954:	d02d      	beq.n	100049b2 <process_get_descriptor+0xd6>
10004956:	7891      	ldrb	r1, [r2, #2]
10004958:	78d3      	ldrb	r3, [r2, #3]
1000495a:	021b      	lsls	r3, r3, #8
1000495c:	430b      	orrs	r3, r1
1000495e:	0021      	movs	r1, r4
10004960:	0028      	movs	r0, r5
10004962:	f000 fd29 	bl	100053b8 <tud_control_xfer>
10004966:	bd70      	pop	{r4, r5, r6, pc}
10004968:	f7ff fb56 	bl	10004018 <tud_descriptor_configuration_cb>
1000496c:	1e02      	subs	r2, r0, #0
1000496e:	d1f2      	bne.n	10004956 <process_get_descriptor+0x7a>
10004970:	4913      	ldr	r1, [pc, #76]	@ (100049c0 <process_get_descriptor+0xe4>)
10004972:	4814      	ldr	r0, [pc, #80]	@ (100049c4 <process_get_descriptor+0xe8>)
10004974:	4a15      	ldr	r2, [pc, #84]	@ (100049cc <process_get_descriptor+0xf0>)
10004976:	f7ff f905 	bl	10003b84 <__wrap_printf>
1000497a:	2000      	movs	r0, #0
1000497c:	e7f3      	b.n	10004966 <process_get_descriptor+0x8a>
1000497e:	790b      	ldrb	r3, [r1, #4]
10004980:	7949      	ldrb	r1, [r1, #5]
10004982:	0209      	lsls	r1, r1, #8
10004984:	4319      	orrs	r1, r3
10004986:	f7ff fb4b 	bl	10004020 <tud_descriptor_string_cb>
1000498a:	1e02      	subs	r2, r0, #0
1000498c:	d013      	beq.n	100049b6 <process_get_descriptor+0xda>
1000498e:	7803      	ldrb	r3, [r0, #0]
10004990:	0021      	movs	r1, r4
10004992:	0028      	movs	r0, r5
10004994:	f000 fd10 	bl	100053b8 <tud_control_xfer>
10004998:	e7e5      	b.n	10004966 <process_get_descriptor+0x8a>
1000499a:	f7ff ff9b 	bl	100048d4 <tud_descriptor_device_qualifier_cb>
1000499e:	1e02      	subs	r2, r0, #0
100049a0:	d00b      	beq.n	100049ba <process_get_descriptor+0xde>
100049a2:	7803      	ldrb	r3, [r0, #0]
100049a4:	0021      	movs	r1, r4
100049a6:	0028      	movs	r0, r5
100049a8:	f000 fd06 	bl	100053b8 <tud_control_xfer>
100049ac:	e7db      	b.n	10004966 <process_get_descriptor+0x8a>
100049ae:	2000      	movs	r0, #0
100049b0:	e7d9      	b.n	10004966 <process_get_descriptor+0x8a>
100049b2:	2000      	movs	r0, #0
100049b4:	e7d7      	b.n	10004966 <process_get_descriptor+0x8a>
100049b6:	2000      	movs	r0, #0
100049b8:	e7d5      	b.n	10004966 <process_get_descriptor+0x8a>
100049ba:	2000      	movs	r0, #0
100049bc:	e7d3      	b.n	10004966 <process_get_descriptor+0x8a>
100049be:	46c0      	nop			@ (mov r8, r8)
100049c0:	10009aec 	.word	0x10009aec
100049c4:	1000940c 	.word	0x1000940c
100049c8:	0000043a 	.word	0x0000043a
100049cc:	00000461 	.word	0x00000461

100049d0 <tud_mount_cb>:
100049d0:	4770      	bx	lr

100049d2 <tud_umount_cb>:
100049d2:	4770      	bx	lr

100049d4 <tud_suspend_cb>:
100049d4:	4770      	bx	lr

100049d6 <tud_resume_cb>:
100049d6:	4770      	bx	lr

100049d8 <tud_mounted>:
100049d8:	4b02      	ldr	r3, [pc, #8]	@ (100049e4 <tud_mounted+0xc>)
100049da:	7858      	ldrb	r0, [r3, #1]
100049dc:	1e43      	subs	r3, r0, #1
100049de:	4198      	sbcs	r0, r3
100049e0:	b2c0      	uxtb	r0, r0
100049e2:	4770      	bx	lr
100049e4:	20000ff8 	.word	0x20000ff8

100049e8 <tud_suspended>:
100049e8:	4b02      	ldr	r3, [pc, #8]	@ (100049f4 <tud_suspended+0xc>)
100049ea:	7818      	ldrb	r0, [r3, #0]
100049ec:	0740      	lsls	r0, r0, #29
100049ee:	0fc0      	lsrs	r0, r0, #31
100049f0:	4770      	bx	lr
100049f2:	46c0      	nop			@ (mov r8, r8)
100049f4:	20000ff8 	.word	0x20000ff8

100049f8 <tud_inited>:
100049f8:	4b03      	ldr	r3, [pc, #12]	@ (10004a08 <tud_inited+0x10>)
100049fa:	7818      	ldrb	r0, [r3, #0]
100049fc:	38ff      	subs	r0, #255	@ 0xff
100049fe:	1e43      	subs	r3, r0, #1
10004a00:	4198      	sbcs	r0, r3
10004a02:	b2c0      	uxtb	r0, r0
10004a04:	4770      	bx	lr
10004a06:	46c0      	nop			@ (mov r8, r8)
10004a08:	20000ca4 	.word	0x20000ca4

10004a0c <tud_rhport_init>:
10004a0c:	b5f8      	push	{r3, r4, r5, r6, r7, lr}
10004a0e:	0006      	movs	r6, r0
10004a10:	000c      	movs	r4, r1
10004a12:	000f      	movs	r7, r1
10004a14:	f7ff fff0 	bl	100049f8 <tud_inited>
10004a18:	1e05      	subs	r5, r0, #0
10004a1a:	d145      	bne.n	10004aa8 <tud_rhport_init+0x9c>
10004a1c:	2c00      	cmp	r4, #0
10004a1e:	d021      	beq.n	10004a64 <tud_rhport_init+0x58>
10004a20:	482c      	ldr	r0, [pc, #176]	@ (10004ad4 <tud_rhport_init+0xc8>)
10004a22:	2254      	movs	r2, #84	@ 0x54
10004a24:	2100      	movs	r1, #0
10004a26:	f7fd fe3b 	bl	100026a0 <__wrap_memset>
10004a2a:	4b2b      	ldr	r3, [pc, #172]	@ (10004ad8 <tud_rhport_init+0xcc>)
10004a2c:	2200      	movs	r2, #0
10004a2e:	701a      	strb	r2, [r3, #0]
10004a30:	4c2a      	ldr	r4, [pc, #168]	@ (10004adc <tud_rhport_init+0xd0>)
10004a32:	0020      	movs	r0, r4
10004a34:	f7fc f824 	bl	10000a80 <mutex_init>
10004a38:	4b29      	ldr	r3, [pc, #164]	@ (10004ae0 <tud_rhport_init+0xd4>)
10004a3a:	601c      	str	r4, [r3, #0]
10004a3c:	4c29      	ldr	r4, [pc, #164]	@ (10004ae4 <tud_rhport_init+0xd8>)
10004a3e:	0020      	movs	r0, r4
10004a40:	f7fc f86c 	bl	10000b1c <critical_section_init>
10004a44:	3c14      	subs	r4, #20
10004a46:	0020      	movs	r0, r4
10004a48:	f001 fc84 	bl	10006354 <tu_fifo_clear>
10004a4c:	4b26      	ldr	r3, [pc, #152]	@ (10004ae8 <tud_rhport_init+0xdc>)
10004a4e:	601c      	str	r4, [r3, #0]
10004a50:	4b26      	ldr	r3, [pc, #152]	@ (10004aec <tud_rhport_init+0xe0>)
10004a52:	2b00      	cmp	r3, #0
10004a54:	d004      	beq.n	10004a60 <tud_rhport_init+0x54>
10004a56:	4826      	ldr	r0, [pc, #152]	@ (10004af0 <tud_rhport_init+0xe4>)
10004a58:	f7ff fbe2 	bl	10004220 <usbd_app_driver_get_cb>
10004a5c:	4b25      	ldr	r3, [pc, #148]	@ (10004af4 <tud_rhport_init+0xe8>)
10004a5e:	6018      	str	r0, [r3, #0]
10004a60:	2400      	movs	r4, #0
10004a62:	e010      	b.n	10004a86 <tud_rhport_init+0x7a>
10004a64:	22e9      	movs	r2, #233	@ 0xe9
10004a66:	4924      	ldr	r1, [pc, #144]	@ (10004af8 <tud_rhport_init+0xec>)
10004a68:	4824      	ldr	r0, [pc, #144]	@ (10004afc <tud_rhport_init+0xf0>)
10004a6a:	0052      	lsls	r2, r2, #1
10004a6c:	f7ff f88a 	bl	10003b84 <__wrap_printf>
10004a70:	e01a      	b.n	10004aa8 <tud_rhport_init+0x9c>
10004a72:	1ae3      	subs	r3, r4, r3
10004a74:	015b      	lsls	r3, r3, #5
10004a76:	4a22      	ldr	r2, [pc, #136]	@ (10004b00 <tud_rhport_init+0xf4>)
10004a78:	189b      	adds	r3, r3, r2
10004a7a:	685b      	ldr	r3, [r3, #4]
10004a7c:	2b00      	cmp	r3, #0
10004a7e:	d00d      	beq.n	10004a9c <tud_rhport_init+0x90>
10004a80:	4798      	blx	r3
10004a82:	3401      	adds	r4, #1
10004a84:	b2e4      	uxtb	r4, r4
10004a86:	4b1a      	ldr	r3, [pc, #104]	@ (10004af0 <tud_rhport_init+0xe4>)
10004a88:	781b      	ldrb	r3, [r3, #0]
10004a8a:	42a3      	cmp	r3, r4
10004a8c:	d30e      	bcc.n	10004aac <tud_rhport_init+0xa0>
10004a8e:	d9f0      	bls.n	10004a72 <tud_rhport_init+0x66>
10004a90:	4b18      	ldr	r3, [pc, #96]	@ (10004af4 <tud_rhport_init+0xe8>)
10004a92:	681b      	ldr	r3, [r3, #0]
10004a94:	0162      	lsls	r2, r4, #5
10004a96:	189b      	adds	r3, r3, r2
10004a98:	2b00      	cmp	r3, #0
10004a9a:	d1ee      	bne.n	10004a7a <tud_rhport_init+0x6e>
10004a9c:	22f8      	movs	r2, #248	@ 0xf8
10004a9e:	4916      	ldr	r1, [pc, #88]	@ (10004af8 <tud_rhport_init+0xec>)
10004aa0:	4816      	ldr	r0, [pc, #88]	@ (10004afc <tud_rhport_init+0xf0>)
10004aa2:	0052      	lsls	r2, r2, #1
10004aa4:	f7ff f86e 	bl	10003b84 <__wrap_printf>
10004aa8:	0028      	movs	r0, r5
10004aaa:	bdf8      	pop	{r3, r4, r5, r6, r7, pc}
10004aac:	4b15      	ldr	r3, [pc, #84]	@ (10004b04 <tud_rhport_init+0xf8>)
10004aae:	701e      	strb	r6, [r3, #0]
10004ab0:	0039      	movs	r1, r7
10004ab2:	0030      	movs	r0, r6
10004ab4:	f7ff fcca 	bl	1000444c <dcd_init>
10004ab8:	1e05      	subs	r5, r0, #0
10004aba:	d003      	beq.n	10004ac4 <tud_rhport_init+0xb8>
10004abc:	0030      	movs	r0, r6
10004abe:	f7ff fc91 	bl	100043e4 <dcd_int_enable>
10004ac2:	e7f1      	b.n	10004aa8 <tud_rhport_init+0x9c>
10004ac4:	22fc      	movs	r2, #252	@ 0xfc
10004ac6:	490c      	ldr	r1, [pc, #48]	@ (10004af8 <tud_rhport_init+0xec>)
10004ac8:	480c      	ldr	r0, [pc, #48]	@ (10004afc <tud_rhport_init+0xf0>)
10004aca:	0052      	lsls	r2, r2, #1
10004acc:	f7ff f85a 	bl	10003b84 <__wrap_printf>
10004ad0:	e7ea      	b.n	10004aa8 <tud_rhport_init+0x9c>
10004ad2:	46c0      	nop			@ (mov r8, r8)
10004ad4:	20000ff8 	.word	0x20000ff8
10004ad8:	20011aba 	.word	0x20011aba
10004adc:	20000ff0 	.word	0x20000ff0
10004ae0:	2000104c 	.word	0x2000104c
10004ae4:	20000c9c 	.word	0x20000c9c
10004ae8:	20001050 	.word	0x20001050
10004aec:	10004221 	.word	0x10004221
10004af0:	20011ab8 	.word	0x20011ab8
10004af4:	20000e48 	.word	0x20000e48
10004af8:	10009b54 	.word	0x10009b54
10004afc:	1000940c 	.word	0x1000940c
10004b00:	10009b64 	.word	0x10009b64
10004b04:	20000ca4 	.word	0x20000ca4

10004b08 <usbd_edpt_open>:
10004b08:	b570      	push	{r4, r5, r6, lr}
10004b0a:	000c      	movs	r4, r1
10004b0c:	4b11      	ldr	r3, [pc, #68]	@ (10004b54 <usbd_edpt_open+0x4c>)
10004b0e:	781b      	ldrb	r3, [r3, #0]
10004b10:	001e      	movs	r6, r3
10004b12:	788b      	ldrb	r3, [r1, #2]
10004b14:	2270      	movs	r2, #112	@ 0x70
10004b16:	421a      	tst	r2, r3
10004b18:	d10d      	bne.n	10004b36 <usbd_edpt_open+0x2e>
10004b1a:	4b0f      	ldr	r3, [pc, #60]	@ (10004b58 <usbd_edpt_open+0x50>)
10004b1c:	7899      	ldrb	r1, [r3, #2]
10004b1e:	0020      	movs	r0, r4
10004b20:	f001 f942 	bl	10005da8 <tu_edpt_validate>
10004b24:	1e05      	subs	r5, r0, #0
10004b26:	d00e      	beq.n	10004b46 <usbd_edpt_open+0x3e>
10004b28:	0021      	movs	r1, r4
10004b2a:	0030      	movs	r0, r6
10004b2c:	f7ff fcf2 	bl	10004514 <dcd_edpt_open>
10004b30:	0005      	movs	r5, r0
10004b32:	0028      	movs	r0, r5
10004b34:	bd70      	pop	{r4, r5, r6, pc}
10004b36:	4909      	ldr	r1, [pc, #36]	@ (10004b5c <usbd_edpt_open+0x54>)
10004b38:	4809      	ldr	r0, [pc, #36]	@ (10004b60 <usbd_edpt_open+0x58>)
10004b3a:	4a0a      	ldr	r2, [pc, #40]	@ (10004b64 <usbd_edpt_open+0x5c>)
10004b3c:	f7ff f822 	bl	10003b84 <__wrap_printf>
10004b40:	2300      	movs	r3, #0
10004b42:	001d      	movs	r5, r3
10004b44:	e7f5      	b.n	10004b32 <usbd_edpt_open+0x2a>
10004b46:	4905      	ldr	r1, [pc, #20]	@ (10004b5c <usbd_edpt_open+0x54>)
10004b48:	4805      	ldr	r0, [pc, #20]	@ (10004b60 <usbd_edpt_open+0x58>)
10004b4a:	4a07      	ldr	r2, [pc, #28]	@ (10004b68 <usbd_edpt_open+0x60>)
10004b4c:	f7ff f81a 	bl	10003b84 <__wrap_printf>
10004b50:	e7ef      	b.n	10004b32 <usbd_edpt_open+0x2a>
10004b52:	46c0      	nop			@ (mov r8, r8)
10004b54:	20000ca4 	.word	0x20000ca4
10004b58:	20000ff8 	.word	0x20000ff8
10004b5c:	10009abc 	.word	0x10009abc
10004b60:	1000940c 	.word	0x1000940c
10004b64:	0000050b 	.word	0x0000050b
10004b68:	0000050c 	.word	0x0000050c

10004b6c <usbd_open_edpt_pair>:
10004b6c:	b5f8      	push	{r3, r4, r5, r6, r7, lr}
10004b6e:	46ce      	mov	lr, r9
10004b70:	4647      	mov	r7, r8
10004b72:	b580      	push	{r7, lr}
10004b74:	4680      	mov	r8, r0
10004b76:	000c      	movs	r4, r1
10004b78:	0016      	movs	r6, r2
10004b7a:	4699      	mov	r9, r3
10004b7c:	2500      	movs	r5, #0
10004b7e:	e016      	b.n	10004bae <usbd_open_edpt_pair+0x42>
10004b80:	4917      	ldr	r1, [pc, #92]	@ (10004be0 <usbd_open_edpt_pair+0x74>)
10004b82:	4818      	ldr	r0, [pc, #96]	@ (10004be4 <usbd_open_edpt_pair+0x78>)
10004b84:	4a18      	ldr	r2, [pc, #96]	@ (10004be8 <usbd_open_edpt_pair+0x7c>)
10004b86:	f7fe fffd 	bl	10003b84 <__wrap_printf>
10004b8a:	2700      	movs	r7, #0
10004b8c:	0038      	movs	r0, r7
10004b8e:	bcc0      	pop	{r6, r7}
10004b90:	46b9      	mov	r9, r7
10004b92:	46b0      	mov	r8, r6
10004b94:	bdf8      	pop	{r3, r4, r5, r6, r7, pc}
10004b96:	229d      	movs	r2, #157	@ 0x9d
10004b98:	4911      	ldr	r1, [pc, #68]	@ (10004be0 <usbd_open_edpt_pair+0x74>)
10004b9a:	4812      	ldr	r0, [pc, #72]	@ (10004be4 <usbd_open_edpt_pair+0x78>)
10004b9c:	00d2      	lsls	r2, r2, #3
10004b9e:	f7fe fff1 	bl	10003b84 <__wrap_printf>
10004ba2:	e7f3      	b.n	10004b8c <usbd_open_edpt_pair+0x20>
10004ba4:	9a09      	ldr	r2, [sp, #36]	@ 0x24
10004ba6:	7013      	strb	r3, [r2, #0]
10004ba8:	7823      	ldrb	r3, [r4, #0]
10004baa:	18e4      	adds	r4, r4, r3
10004bac:	3501      	adds	r5, #1
10004bae:	42ae      	cmp	r6, r5
10004bb0:	dd14      	ble.n	10004bdc <usbd_open_edpt_pair+0x70>
10004bb2:	7863      	ldrb	r3, [r4, #1]
10004bb4:	2b05      	cmp	r3, #5
10004bb6:	d1e3      	bne.n	10004b80 <usbd_open_edpt_pair+0x14>
10004bb8:	78e1      	ldrb	r1, [r4, #3]
10004bba:	0789      	lsls	r1, r1, #30
10004bbc:	0f89      	lsrs	r1, r1, #30
10004bbe:	4549      	cmp	r1, r9
10004bc0:	d1de      	bne.n	10004b80 <usbd_open_edpt_pair+0x14>
10004bc2:	0021      	movs	r1, r4
10004bc4:	4640      	mov	r0, r8
10004bc6:	f7ff ff9f 	bl	10004b08 <usbd_edpt_open>
10004bca:	1e07      	subs	r7, r0, #0
10004bcc:	d0e3      	beq.n	10004b96 <usbd_open_edpt_pair+0x2a>
10004bce:	78a3      	ldrb	r3, [r4, #2]
10004bd0:	09da      	lsrs	r2, r3, #7
10004bd2:	2a01      	cmp	r2, #1
10004bd4:	d0e6      	beq.n	10004ba4 <usbd_open_edpt_pair+0x38>
10004bd6:	9a08      	ldr	r2, [sp, #32]
10004bd8:	7013      	strb	r3, [r2, #0]
10004bda:	e7e5      	b.n	10004ba8 <usbd_open_edpt_pair+0x3c>
10004bdc:	2701      	movs	r7, #1
10004bde:	e7d5      	b.n	10004b8c <usbd_open_edpt_pair+0x20>
10004be0:	10009acc 	.word	0x10009acc
10004be4:	1000940c 	.word	0x1000940c
10004be8:	000004e7 	.word	0x000004e7

10004bec <usbd_edpt_claim>:
10004bec:	b510      	push	{r4, lr}
10004bee:	207f      	movs	r0, #127	@ 0x7f
10004bf0:	4008      	ands	r0, r1
10004bf2:	09c9      	lsrs	r1, r1, #7
10004bf4:	0040      	lsls	r0, r0, #1
10004bf6:	1840      	adds	r0, r0, r1
10004bf8:	3030      	adds	r0, #48	@ 0x30
10004bfa:	4b04      	ldr	r3, [pc, #16]	@ (10004c0c <usbd_edpt_claim+0x20>)
10004bfc:	18c0      	adds	r0, r0, r3
10004bfe:	3004      	adds	r0, #4
10004c00:	4b03      	ldr	r3, [pc, #12]	@ (10004c10 <usbd_edpt_claim+0x24>)
10004c02:	6819      	ldr	r1, [r3, #0]
10004c04:	f001 f884 	bl	10005d10 <tu_edpt_claim>
10004c08:	bd10      	pop	{r4, pc}
10004c0a:	46c0      	nop			@ (mov r8, r8)
10004c0c:	20000ff8 	.word	0x20000ff8
10004c10:	2000104c 	.word	0x2000104c

10004c14 <usbd_edpt_release>:
10004c14:	b510      	push	{r4, lr}
10004c16:	207f      	movs	r0, #127	@ 0x7f
10004c18:	4008      	ands	r0, r1
10004c1a:	09c9      	lsrs	r1, r1, #7
10004c1c:	0040      	lsls	r0, r0, #1
10004c1e:	1840      	adds	r0, r0, r1
10004c20:	3030      	adds	r0, #48	@ 0x30
10004c22:	4b04      	ldr	r3, [pc, #16]	@ (10004c34 <usbd_edpt_release+0x20>)
10004c24:	18c0      	adds	r0, r0, r3
10004c26:	3004      	adds	r0, #4
10004c28:	4b03      	ldr	r3, [pc, #12]	@ (10004c38 <usbd_edpt_release+0x24>)
10004c2a:	6819      	ldr	r1, [r3, #0]
10004c2c:	f001 f89b 	bl	10005d66 <tu_edpt_release>
10004c30:	bd10      	pop	{r4, pc}
10004c32:	46c0      	nop			@ (mov r8, r8)
10004c34:	20000ff8 	.word	0x20000ff8
10004c38:	2000104c 	.word	0x2000104c

10004c3c <usbd_edpt_xfer>:
10004c3c:	b5f0      	push	{r4, r5, r6, r7, lr}
10004c3e:	b083      	sub	sp, #12
10004c40:	9301      	str	r3, [sp, #4]
10004c42:	4b19      	ldr	r3, [pc, #100]	@ (10004ca8 <usbd_edpt_xfer+0x6c>)
10004c44:	7818      	ldrb	r0, [r3, #0]
10004c46:	247f      	movs	r4, #127	@ 0x7f
10004c48:	400c      	ands	r4, r1
10004c4a:	09cd      	lsrs	r5, r1, #7
10004c4c:	4b17      	ldr	r3, [pc, #92]	@ (10004cac <usbd_edpt_xfer+0x70>)
10004c4e:	0066      	lsls	r6, r4, #1
10004c50:	46b4      	mov	ip, r6
10004c52:	4463      	add	r3, ip
10004c54:	195b      	adds	r3, r3, r5
10004c56:	3330      	adds	r3, #48	@ 0x30
10004c58:	791b      	ldrb	r3, [r3, #4]
10004c5a:	07db      	lsls	r3, r3, #31
10004c5c:	d41c      	bmi.n	10004c98 <usbd_edpt_xfer+0x5c>
10004c5e:	4b13      	ldr	r3, [pc, #76]	@ (10004cac <usbd_edpt_xfer+0x70>)
10004c60:	0066      	lsls	r6, r4, #1
10004c62:	46b4      	mov	ip, r6
10004c64:	4463      	add	r3, ip
10004c66:	195b      	adds	r3, r3, r5
10004c68:	3330      	adds	r3, #48	@ 0x30
10004c6a:	791e      	ldrb	r6, [r3, #4]
10004c6c:	2701      	movs	r7, #1
10004c6e:	433e      	orrs	r6, r7
10004c70:	711e      	strb	r6, [r3, #4]
10004c72:	9b01      	ldr	r3, [sp, #4]
10004c74:	f7ff fc66 	bl	10004544 <dcd_edpt_xfer>
10004c78:	2800      	cmp	r0, #0
10004c7a:	d113      	bne.n	10004ca4 <usbd_edpt_xfer+0x68>
10004c7c:	4b0b      	ldr	r3, [pc, #44]	@ (10004cac <usbd_edpt_xfer+0x70>)
10004c7e:	0064      	lsls	r4, r4, #1
10004c80:	191b      	adds	r3, r3, r4
10004c82:	195b      	adds	r3, r3, r5
10004c84:	3330      	adds	r3, #48	@ 0x30
10004c86:	791a      	ldrb	r2, [r3, #4]
10004c88:	2101      	movs	r1, #1
10004c8a:	438a      	bics	r2, r1
10004c8c:	711a      	strb	r2, [r3, #4]
10004c8e:	791a      	ldrb	r2, [r3, #4]
10004c90:	3103      	adds	r1, #3
10004c92:	438a      	bics	r2, r1
10004c94:	711a      	strb	r2, [r3, #4]
10004c96:	e005      	b.n	10004ca4 <usbd_edpt_xfer+0x68>
10004c98:	4905      	ldr	r1, [pc, #20]	@ (10004cb0 <usbd_edpt_xfer+0x74>)
10004c9a:	4806      	ldr	r0, [pc, #24]	@ (10004cb4 <usbd_edpt_xfer+0x78>)
10004c9c:	4a06      	ldr	r2, [pc, #24]	@ (10004cb8 <usbd_edpt_xfer+0x7c>)
10004c9e:	f7fe ff71 	bl	10003b84 <__wrap_printf>
10004ca2:	2000      	movs	r0, #0
10004ca4:	b003      	add	sp, #12
10004ca6:	bdf0      	pop	{r4, r5, r6, r7, pc}
10004ca8:	20000ca4 	.word	0x20000ca4
10004cac:	20000ff8 	.word	0x20000ff8
10004cb0:	10009aac 	.word	0x10009aac
10004cb4:	1000940c 	.word	0x1000940c
10004cb8:	00000539 	.word	0x00000539

10004cbc <usbd_edpt_stall>:
10004cbc:	b570      	push	{r4, r5, r6, lr}
10004cbe:	4b0a      	ldr	r3, [pc, #40]	@ (10004ce8 <usbd_edpt_stall+0x2c>)
10004cc0:	7818      	ldrb	r0, [r3, #0]
10004cc2:	247f      	movs	r4, #127	@ 0x7f
10004cc4:	400c      	ands	r4, r1
10004cc6:	09cd      	lsrs	r5, r1, #7
10004cc8:	f7ff fc56 	bl	10004578 <dcd_edpt_stall>
10004ccc:	4a07      	ldr	r2, [pc, #28]	@ (10004cec <usbd_edpt_stall+0x30>)
10004cce:	0064      	lsls	r4, r4, #1
10004cd0:	1913      	adds	r3, r2, r4
10004cd2:	195b      	adds	r3, r3, r5
10004cd4:	3330      	adds	r3, #48	@ 0x30
10004cd6:	791a      	ldrb	r2, [r3, #4]
10004cd8:	2102      	movs	r1, #2
10004cda:	430a      	orrs	r2, r1
10004cdc:	711a      	strb	r2, [r3, #4]
10004cde:	791a      	ldrb	r2, [r3, #4]
10004ce0:	2101      	movs	r1, #1
10004ce2:	430a      	orrs	r2, r1
10004ce4:	711a      	strb	r2, [r3, #4]
10004ce6:	bd70      	pop	{r4, r5, r6, pc}
10004ce8:	20000ca4 	.word	0x20000ca4
10004cec:	20000ff8 	.word	0x20000ff8

10004cf0 <usbd_edpt_clear_stall>:
10004cf0:	b570      	push	{r4, r5, r6, lr}
10004cf2:	4b0a      	ldr	r3, [pc, #40]	@ (10004d1c <usbd_edpt_clear_stall+0x2c>)
10004cf4:	7818      	ldrb	r0, [r3, #0]
10004cf6:	247f      	movs	r4, #127	@ 0x7f
10004cf8:	400c      	ands	r4, r1
10004cfa:	09cd      	lsrs	r5, r1, #7
10004cfc:	f7ff fc5a 	bl	100045b4 <dcd_edpt_clear_stall>
10004d00:	4a07      	ldr	r2, [pc, #28]	@ (10004d20 <usbd_edpt_clear_stall+0x30>)
10004d02:	0064      	lsls	r4, r4, #1
10004d04:	1913      	adds	r3, r2, r4
10004d06:	195b      	adds	r3, r3, r5
10004d08:	3330      	adds	r3, #48	@ 0x30
10004d0a:	791a      	ldrb	r2, [r3, #4]
10004d0c:	2102      	movs	r1, #2
10004d0e:	438a      	bics	r2, r1
10004d10:	711a      	strb	r2, [r3, #4]
10004d12:	791a      	ldrb	r2, [r3, #4]
10004d14:	3901      	subs	r1, #1
10004d16:	438a      	bics	r2, r1
10004d18:	711a      	strb	r2, [r3, #4]
10004d1a:	bd70      	pop	{r4, r5, r6, pc}
10004d1c:	20000ca4 	.word	0x20000ca4
10004d20:	20000ff8 	.word	0x20000ff8

10004d24 <usbd_edpt_stalled>:
10004d24:	227f      	movs	r2, #127	@ 0x7f
10004d26:	400a      	ands	r2, r1
10004d28:	09c9      	lsrs	r1, r1, #7
10004d2a:	4b04      	ldr	r3, [pc, #16]	@ (10004d3c <usbd_edpt_stalled+0x18>)
10004d2c:	0052      	lsls	r2, r2, #1
10004d2e:	189b      	adds	r3, r3, r2
10004d30:	185b      	adds	r3, r3, r1
10004d32:	3330      	adds	r3, #48	@ 0x30
10004d34:	7918      	ldrb	r0, [r3, #4]
10004d36:	0780      	lsls	r0, r0, #30
10004d38:	0fc0      	lsrs	r0, r0, #31
10004d3a:	4770      	bx	lr
10004d3c:	20000ff8 	.word	0x20000ff8

10004d40 <process_control_request>:
10004d40:	b5f0      	push	{r4, r5, r6, r7, lr}
10004d42:	46c6      	mov	lr, r8
10004d44:	b500      	push	{lr}
10004d46:	b084      	sub	sp, #16
10004d48:	9001      	str	r0, [sp, #4]
10004d4a:	000c      	movs	r4, r1
10004d4c:	2000      	movs	r0, #0
10004d4e:	f000 fb89 	bl	10005464 <usbd_control_set_complete_callback>
10004d52:	7823      	ldrb	r3, [r4, #0]
10004d54:	2260      	movs	r2, #96	@ 0x60
10004d56:	401a      	ands	r2, r3
10004d58:	2a60      	cmp	r2, #96	@ 0x60
10004d5a:	d032      	beq.n	10004dc2 <process_control_request+0x82>
10004d5c:	2a40      	cmp	r2, #64	@ 0x40
10004d5e:	d039      	beq.n	10004dd4 <process_control_request+0x94>
10004d60:	7823      	ldrb	r3, [r4, #0]
10004d62:	06db      	lsls	r3, r3, #27
10004d64:	0edb      	lsrs	r3, r3, #27
10004d66:	2b01      	cmp	r3, #1
10004d68:	d100      	bne.n	10004d6c <process_control_request+0x2c>
10004d6a:	e0f4      	b.n	10004f56 <process_control_request+0x216>
10004d6c:	2b02      	cmp	r3, #2
10004d6e:	d100      	bne.n	10004d72 <process_control_request+0x32>
10004d70:	e13a      	b.n	10004fe8 <process_control_request+0x2a8>
10004d72:	2b00      	cmp	r3, #0
10004d74:	d000      	beq.n	10004d78 <process_control_request+0x38>
10004d76:	e1b9      	b.n	100050ec <process_control_request+0x3ac>
10004d78:	2a20      	cmp	r2, #32
10004d7a:	d035      	beq.n	10004de8 <process_control_request+0xa8>
10004d7c:	2a00      	cmp	r2, #0
10004d7e:	d000      	beq.n	10004d82 <process_control_request+0x42>
10004d80:	e1c1      	b.n	10005106 <process_control_request+0x3c6>
10004d82:	7863      	ldrb	r3, [r4, #1]
10004d84:	2b05      	cmp	r3, #5
10004d86:	d067      	beq.n	10004e58 <process_control_request+0x118>
10004d88:	d857      	bhi.n	10004e3a <process_control_request+0xfa>
10004d8a:	2b01      	cmp	r3, #1
10004d8c:	d100      	bne.n	10004d90 <process_control_request+0x50>
10004d8e:	e0cd      	b.n	10004f2c <process_control_request+0x1ec>
10004d90:	2b03      	cmp	r3, #3
10004d92:	d100      	bne.n	10004d96 <process_control_request+0x56>
10004d94:	e0b5      	b.n	10004f02 <process_control_request+0x1c2>
10004d96:	2b00      	cmp	r3, #0
10004d98:	d14c      	bne.n	10004e34 <process_control_request+0xf4>
10004d9a:	4bcc      	ldr	r3, [pc, #816]	@ (100050cc <process_control_request+0x38c>)
10004d9c:	781a      	ldrb	r2, [r3, #0]
10004d9e:	0951      	lsrs	r1, r2, #5
10004da0:	0892      	lsrs	r2, r2, #2
10004da2:	2302      	movs	r3, #2
10004da4:	4013      	ands	r3, r2
10004da6:	2201      	movs	r2, #1
10004da8:	400a      	ands	r2, r1
10004daa:	4313      	orrs	r3, r2
10004dac:	aa02      	add	r2, sp, #8
10004dae:	3206      	adds	r2, #6
10004db0:	8013      	strh	r3, [r2, #0]
10004db2:	2302      	movs	r3, #2
10004db4:	0021      	movs	r1, r4
10004db6:	9801      	ldr	r0, [sp, #4]
10004db8:	f000 fafe 	bl	100053b8 <tud_control_xfer>
10004dbc:	2301      	movs	r3, #1
10004dbe:	001d      	movs	r5, r3
10004dc0:	e196      	b.n	100050f0 <process_control_request+0x3b0>
10004dc2:	3255      	adds	r2, #85	@ 0x55
10004dc4:	49c2      	ldr	r1, [pc, #776]	@ (100050d0 <process_control_request+0x390>)
10004dc6:	48c3      	ldr	r0, [pc, #780]	@ (100050d4 <process_control_request+0x394>)
10004dc8:	0092      	lsls	r2, r2, #2
10004dca:	f7fe fedb 	bl	10003b84 <__wrap_printf>
10004dce:	2300      	movs	r3, #0
10004dd0:	001d      	movs	r5, r3
10004dd2:	e18d      	b.n	100050f0 <process_control_request+0x3b0>
10004dd4:	48c0      	ldr	r0, [pc, #768]	@ (100050d8 <process_control_request+0x398>)
10004dd6:	f000 fb45 	bl	10005464 <usbd_control_set_complete_callback>
10004dda:	0022      	movs	r2, r4
10004ddc:	2101      	movs	r1, #1
10004dde:	9801      	ldr	r0, [sp, #4]
10004de0:	f7ff fa00 	bl	100041e4 <tud_vendor_control_xfer_cb>
10004de4:	0005      	movs	r5, r0
10004de6:	e183      	b.n	100050f0 <process_control_request+0x3b0>
10004de8:	7922      	ldrb	r2, [r4, #4]
10004dea:	7963      	ldrb	r3, [r4, #5]
10004dec:	021b      	lsls	r3, r3, #8
10004dee:	4313      	orrs	r3, r2
10004df0:	2a0f      	cmp	r2, #15
10004df2:	d900      	bls.n	10004df6 <process_control_request+0xb6>
10004df4:	e181      	b.n	100050fa <process_control_request+0x3ba>
10004df6:	4ab5      	ldr	r2, [pc, #724]	@ (100050cc <process_control_request+0x38c>)
10004df8:	21ff      	movs	r1, #255	@ 0xff
10004dfa:	400b      	ands	r3, r1
10004dfc:	18d2      	adds	r2, r2, r3
10004dfe:	7913      	ldrb	r3, [r2, #4]
10004e00:	4ab6      	ldr	r2, [pc, #728]	@ (100050dc <process_control_request+0x39c>)
10004e02:	7812      	ldrb	r2, [r2, #0]
10004e04:	4293      	cmp	r3, r2
10004e06:	d208      	bcs.n	10004e1a <process_control_request+0xda>
10004e08:	4ab5      	ldr	r2, [pc, #724]	@ (100050e0 <process_control_request+0x3a0>)
10004e0a:	6811      	ldr	r1, [r2, #0]
10004e0c:	015b      	lsls	r3, r3, #5
10004e0e:	18c9      	adds	r1, r1, r3
10004e10:	2900      	cmp	r1, #0
10004e12:	d109      	bne.n	10004e28 <process_control_request+0xe8>
10004e14:	2300      	movs	r3, #0
10004e16:	001d      	movs	r5, r3
10004e18:	e16a      	b.n	100050f0 <process_control_request+0x3b0>
10004e1a:	4293      	cmp	r3, r2
10004e1c:	d900      	bls.n	10004e20 <process_control_request+0xe0>
10004e1e:	e16f      	b.n	10005100 <process_control_request+0x3c0>
10004e20:	1a9b      	subs	r3, r3, r2
10004e22:	015b      	lsls	r3, r3, #5
10004e24:	49af      	ldr	r1, [pc, #700]	@ (100050e4 <process_control_request+0x3a4>)
10004e26:	1859      	adds	r1, r3, r1
10004e28:	0022      	movs	r2, r4
10004e2a:	9801      	ldr	r0, [sp, #4]
10004e2c:	f7ff fc7a 	bl	10004724 <invoke_class_control>
10004e30:	0005      	movs	r5, r0
10004e32:	e15d      	b.n	100050f0 <process_control_request+0x3b0>
10004e34:	2300      	movs	r3, #0
10004e36:	001d      	movs	r5, r3
10004e38:	e15a      	b.n	100050f0 <process_control_request+0x3b0>
10004e3a:	2b08      	cmp	r3, #8
10004e3c:	d01b      	beq.n	10004e76 <process_control_request+0x136>
10004e3e:	2b09      	cmp	r3, #9
10004e40:	d026      	beq.n	10004e90 <process_control_request+0x150>
10004e42:	2b06      	cmp	r3, #6
10004e44:	d105      	bne.n	10004e52 <process_control_request+0x112>
10004e46:	0021      	movs	r1, r4
10004e48:	9801      	ldr	r0, [sp, #4]
10004e4a:	f7ff fd47 	bl	100048dc <process_get_descriptor>
10004e4e:	0005      	movs	r5, r0
10004e50:	e14e      	b.n	100050f0 <process_control_request+0x3b0>
10004e52:	2300      	movs	r3, #0
10004e54:	001d      	movs	r5, r3
10004e56:	e14b      	b.n	100050f0 <process_control_request+0x3b0>
10004e58:	0020      	movs	r0, r4
10004e5a:	f000 fb09 	bl	10005470 <usbd_control_set_request>
10004e5e:	78a1      	ldrb	r1, [r4, #2]
10004e60:	9801      	ldr	r0, [sp, #4]
10004e62:	f7ff fad5 	bl	10004410 <dcd_set_address>
10004e66:	4a99      	ldr	r2, [pc, #612]	@ (100050cc <process_control_request+0x38c>)
10004e68:	7813      	ldrb	r3, [r2, #0]
10004e6a:	2102      	movs	r1, #2
10004e6c:	430b      	orrs	r3, r1
10004e6e:	7013      	strb	r3, [r2, #0]
10004e70:	2301      	movs	r3, #1
10004e72:	001d      	movs	r5, r3
10004e74:	e13c      	b.n	100050f0 <process_control_request+0x3b0>
10004e76:	4b95      	ldr	r3, [pc, #596]	@ (100050cc <process_control_request+0x38c>)
10004e78:	785b      	ldrb	r3, [r3, #1]
10004e7a:	aa02      	add	r2, sp, #8
10004e7c:	3206      	adds	r2, #6
10004e7e:	7013      	strb	r3, [r2, #0]
10004e80:	2301      	movs	r3, #1
10004e82:	0021      	movs	r1, r4
10004e84:	9801      	ldr	r0, [sp, #4]
10004e86:	f000 fa97 	bl	100053b8 <tud_control_xfer>
10004e8a:	2301      	movs	r3, #1
10004e8c:	001d      	movs	r5, r3
10004e8e:	e12f      	b.n	100050f0 <process_control_request+0x3b0>
10004e90:	78a2      	ldrb	r2, [r4, #2]
10004e92:	4690      	mov	r8, r2
10004e94:	4b8d      	ldr	r3, [pc, #564]	@ (100050cc <process_control_request+0x38c>)
10004e96:	785b      	ldrb	r3, [r3, #1]
10004e98:	4293      	cmp	r3, r2
10004e9a:	d02b      	beq.n	10004ef4 <process_control_request+0x1b4>
10004e9c:	4b8b      	ldr	r3, [pc, #556]	@ (100050cc <process_control_request+0x38c>)
10004e9e:	785b      	ldrb	r3, [r3, #1]
10004ea0:	2b00      	cmp	r3, #0
10004ea2:	d10c      	bne.n	10004ebe <process_control_request+0x17e>
10004ea4:	4b89      	ldr	r3, [pc, #548]	@ (100050cc <process_control_request+0x38c>)
10004ea6:	4641      	mov	r1, r8
10004ea8:	7059      	strb	r1, [r3, #1]
10004eaa:	2900      	cmp	r1, #0
10004eac:	d020      	beq.n	10004ef0 <process_control_request+0x1b0>
10004eae:	9801      	ldr	r0, [sp, #4]
10004eb0:	f7ff fc46 	bl	10004740 <process_set_config>
10004eb4:	1e05      	subs	r5, r0, #0
10004eb6:	d011      	beq.n	10004edc <process_control_request+0x19c>
10004eb8:	f7ff fd8a 	bl	100049d0 <tud_mount_cb>
10004ebc:	e01a      	b.n	10004ef4 <process_control_request+0x1b4>
10004ebe:	2100      	movs	r1, #0
10004ec0:	9d01      	ldr	r5, [sp, #4]
10004ec2:	0028      	movs	r0, r5
10004ec4:	f7ff fb02 	bl	100044cc <dcd_sof_enable>
10004ec8:	0028      	movs	r0, r5
10004eca:	f7ff fb36 	bl	1000453a <dcd_edpt_close_all>
10004ece:	4e7f      	ldr	r6, [pc, #508]	@ (100050cc <process_control_request+0x38c>)
10004ed0:	78b7      	ldrb	r7, [r6, #2]
10004ed2:	0028      	movs	r0, r5
10004ed4:	f7ff fbe2 	bl	1000469c <configuration_reset>
10004ed8:	70b7      	strb	r7, [r6, #2]
10004eda:	e7e3      	b.n	10004ea4 <process_control_request+0x164>
10004edc:	22c9      	movs	r2, #201	@ 0xc9
10004ede:	497c      	ldr	r1, [pc, #496]	@ (100050d0 <process_control_request+0x390>)
10004ee0:	487c      	ldr	r0, [pc, #496]	@ (100050d4 <process_control_request+0x394>)
10004ee2:	0092      	lsls	r2, r2, #2
10004ee4:	f7fe fe4e 	bl	10003b84 <__wrap_printf>
10004ee8:	4b78      	ldr	r3, [pc, #480]	@ (100050cc <process_control_request+0x38c>)
10004eea:	2200      	movs	r2, #0
10004eec:	705a      	strb	r2, [r3, #1]
10004eee:	e0ff      	b.n	100050f0 <process_control_request+0x3b0>
10004ef0:	f7ff fd6f 	bl	100049d2 <tud_umount_cb>
10004ef4:	0021      	movs	r1, r4
10004ef6:	9801      	ldr	r0, [sp, #4]
10004ef8:	f000 fa4a 	bl	10005390 <tud_control_status>
10004efc:	2301      	movs	r3, #1
10004efe:	001d      	movs	r5, r3
10004f00:	e0f6      	b.n	100050f0 <process_control_request+0x3b0>
10004f02:	78a2      	ldrb	r2, [r4, #2]
10004f04:	78e3      	ldrb	r3, [r4, #3]
10004f06:	021b      	lsls	r3, r3, #8
10004f08:	4313      	orrs	r3, r2
10004f0a:	2b01      	cmp	r3, #1
10004f0c:	d002      	beq.n	10004f14 <process_control_request+0x1d4>
10004f0e:	2300      	movs	r3, #0
10004f10:	001d      	movs	r5, r3
10004f12:	e0ed      	b.n	100050f0 <process_control_request+0x3b0>
10004f14:	4a6d      	ldr	r2, [pc, #436]	@ (100050cc <process_control_request+0x38c>)
10004f16:	7813      	ldrb	r3, [r2, #0]
10004f18:	2108      	movs	r1, #8
10004f1a:	430b      	orrs	r3, r1
10004f1c:	7013      	strb	r3, [r2, #0]
10004f1e:	0021      	movs	r1, r4
10004f20:	9801      	ldr	r0, [sp, #4]
10004f22:	f000 fa35 	bl	10005390 <tud_control_status>
10004f26:	2301      	movs	r3, #1
10004f28:	001d      	movs	r5, r3
10004f2a:	e0e1      	b.n	100050f0 <process_control_request+0x3b0>
10004f2c:	78a2      	ldrb	r2, [r4, #2]
10004f2e:	78e3      	ldrb	r3, [r4, #3]
10004f30:	021b      	lsls	r3, r3, #8
10004f32:	4313      	orrs	r3, r2
10004f34:	2b01      	cmp	r3, #1
10004f36:	d002      	beq.n	10004f3e <process_control_request+0x1fe>
10004f38:	2300      	movs	r3, #0
10004f3a:	001d      	movs	r5, r3
10004f3c:	e0d8      	b.n	100050f0 <process_control_request+0x3b0>
10004f3e:	4a63      	ldr	r2, [pc, #396]	@ (100050cc <process_control_request+0x38c>)
10004f40:	7813      	ldrb	r3, [r2, #0]
10004f42:	2108      	movs	r1, #8
10004f44:	438b      	bics	r3, r1
10004f46:	7013      	strb	r3, [r2, #0]
10004f48:	0021      	movs	r1, r4
10004f4a:	9801      	ldr	r0, [sp, #4]
10004f4c:	f000 fa20 	bl	10005390 <tud_control_status>
10004f50:	2301      	movs	r3, #1
10004f52:	001d      	movs	r5, r3
10004f54:	e0cc      	b.n	100050f0 <process_control_request+0x3b0>
10004f56:	7922      	ldrb	r2, [r4, #4]
10004f58:	7963      	ldrb	r3, [r4, #5]
10004f5a:	021b      	lsls	r3, r3, #8
10004f5c:	4313      	orrs	r3, r2
10004f5e:	2a0f      	cmp	r2, #15
10004f60:	d900      	bls.n	10004f64 <process_control_request+0x224>
10004f62:	e0d3      	b.n	1000510c <process_control_request+0x3cc>
10004f64:	4a59      	ldr	r2, [pc, #356]	@ (100050cc <process_control_request+0x38c>)
10004f66:	21ff      	movs	r1, #255	@ 0xff
10004f68:	400b      	ands	r3, r1
10004f6a:	18d2      	adds	r2, r2, r3
10004f6c:	7913      	ldrb	r3, [r2, #4]
10004f6e:	4a5b      	ldr	r2, [pc, #364]	@ (100050dc <process_control_request+0x39c>)
10004f70:	7812      	ldrb	r2, [r2, #0]
10004f72:	4293      	cmp	r3, r2
10004f74:	d224      	bcs.n	10004fc0 <process_control_request+0x280>
10004f76:	4a5a      	ldr	r2, [pc, #360]	@ (100050e0 <process_control_request+0x3a0>)
10004f78:	6811      	ldr	r1, [r2, #0]
10004f7a:	015b      	lsls	r3, r3, #5
10004f7c:	18c9      	adds	r1, r1, r3
10004f7e:	2900      	cmp	r1, #0
10004f80:	d100      	bne.n	10004f84 <process_control_request+0x244>
10004f82:	e0c6      	b.n	10005112 <process_control_request+0x3d2>
10004f84:	0022      	movs	r2, r4
10004f86:	9801      	ldr	r0, [sp, #4]
10004f88:	f7ff fbcc 	bl	10004724 <invoke_class_control>
10004f8c:	1e05      	subs	r5, r0, #0
10004f8e:	d000      	beq.n	10004f92 <process_control_request+0x252>
10004f90:	e0ae      	b.n	100050f0 <process_control_request+0x3b0>
10004f92:	7823      	ldrb	r3, [r4, #0]
10004f94:	2260      	movs	r2, #96	@ 0x60
10004f96:	421a      	tst	r2, r3
10004f98:	d000      	beq.n	10004f9c <process_control_request+0x25c>
10004f9a:	e0a9      	b.n	100050f0 <process_control_request+0x3b0>
10004f9c:	7863      	ldrb	r3, [r4, #1]
10004f9e:	3b0a      	subs	r3, #10
10004fa0:	2b01      	cmp	r3, #1
10004fa2:	d900      	bls.n	10004fa6 <process_control_request+0x266>
10004fa4:	e0a4      	b.n	100050f0 <process_control_request+0x3b0>
10004fa6:	2000      	movs	r0, #0
10004fa8:	f000 fa5c 	bl	10005464 <usbd_control_set_complete_callback>
10004fac:	7863      	ldrb	r3, [r4, #1]
10004fae:	2b0a      	cmp	r3, #10
10004fb0:	d00e      	beq.n	10004fd0 <process_control_request+0x290>
10004fb2:	0021      	movs	r1, r4
10004fb4:	9801      	ldr	r0, [sp, #4]
10004fb6:	f000 f9eb 	bl	10005390 <tud_control_status>
10004fba:	2301      	movs	r3, #1
10004fbc:	001d      	movs	r5, r3
10004fbe:	e097      	b.n	100050f0 <process_control_request+0x3b0>
10004fc0:	4293      	cmp	r3, r2
10004fc2:	d900      	bls.n	10004fc6 <process_control_request+0x286>
10004fc4:	e0a8      	b.n	10005118 <process_control_request+0x3d8>
10004fc6:	1a9b      	subs	r3, r3, r2
10004fc8:	015b      	lsls	r3, r3, #5
10004fca:	4946      	ldr	r1, [pc, #280]	@ (100050e4 <process_control_request+0x3a4>)
10004fcc:	1859      	adds	r1, r3, r1
10004fce:	e7d9      	b.n	10004f84 <process_control_request+0x244>
10004fd0:	ab02      	add	r3, sp, #8
10004fd2:	1d9a      	adds	r2, r3, #6
10004fd4:	2300      	movs	r3, #0
10004fd6:	7013      	strb	r3, [r2, #0]
10004fd8:	3301      	adds	r3, #1
10004fda:	0021      	movs	r1, r4
10004fdc:	9801      	ldr	r0, [sp, #4]
10004fde:	f000 f9eb 	bl	100053b8 <tud_control_xfer>
10004fe2:	2301      	movs	r3, #1
10004fe4:	001d      	movs	r5, r3
10004fe6:	e083      	b.n	100050f0 <process_control_request+0x3b0>
10004fe8:	7921      	ldrb	r1, [r4, #4]
10004fea:	207f      	movs	r0, #127	@ 0x7f
10004fec:	4008      	ands	r0, r1
10004fee:	09cb      	lsrs	r3, r1, #7
10004ff0:	469c      	mov	ip, r3
10004ff2:	2370      	movs	r3, #112	@ 0x70
10004ff4:	420b      	tst	r3, r1
10004ff6:	d118      	bne.n	1000502a <process_control_request+0x2ea>
10004ff8:	4b34      	ldr	r3, [pc, #208]	@ (100050cc <process_control_request+0x38c>)
10004ffa:	0040      	lsls	r0, r0, #1
10004ffc:	181b      	adds	r3, r3, r0
10004ffe:	4463      	add	r3, ip
10005000:	7d1b      	ldrb	r3, [r3, #20]
10005002:	4836      	ldr	r0, [pc, #216]	@ (100050dc <process_control_request+0x39c>)
10005004:	7800      	ldrb	r0, [r0, #0]
10005006:	4283      	cmp	r3, r0
10005008:	d217      	bcs.n	1000503a <process_control_request+0x2fa>
1000500a:	4835      	ldr	r0, [pc, #212]	@ (100050e0 <process_control_request+0x3a0>)
1000500c:	6800      	ldr	r0, [r0, #0]
1000500e:	015b      	lsls	r3, r3, #5
10005010:	18c3      	adds	r3, r0, r3
10005012:	001d      	movs	r5, r3
10005014:	2a00      	cmp	r2, #0
10005016:	d01b      	beq.n	10005050 <process_control_request+0x310>
10005018:	1e29      	subs	r1, r5, #0
1000501a:	d100      	bne.n	1000501e <process_control_request+0x2de>
1000501c:	e07f      	b.n	1000511e <process_control_request+0x3de>
1000501e:	0022      	movs	r2, r4
10005020:	9801      	ldr	r0, [sp, #4]
10005022:	f7ff fb7f 	bl	10004724 <invoke_class_control>
10005026:	0005      	movs	r5, r0
10005028:	e062      	b.n	100050f0 <process_control_request+0x3b0>
1000502a:	4929      	ldr	r1, [pc, #164]	@ (100050d0 <process_control_request+0x390>)
1000502c:	4829      	ldr	r0, [pc, #164]	@ (100050d4 <process_control_request+0x394>)
1000502e:	4a2e      	ldr	r2, [pc, #184]	@ (100050e8 <process_control_request+0x3a8>)
10005030:	f7fe fda8 	bl	10003b84 <__wrap_printf>
10005034:	2300      	movs	r3, #0
10005036:	001d      	movs	r5, r3
10005038:	e05a      	b.n	100050f0 <process_control_request+0x3b0>
1000503a:	4283      	cmp	r3, r0
1000503c:	d805      	bhi.n	1000504a <process_control_request+0x30a>
1000503e:	1a1b      	subs	r3, r3, r0
10005040:	015b      	lsls	r3, r3, #5
10005042:	4828      	ldr	r0, [pc, #160]	@ (100050e4 <process_control_request+0x3a4>)
10005044:	181b      	adds	r3, r3, r0
10005046:	001d      	movs	r5, r3
10005048:	e7e4      	b.n	10005014 <process_control_request+0x2d4>
1000504a:	2300      	movs	r3, #0
1000504c:	001d      	movs	r5, r3
1000504e:	e7e1      	b.n	10005014 <process_control_request+0x2d4>
10005050:	7863      	ldrb	r3, [r4, #1]
10005052:	2b01      	cmp	r3, #1
10005054:	d012      	beq.n	1000507c <process_control_request+0x33c>
10005056:	2b03      	cmp	r3, #3
10005058:	d010      	beq.n	1000507c <process_control_request+0x33c>
1000505a:	2b00      	cmp	r3, #0
1000505c:	d162      	bne.n	10005124 <process_control_request+0x3e4>
1000505e:	9d01      	ldr	r5, [sp, #4]
10005060:	0028      	movs	r0, r5
10005062:	f7ff fe5f 	bl	10004d24 <usbd_edpt_stalled>
10005066:	ab02      	add	r3, sp, #8
10005068:	1d9a      	adds	r2, r3, #6
1000506a:	8010      	strh	r0, [r2, #0]
1000506c:	2302      	movs	r3, #2
1000506e:	0021      	movs	r1, r4
10005070:	0028      	movs	r0, r5
10005072:	f000 f9a1 	bl	100053b8 <tud_control_xfer>
10005076:	2301      	movs	r3, #1
10005078:	001d      	movs	r5, r3
1000507a:	e039      	b.n	100050f0 <process_control_request+0x3b0>
1000507c:	78a0      	ldrb	r0, [r4, #2]
1000507e:	78e2      	ldrb	r2, [r4, #3]
10005080:	0212      	lsls	r2, r2, #8
10005082:	4302      	orrs	r2, r0
10005084:	d104      	bne.n	10005090 <process_control_request+0x350>
10005086:	2b01      	cmp	r3, #1
10005088:	d01b      	beq.n	100050c2 <process_control_request+0x382>
1000508a:	9801      	ldr	r0, [sp, #4]
1000508c:	f7ff fe16 	bl	10004cbc <usbd_edpt_stall>
10005090:	2d00      	cmp	r5, #0
10005092:	d04a      	beq.n	1000512a <process_control_request+0x3ea>
10005094:	0022      	movs	r2, r4
10005096:	0029      	movs	r1, r5
10005098:	9801      	ldr	r0, [sp, #4]
1000509a:	f7ff fb43 	bl	10004724 <invoke_class_control>
1000509e:	2000      	movs	r0, #0
100050a0:	f000 f9e0 	bl	10005464 <usbd_control_set_complete_callback>
100050a4:	4b09      	ldr	r3, [pc, #36]	@ (100050cc <process_control_request+0x38c>)
100050a6:	2235      	movs	r2, #53	@ 0x35
100050a8:	5c9b      	ldrb	r3, [r3, r2]
100050aa:	07db      	lsls	r3, r3, #31
100050ac:	0fda      	lsrs	r2, r3, #31
100050ae:	0015      	movs	r5, r2
100050b0:	2b00      	cmp	r3, #0
100050b2:	d11d      	bne.n	100050f0 <process_control_request+0x3b0>
100050b4:	0021      	movs	r1, r4
100050b6:	9801      	ldr	r0, [sp, #4]
100050b8:	f000 f96a 	bl	10005390 <tud_control_status>
100050bc:	2301      	movs	r3, #1
100050be:	001d      	movs	r5, r3
100050c0:	e016      	b.n	100050f0 <process_control_request+0x3b0>
100050c2:	9801      	ldr	r0, [sp, #4]
100050c4:	f7ff fe14 	bl	10004cf0 <usbd_edpt_clear_stall>
100050c8:	e7e2      	b.n	10005090 <process_control_request+0x350>
100050ca:	46c0      	nop			@ (mov r8, r8)
100050cc:	20000ff8 	.word	0x20000ff8
100050d0:	10009b18 	.word	0x10009b18
100050d4:	1000940c 	.word	0x1000940c
100050d8:	100041e5 	.word	0x100041e5
100050dc:	20011ab8 	.word	0x20011ab8
100050e0:	20000e48 	.word	0x20000e48
100050e4:	10009b64 	.word	0x10009b64
100050e8:	00000395 	.word	0x00000395
100050ec:	2300      	movs	r3, #0
100050ee:	001d      	movs	r5, r3
100050f0:	0028      	movs	r0, r5
100050f2:	b004      	add	sp, #16
100050f4:	bc80      	pop	{r7}
100050f6:	46b8      	mov	r8, r7
100050f8:	bdf0      	pop	{r4, r5, r6, r7, pc}
100050fa:	2300      	movs	r3, #0
100050fc:	001d      	movs	r5, r3
100050fe:	e7f7      	b.n	100050f0 <process_control_request+0x3b0>
10005100:	2300      	movs	r3, #0
10005102:	001d      	movs	r5, r3
10005104:	e7f4      	b.n	100050f0 <process_control_request+0x3b0>
10005106:	2300      	movs	r3, #0
10005108:	001d      	movs	r5, r3
1000510a:	e7f1      	b.n	100050f0 <process_control_request+0x3b0>
1000510c:	2300      	movs	r3, #0
1000510e:	001d      	movs	r5, r3
10005110:	e7ee      	b.n	100050f0 <process_control_request+0x3b0>
10005112:	2300      	movs	r3, #0
10005114:	001d      	movs	r5, r3
10005116:	e7eb      	b.n	100050f0 <process_control_request+0x3b0>
10005118:	2300      	movs	r3, #0
1000511a:	001d      	movs	r5, r3
1000511c:	e7e8      	b.n	100050f0 <process_control_request+0x3b0>
1000511e:	2300      	movs	r3, #0
10005120:	001d      	movs	r5, r3
10005122:	e7e5      	b.n	100050f0 <process_control_request+0x3b0>
10005124:	2300      	movs	r3, #0
10005126:	001d      	movs	r5, r3
10005128:	e7e2      	b.n	100050f0 <process_control_request+0x3b0>
1000512a:	2301      	movs	r3, #1
1000512c:	001d      	movs	r5, r3
1000512e:	e7df      	b.n	100050f0 <process_control_request+0x3b0>

10005130 <tud_task_ext>:
10005130:	b530      	push	{r4, r5, lr}
10005132:	b085      	sub	sp, #20
10005134:	f7ff fc60 	bl	100049f8 <tud_inited>
10005138:	2800      	cmp	r0, #0
1000513a:	d14e      	bne.n	100051da <tud_task_ext+0xaa>
1000513c:	b005      	add	sp, #20
1000513e:	bd30      	pop	{r4, r5, pc}
10005140:	2b04      	cmp	r3, #4
10005142:	d14a      	bne.n	100051da <tud_task_ext+0xaa>
10005144:	4b6a      	ldr	r3, [pc, #424]	@ (100052f0 <tud_task_ext+0x1c0>)
10005146:	781b      	ldrb	r3, [r3, #0]
10005148:	07db      	lsls	r3, r3, #31
1000514a:	d546      	bpl.n	100051da <tud_task_ext+0xaa>
1000514c:	4b68      	ldr	r3, [pc, #416]	@ (100052f0 <tud_task_ext+0x1c0>)
1000514e:	7818      	ldrb	r0, [r3, #0]
10005150:	0700      	lsls	r0, r0, #28
10005152:	0fc0      	lsrs	r0, r0, #31
10005154:	f7ff fc3e 	bl	100049d4 <tud_suspend_cb>
10005158:	e03f      	b.n	100051da <tud_task_ext+0xaa>
1000515a:	2b07      	cmp	r3, #7
1000515c:	d071      	beq.n	10005242 <tud_task_ext+0x112>
1000515e:	2b08      	cmp	r3, #8
10005160:	d100      	bne.n	10005164 <tud_task_ext+0x34>
10005162:	e0b5      	b.n	100052d0 <tud_task_ext+0x1a0>
10005164:	2b06      	cmp	r3, #6
10005166:	d138      	bne.n	100051da <tud_task_ext+0xaa>
10005168:	4b62      	ldr	r3, [pc, #392]	@ (100052f4 <tud_task_ext+0x1c4>)
1000516a:	781b      	ldrb	r3, [r3, #0]
1000516c:	2b00      	cmp	r3, #0
1000516e:	d062      	beq.n	10005236 <tud_task_ext+0x106>
10005170:	4a60      	ldr	r2, [pc, #384]	@ (100052f4 <tud_task_ext+0x1c4>)
10005172:	7813      	ldrb	r3, [r2, #0]
10005174:	3b01      	subs	r3, #1
10005176:	b2db      	uxtb	r3, r3
10005178:	7013      	strb	r3, [r2, #0]
1000517a:	7813      	ldrb	r3, [r2, #0]
1000517c:	2b00      	cmp	r3, #0
1000517e:	d12c      	bne.n	100051da <tud_task_ext+0xaa>
10005180:	4b5b      	ldr	r3, [pc, #364]	@ (100052f0 <tud_task_ext+0x1c0>)
10005182:	781a      	ldrb	r2, [r3, #0]
10005184:	2401      	movs	r4, #1
10005186:	2101      	movs	r1, #1
10005188:	430a      	orrs	r2, r1
1000518a:	701a      	strb	r2, [r3, #0]
1000518c:	2234      	movs	r2, #52	@ 0x34
1000518e:	5c99      	ldrb	r1, [r3, r2]
10005190:	43a1      	bics	r1, r4
10005192:	5499      	strb	r1, [r3, r2]
10005194:	5c99      	ldrb	r1, [r3, r2]
10005196:	2004      	movs	r0, #4
10005198:	4381      	bics	r1, r0
1000519a:	5499      	strb	r1, [r3, r2]
1000519c:	3201      	adds	r2, #1
1000519e:	5c99      	ldrb	r1, [r3, r2]
100051a0:	43a1      	bics	r1, r4
100051a2:	5499      	strb	r1, [r3, r2]
100051a4:	5c99      	ldrb	r1, [r3, r2]
100051a6:	4381      	bics	r1, r0
100051a8:	5499      	strb	r1, [r3, r2]
100051aa:	ab01      	add	r3, sp, #4
100051ac:	7818      	ldrb	r0, [r3, #0]
100051ae:	a902      	add	r1, sp, #8
100051b0:	f7ff fdc6 	bl	10004d40 <process_control_request>
100051b4:	2800      	cmp	r0, #0
100051b6:	d110      	bne.n	100051da <tud_task_ext+0xaa>
100051b8:	ac01      	add	r4, sp, #4
100051ba:	7820      	ldrb	r0, [r4, #0]
100051bc:	2100      	movs	r1, #0
100051be:	f7ff f9db 	bl	10004578 <dcd_edpt_stall>
100051c2:	7820      	ldrb	r0, [r4, #0]
100051c4:	2180      	movs	r1, #128	@ 0x80
100051c6:	f7ff f9d7 	bl	10004578 <dcd_edpt_stall>
100051ca:	e006      	b.n	100051da <tud_task_ext+0xaa>
100051cc:	ac01      	add	r4, sp, #4
100051ce:	7820      	ldrb	r0, [r4, #0]
100051d0:	f7ff faa2 	bl	10004718 <usbd_reset>
100051d4:	7922      	ldrb	r2, [r4, #4]
100051d6:	4b46      	ldr	r3, [pc, #280]	@ (100052f0 <tud_task_ext+0x1c0>)
100051d8:	709a      	strb	r2, [r3, #2]
100051da:	4b47      	ldr	r3, [pc, #284]	@ (100052f8 <tud_task_ext+0x1c8>)
100051dc:	681c      	ldr	r4, [r3, #0]
100051de:	6962      	ldr	r2, [r4, #20]
100051e0:	f3ef 8110 	mrs	r1, PRIMASK
100051e4:	b672      	cpsid	i
100051e6:	6813      	ldr	r3, [r2, #0]
100051e8:	2b00      	cmp	r3, #0
100051ea:	d0fc      	beq.n	100051e6 <tud_task_ext+0xb6>
100051ec:	f3bf 8f5f 	dmb	sy
100051f0:	61a1      	str	r1, [r4, #24]
100051f2:	a901      	add	r1, sp, #4
100051f4:	0020      	movs	r0, r4
100051f6:	f001 f84f 	bl	10006298 <tu_fifo_read>
100051fa:	6962      	ldr	r2, [r4, #20]
100051fc:	69a3      	ldr	r3, [r4, #24]
100051fe:	f3bf 8f5f 	dmb	sy
10005202:	2100      	movs	r1, #0
10005204:	6011      	str	r1, [r2, #0]
10005206:	f383 8810 	msr	PRIMASK, r3
1000520a:	2800      	cmp	r0, #0
1000520c:	d100      	bne.n	10005210 <tud_task_ext+0xe0>
1000520e:	e795      	b.n	1000513c <tud_task_ext+0xc>
10005210:	ab01      	add	r3, sp, #4
10005212:	785b      	ldrb	r3, [r3, #1]
10005214:	2b05      	cmp	r3, #5
10005216:	d053      	beq.n	100052c0 <tud_task_ext+0x190>
10005218:	d89f      	bhi.n	1000515a <tud_task_ext+0x2a>
1000521a:	2b03      	cmp	r3, #3
1000521c:	d05f      	beq.n	100052de <tud_task_ext+0x1ae>
1000521e:	d88f      	bhi.n	10005140 <tud_task_ext+0x10>
10005220:	2b01      	cmp	r3, #1
10005222:	d0d3      	beq.n	100051cc <tud_task_ext+0x9c>
10005224:	2b02      	cmp	r3, #2
10005226:	d1d8      	bne.n	100051da <tud_task_ext+0xaa>
10005228:	ab01      	add	r3, sp, #4
1000522a:	7818      	ldrb	r0, [r3, #0]
1000522c:	f7ff fa74 	bl	10004718 <usbd_reset>
10005230:	f7ff fbcf 	bl	100049d2 <tud_umount_cb>
10005234:	e7d1      	b.n	100051da <tud_task_ext+0xaa>
10005236:	4931      	ldr	r1, [pc, #196]	@ (100052fc <tud_task_ext+0x1cc>)
10005238:	4831      	ldr	r0, [pc, #196]	@ (10005300 <tud_task_ext+0x1d0>)
1000523a:	4a32      	ldr	r2, [pc, #200]	@ (10005304 <tud_task_ext+0x1d4>)
1000523c:	f7fe fca2 	bl	10003b84 <__wrap_printf>
10005240:	e77c      	b.n	1000513c <tud_task_ext+0xc>
10005242:	ab01      	add	r3, sp, #4
10005244:	7919      	ldrb	r1, [r3, #4]
10005246:	227f      	movs	r2, #127	@ 0x7f
10005248:	400a      	ands	r2, r1
1000524a:	09cc      	lsrs	r4, r1, #7
1000524c:	4b28      	ldr	r3, [pc, #160]	@ (100052f0 <tud_task_ext+0x1c0>)
1000524e:	0050      	lsls	r0, r2, #1
10005250:	181b      	adds	r3, r3, r0
10005252:	191b      	adds	r3, r3, r4
10005254:	3330      	adds	r3, #48	@ 0x30
10005256:	7918      	ldrb	r0, [r3, #4]
10005258:	2501      	movs	r5, #1
1000525a:	43a8      	bics	r0, r5
1000525c:	7118      	strb	r0, [r3, #4]
1000525e:	7918      	ldrb	r0, [r3, #4]
10005260:	3503      	adds	r5, #3
10005262:	43a8      	bics	r0, r5
10005264:	7118      	strb	r0, [r3, #4]
10005266:	2a00      	cmp	r2, #0
10005268:	d015      	beq.n	10005296 <tud_task_ext+0x166>
1000526a:	4b21      	ldr	r3, [pc, #132]	@ (100052f0 <tud_task_ext+0x1c0>)
1000526c:	0052      	lsls	r2, r2, #1
1000526e:	189b      	adds	r3, r3, r2
10005270:	191b      	adds	r3, r3, r4
10005272:	7d1b      	ldrb	r3, [r3, #20]
10005274:	4a24      	ldr	r2, [pc, #144]	@ (10005308 <tud_task_ext+0x1d8>)
10005276:	7812      	ldrb	r2, [r2, #0]
10005278:	4293      	cmp	r3, r2
1000527a:	d213      	bcs.n	100052a4 <tud_task_ext+0x174>
1000527c:	4a23      	ldr	r2, [pc, #140]	@ (1000530c <tud_task_ext+0x1dc>)
1000527e:	6812      	ldr	r2, [r2, #0]
10005280:	015b      	lsls	r3, r3, #5
10005282:	18d3      	adds	r3, r2, r3
10005284:	2b00      	cmp	r3, #0
10005286:	d014      	beq.n	100052b2 <tud_task_ext+0x182>
10005288:	699c      	ldr	r4, [r3, #24]
1000528a:	a801      	add	r0, sp, #4
1000528c:	7942      	ldrb	r2, [r0, #5]
1000528e:	9b03      	ldr	r3, [sp, #12]
10005290:	7800      	ldrb	r0, [r0, #0]
10005292:	47a0      	blx	r4
10005294:	e7a1      	b.n	100051da <tud_task_ext+0xaa>
10005296:	a801      	add	r0, sp, #4
10005298:	7942      	ldrb	r2, [r0, #5]
1000529a:	9b03      	ldr	r3, [sp, #12]
1000529c:	7800      	ldrb	r0, [r0, #0]
1000529e:	f000 f8f5 	bl	1000548c <usbd_control_xfer_cb>
100052a2:	e79a      	b.n	100051da <tud_task_ext+0xaa>
100052a4:	4293      	cmp	r3, r2
100052a6:	d804      	bhi.n	100052b2 <tud_task_ext+0x182>
100052a8:	1a9b      	subs	r3, r3, r2
100052aa:	015b      	lsls	r3, r3, #5
100052ac:	4a18      	ldr	r2, [pc, #96]	@ (10005310 <tud_task_ext+0x1e0>)
100052ae:	189b      	adds	r3, r3, r2
100052b0:	e7ea      	b.n	10005288 <tud_task_ext+0x158>
100052b2:	22a4      	movs	r2, #164	@ 0xa4
100052b4:	4911      	ldr	r1, [pc, #68]	@ (100052fc <tud_task_ext+0x1cc>)
100052b6:	4812      	ldr	r0, [pc, #72]	@ (10005300 <tud_task_ext+0x1d0>)
100052b8:	0092      	lsls	r2, r2, #2
100052ba:	f7fe fc63 	bl	10003b84 <__wrap_printf>
100052be:	e73d      	b.n	1000513c <tud_task_ext+0xc>
100052c0:	4b0b      	ldr	r3, [pc, #44]	@ (100052f0 <tud_task_ext+0x1c0>)
100052c2:	781b      	ldrb	r3, [r3, #0]
100052c4:	07db      	lsls	r3, r3, #31
100052c6:	d400      	bmi.n	100052ca <tud_task_ext+0x19a>
100052c8:	e787      	b.n	100051da <tud_task_ext+0xaa>
100052ca:	f7ff fb84 	bl	100049d6 <tud_resume_cb>
100052ce:	e784      	b.n	100051da <tud_task_ext+0xaa>
100052d0:	9b02      	ldr	r3, [sp, #8]
100052d2:	2b00      	cmp	r3, #0
100052d4:	d100      	bne.n	100052d8 <tud_task_ext+0x1a8>
100052d6:	e780      	b.n	100051da <tud_task_ext+0xaa>
100052d8:	9803      	ldr	r0, [sp, #12]
100052da:	4798      	blx	r3
100052dc:	e77d      	b.n	100051da <tud_task_ext+0xaa>
100052de:	4b04      	ldr	r3, [pc, #16]	@ (100052f0 <tud_task_ext+0x1c0>)
100052e0:	78db      	ldrb	r3, [r3, #3]
100052e2:	07db      	lsls	r3, r3, #31
100052e4:	d400      	bmi.n	100052e8 <tud_task_ext+0x1b8>
100052e6:	e778      	b.n	100051da <tud_task_ext+0xaa>
100052e8:	9802      	ldr	r0, [sp, #8]
100052ea:	f7ff faf2 	bl	100048d2 <tud_sof_cb>
100052ee:	e774      	b.n	100051da <tud_task_ext+0xaa>
100052f0:	20000ff8 	.word	0x20000ff8
100052f4:	20011aba 	.word	0x20011aba
100052f8:	20001050 	.word	0x20001050
100052fc:	10009b44 	.word	0x10009b44
10005300:	1000940c 	.word	0x1000940c
10005304:	00000265 	.word	0x00000265
10005308:	20011ab8 	.word	0x20011ab8
1000530c:	20000e48 	.word	0x20000e48
10005310:	10009b64 	.word	0x10009b64

10005314 <status_stage_xact>:
10005314:	b510      	push	{r4, lr}
10005316:	2300      	movs	r3, #0
10005318:	56cb      	ldrsb	r3, [r1, r3]
1000531a:	2b00      	cmp	r3, #0
1000531c:	db05      	blt.n	1000532a <status_stage_xact+0x16>
1000531e:	2180      	movs	r1, #128	@ 0x80
10005320:	2300      	movs	r3, #0
10005322:	2200      	movs	r2, #0
10005324:	f7ff fc8a 	bl	10004c3c <usbd_edpt_xfer>
10005328:	bd10      	pop	{r4, pc}
1000532a:	2100      	movs	r1, #0
1000532c:	e7f8      	b.n	10005320 <status_stage_xact+0xc>
	...

10005330 <data_stage_xact>:
10005330:	b5f8      	push	{r3, r4, r5, r6, r7, lr}
10005332:	0007      	movs	r7, r0
10005334:	4b14      	ldr	r3, [pc, #80]	@ (10005388 <data_stage_xact+0x58>)
10005336:	899e      	ldrh	r6, [r3, #12]
10005338:	89dd      	ldrh	r5, [r3, #14]
1000533a:	1b73      	subs	r3, r6, r5
1000533c:	b29b      	uxth	r3, r3
1000533e:	1c1c      	adds	r4, r3, #0
10005340:	2b40      	cmp	r3, #64	@ 0x40
10005342:	d900      	bls.n	10005346 <data_stage_xact+0x16>
10005344:	2440      	movs	r4, #64	@ 0x40
10005346:	b2a4      	uxth	r4, r4
10005348:	4b0f      	ldr	r3, [pc, #60]	@ (10005388 <data_stage_xact+0x58>)
1000534a:	781b      	ldrb	r3, [r3, #0]
1000534c:	b25b      	sxtb	r3, r3
1000534e:	2b00      	cmp	r3, #0
10005350:	db08      	blt.n	10005364 <data_stage_xact+0x34>
10005352:	2100      	movs	r1, #0
10005354:	42ae      	cmp	r6, r5
10005356:	d013      	beq.n	10005380 <data_stage_xact+0x50>
10005358:	4a0c      	ldr	r2, [pc, #48]	@ (1000538c <data_stage_xact+0x5c>)
1000535a:	0023      	movs	r3, r4
1000535c:	0038      	movs	r0, r7
1000535e:	f7ff fc6d 	bl	10004c3c <usbd_edpt_xfer>
10005362:	bdf8      	pop	{r3, r4, r5, r6, r7, pc}
10005364:	42ae      	cmp	r6, r5
10005366:	d009      	beq.n	1000537c <data_stage_xact+0x4c>
10005368:	4b07      	ldr	r3, [pc, #28]	@ (10005388 <data_stage_xact+0x58>)
1000536a:	6899      	ldr	r1, [r3, #8]
1000536c:	2c40      	cmp	r4, #64	@ 0x40
1000536e:	d809      	bhi.n	10005384 <data_stage_xact+0x54>
10005370:	4806      	ldr	r0, [pc, #24]	@ (1000538c <data_stage_xact+0x5c>)
10005372:	0022      	movs	r2, r4
10005374:	f7fd f99a 	bl	100026ac <__wrap___aeabi_memcpy>
10005378:	2180      	movs	r1, #128	@ 0x80
1000537a:	e7eb      	b.n	10005354 <data_stage_xact+0x24>
1000537c:	2180      	movs	r1, #128	@ 0x80
1000537e:	e7e9      	b.n	10005354 <data_stage_xact+0x24>
10005380:	2200      	movs	r2, #0
10005382:	e7ea      	b.n	1000535a <data_stage_xact+0x2a>
10005384:	2000      	movs	r0, #0
10005386:	e7ec      	b.n	10005362 <data_stage_xact+0x32>
10005388:	20000fd8 	.word	0x20000fd8
1000538c:	20000f98 	.word	0x20000f98

10005390 <tud_control_status>:
10005390:	b570      	push	{r4, r5, r6, lr}
10005392:	0006      	movs	r6, r0
10005394:	000d      	movs	r5, r1
10005396:	4c07      	ldr	r4, [pc, #28]	@ (100053b4 <tud_control_status+0x24>)
10005398:	2208      	movs	r2, #8
1000539a:	0020      	movs	r0, r4
1000539c:	f7fd f986 	bl	100026ac <__wrap___aeabi_memcpy>
100053a0:	2300      	movs	r3, #0
100053a2:	60a3      	str	r3, [r4, #8]
100053a4:	81e3      	strh	r3, [r4, #14]
100053a6:	81a3      	strh	r3, [r4, #12]
100053a8:	0029      	movs	r1, r5
100053aa:	0030      	movs	r0, r6
100053ac:	f7ff ffb2 	bl	10005314 <status_stage_xact>
100053b0:	bd70      	pop	{r4, r5, r6, pc}
100053b2:	46c0      	nop			@ (mov r8, r8)
100053b4:	20000fd8 	.word	0x20000fd8

100053b8 <tud_control_xfer>:
100053b8:	b5f0      	push	{r4, r5, r6, r7, lr}
100053ba:	46c6      	mov	lr, r8
100053bc:	b500      	push	{lr}
100053be:	4680      	mov	r8, r0
100053c0:	000c      	movs	r4, r1
100053c2:	0017      	movs	r7, r2
100053c4:	001e      	movs	r6, r3
100053c6:	4d1f      	ldr	r5, [pc, #124]	@ (10005444 <tud_control_xfer+0x8c>)
100053c8:	2208      	movs	r2, #8
100053ca:	0028      	movs	r0, r5
100053cc:	f7fd f96e 	bl	100026ac <__wrap___aeabi_memcpy>
100053d0:	60af      	str	r7, [r5, #8]
100053d2:	2300      	movs	r3, #0
100053d4:	81eb      	strh	r3, [r5, #14]
100053d6:	79a3      	ldrb	r3, [r4, #6]
100053d8:	79e1      	ldrb	r1, [r4, #7]
100053da:	0209      	lsls	r1, r1, #8
100053dc:	4319      	orrs	r1, r3
100053de:	1c0b      	adds	r3, r1, #0
100053e0:	42b1      	cmp	r1, r6
100053e2:	d900      	bls.n	100053e6 <tud_control_xfer+0x2e>
100053e4:	1c33      	adds	r3, r6, #0
100053e6:	b299      	uxth	r1, r3
100053e8:	4a16      	ldr	r2, [pc, #88]	@ (10005444 <tud_control_xfer+0x8c>)
100053ea:	8193      	strh	r3, [r2, #12]
100053ec:	79a2      	ldrb	r2, [r4, #6]
100053ee:	79e3      	ldrb	r3, [r4, #7]
100053f0:	021b      	lsls	r3, r3, #8
100053f2:	4313      	orrs	r3, r2
100053f4:	d019      	beq.n	1000542a <tud_control_xfer+0x72>
100053f6:	2900      	cmp	r1, #0
100053f8:	d001      	beq.n	100053fe <tud_control_xfer+0x46>
100053fa:	2f00      	cmp	r7, #0
100053fc:	d008      	beq.n	10005410 <tud_control_xfer+0x58>
100053fe:	4640      	mov	r0, r8
10005400:	f7ff ff96 	bl	10005330 <data_stage_xact>
10005404:	1e04      	subs	r4, r0, #0
10005406:	d00a      	beq.n	1000541e <tud_control_xfer+0x66>
10005408:	0020      	movs	r0, r4
1000540a:	bc80      	pop	{r7}
1000540c:	46b8      	mov	r8, r7
1000540e:	bdf0      	pop	{r4, r5, r6, r7, pc}
10005410:	490d      	ldr	r1, [pc, #52]	@ (10005448 <tud_control_xfer+0x90>)
10005412:	480e      	ldr	r0, [pc, #56]	@ (1000544c <tud_control_xfer+0x94>)
10005414:	2272      	movs	r2, #114	@ 0x72
10005416:	f7fe fbb5 	bl	10003b84 <__wrap_printf>
1000541a:	2400      	movs	r4, #0
1000541c:	e7f4      	b.n	10005408 <tud_control_xfer+0x50>
1000541e:	490a      	ldr	r1, [pc, #40]	@ (10005448 <tud_control_xfer+0x90>)
10005420:	480a      	ldr	r0, [pc, #40]	@ (1000544c <tud_control_xfer+0x94>)
10005422:	2274      	movs	r2, #116	@ 0x74
10005424:	f7fe fbae 	bl	10003b84 <__wrap_printf>
10005428:	e7ee      	b.n	10005408 <tud_control_xfer+0x50>
1000542a:	0021      	movs	r1, r4
1000542c:	4640      	mov	r0, r8
1000542e:	f7ff ff71 	bl	10005314 <status_stage_xact>
10005432:	1e04      	subs	r4, r0, #0
10005434:	d1e8      	bne.n	10005408 <tud_control_xfer+0x50>
10005436:	4904      	ldr	r1, [pc, #16]	@ (10005448 <tud_control_xfer+0x90>)
10005438:	4804      	ldr	r0, [pc, #16]	@ (1000544c <tud_control_xfer+0x94>)
1000543a:	2276      	movs	r2, #118	@ 0x76
1000543c:	f7fe fba2 	bl	10003b84 <__wrap_printf>
10005440:	e7e2      	b.n	10005408 <tud_control_xfer+0x50>
10005442:	46c0      	nop			@ (mov r8, r8)
10005444:	20000fd8 	.word	0x20000fd8
10005448:	10009b9c 	.word	0x10009b9c
1000544c:	1000940c 	.word	0x1000940c

10005450 <usbd_control_reset>:
10005450:	b510      	push	{r4, lr}
10005452:	4803      	ldr	r0, [pc, #12]	@ (10005460 <usbd_control_reset+0x10>)
10005454:	2214      	movs	r2, #20
10005456:	2100      	movs	r1, #0
10005458:	f7fd f922 	bl	100026a0 <__wrap_memset>
1000545c:	bd10      	pop	{r4, pc}
1000545e:	46c0      	nop			@ (mov r8, r8)
10005460:	20000fd8 	.word	0x20000fd8

10005464 <usbd_control_set_complete_callback>:
10005464:	4b01      	ldr	r3, [pc, #4]	@ (1000546c <usbd_control_set_complete_callback+0x8>)
10005466:	6118      	str	r0, [r3, #16]
10005468:	4770      	bx	lr
1000546a:	46c0      	nop			@ (mov r8, r8)
1000546c:	20000fd8 	.word	0x20000fd8

10005470 <usbd_control_set_request>:
10005470:	b510      	push	{r4, lr}
10005472:	0001      	movs	r1, r0
10005474:	4c04      	ldr	r4, [pc, #16]	@ (10005488 <usbd_control_set_request+0x18>)
10005476:	2208      	movs	r2, #8
10005478:	0020      	movs	r0, r4
1000547a:	f7fd f917 	bl	100026ac <__wrap___aeabi_memcpy>
1000547e:	2300      	movs	r3, #0
10005480:	60a3      	str	r3, [r4, #8]
10005482:	81e3      	strh	r3, [r4, #14]
10005484:	81a3      	strh	r3, [r4, #12]
10005486:	bd10      	pop	{r4, pc}
10005488:	20000fd8 	.word	0x20000fd8

1000548c <usbd_control_xfer_cb>:
1000548c:	b570      	push	{r4, r5, r6, lr}
1000548e:	0005      	movs	r5, r0
10005490:	001a      	movs	r2, r3
10005492:	001c      	movs	r4, r3
10005494:	09c9      	lsrs	r1, r1, #7
10005496:	4b34      	ldr	r3, [pc, #208]	@ (10005568 <usbd_control_xfer_cb+0xdc>)
10005498:	781b      	ldrb	r3, [r3, #0]
1000549a:	09db      	lsrs	r3, r3, #7
1000549c:	428b      	cmp	r3, r1
1000549e:	d019      	beq.n	100054d4 <usbd_control_xfer_cb+0x48>
100054a0:	2a00      	cmp	r2, #0
100054a2:	d008      	beq.n	100054b6 <usbd_control_xfer_cb+0x2a>
100054a4:	4931      	ldr	r1, [pc, #196]	@ (1000556c <usbd_control_xfer_cb+0xe0>)
100054a6:	4832      	ldr	r0, [pc, #200]	@ (10005570 <usbd_control_xfer_cb+0xe4>)
100054a8:	229d      	movs	r2, #157	@ 0x9d
100054aa:	f7fe fb6b 	bl	10003b84 <__wrap_printf>
100054ae:	2300      	movs	r3, #0
100054b0:	001c      	movs	r4, r3
100054b2:	0020      	movs	r0, r4
100054b4:	bd70      	pop	{r4, r5, r6, pc}
100054b6:	4b2c      	ldr	r3, [pc, #176]	@ (10005568 <usbd_control_xfer_cb+0xdc>)
100054b8:	001c      	movs	r4, r3
100054ba:	0019      	movs	r1, r3
100054bc:	f7ff f814 	bl	100044e8 <dcd_edpt0_status_complete>
100054c0:	6923      	ldr	r3, [r4, #16]
100054c2:	2b00      	cmp	r3, #0
100054c4:	d003      	beq.n	100054ce <usbd_control_xfer_cb+0x42>
100054c6:	4a28      	ldr	r2, [pc, #160]	@ (10005568 <usbd_control_xfer_cb+0xdc>)
100054c8:	2103      	movs	r1, #3
100054ca:	0028      	movs	r0, r5
100054cc:	4798      	blx	r3
100054ce:	2301      	movs	r3, #1
100054d0:	001c      	movs	r4, r3
100054d2:	e7ee      	b.n	100054b2 <usbd_control_xfer_cb+0x26>
100054d4:	4b24      	ldr	r3, [pc, #144]	@ (10005568 <usbd_control_xfer_cb+0xdc>)
100054d6:	781b      	ldrb	r3, [r3, #0]
100054d8:	b25b      	sxtb	r3, r3
100054da:	2b00      	cmp	r3, #0
100054dc:	db06      	blt.n	100054ec <usbd_control_xfer_cb+0x60>
100054de:	4b22      	ldr	r3, [pc, #136]	@ (10005568 <usbd_control_xfer_cb+0xdc>)
100054e0:	6898      	ldr	r0, [r3, #8]
100054e2:	2800      	cmp	r0, #0
100054e4:	d03d      	beq.n	10005562 <usbd_control_xfer_cb+0xd6>
100054e6:	4923      	ldr	r1, [pc, #140]	@ (10005574 <usbd_control_xfer_cb+0xe8>)
100054e8:	f7fd f8e0 	bl	100026ac <__wrap___aeabi_memcpy>
100054ec:	4a1e      	ldr	r2, [pc, #120]	@ (10005568 <usbd_control_xfer_cb+0xdc>)
100054ee:	89d3      	ldrh	r3, [r2, #14]
100054f0:	b2a1      	uxth	r1, r4
100054f2:	185b      	adds	r3, r3, r1
100054f4:	b29b      	uxth	r3, r3
100054f6:	81d3      	strh	r3, [r2, #14]
100054f8:	6891      	ldr	r1, [r2, #8]
100054fa:	46a4      	mov	ip, r4
100054fc:	4461      	add	r1, ip
100054fe:	6091      	str	r1, [r2, #8]
10005500:	88d2      	ldrh	r2, [r2, #6]
10005502:	4293      	cmp	r3, r2
10005504:	d001      	beq.n	1000550a <usbd_control_xfer_cb+0x7e>
10005506:	2c3f      	cmp	r4, #63	@ 0x3f
10005508:	d820      	bhi.n	1000554c <usbd_control_xfer_cb+0xc0>
1000550a:	4b17      	ldr	r3, [pc, #92]	@ (10005568 <usbd_control_xfer_cb+0xdc>)
1000550c:	691b      	ldr	r3, [r3, #16]
1000550e:	2b00      	cmp	r3, #0
10005510:	d005      	beq.n	1000551e <usbd_control_xfer_cb+0x92>
10005512:	4a15      	ldr	r2, [pc, #84]	@ (10005568 <usbd_control_xfer_cb+0xdc>)
10005514:	2102      	movs	r1, #2
10005516:	0028      	movs	r0, r5
10005518:	4798      	blx	r3
1000551a:	2800      	cmp	r0, #0
1000551c:	d00b      	beq.n	10005536 <usbd_control_xfer_cb+0xaa>
1000551e:	4912      	ldr	r1, [pc, #72]	@ (10005568 <usbd_control_xfer_cb+0xdc>)
10005520:	0028      	movs	r0, r5
10005522:	f7ff fef7 	bl	10005314 <status_stage_xact>
10005526:	1e04      	subs	r4, r0, #0
10005528:	d1c3      	bne.n	100054b2 <usbd_control_xfer_cb+0x26>
1000552a:	4910      	ldr	r1, [pc, #64]	@ (1000556c <usbd_control_xfer_cb+0xe0>)
1000552c:	4810      	ldr	r0, [pc, #64]	@ (10005570 <usbd_control_xfer_cb+0xe4>)
1000552e:	22c5      	movs	r2, #197	@ 0xc5
10005530:	f7fe fb28 	bl	10003b84 <__wrap_printf>
10005534:	e7bd      	b.n	100054b2 <usbd_control_xfer_cb+0x26>
10005536:	2100      	movs	r1, #0
10005538:	0028      	movs	r0, r5
1000553a:	f7ff f81d 	bl	10004578 <dcd_edpt_stall>
1000553e:	2180      	movs	r1, #128	@ 0x80
10005540:	0028      	movs	r0, r5
10005542:	f7ff f819 	bl	10004578 <dcd_edpt_stall>
10005546:	2301      	movs	r3, #1
10005548:	001c      	movs	r4, r3
1000554a:	e7b2      	b.n	100054b2 <usbd_control_xfer_cb+0x26>
1000554c:	0028      	movs	r0, r5
1000554e:	f7ff feef 	bl	10005330 <data_stage_xact>
10005552:	1e04      	subs	r4, r0, #0
10005554:	d1ad      	bne.n	100054b2 <usbd_control_xfer_cb+0x26>
10005556:	4905      	ldr	r1, [pc, #20]	@ (1000556c <usbd_control_xfer_cb+0xe0>)
10005558:	4805      	ldr	r0, [pc, #20]	@ (10005570 <usbd_control_xfer_cb+0xe4>)
1000555a:	22cd      	movs	r2, #205	@ 0xcd
1000555c:	f7fe fb12 	bl	10003b84 <__wrap_printf>
10005560:	e7a7      	b.n	100054b2 <usbd_control_xfer_cb+0x26>
10005562:	2300      	movs	r3, #0
10005564:	001c      	movs	r4, r3
10005566:	e7a4      	b.n	100054b2 <usbd_control_xfer_cb+0x26>
10005568:	20000fd8 	.word	0x20000fd8
1000556c:	10009b84 	.word	0x10009b84
10005570:	1000940c 	.word	0x1000940c
10005574:	20000f98 	.word	0x20000f98

10005578 <_prep_out_transaction>:
10005578:	b570      	push	{r4, r5, r6, lr}
1000557a:	0004      	movs	r4, r0
1000557c:	f7ff fa2c 	bl	100049d8 <tud_mounted>
10005580:	2800      	cmp	r0, #0
10005582:	d103      	bne.n	1000558c <_prep_out_transaction+0x14>
10005584:	2300      	movs	r3, #0
10005586:	001e      	movs	r6, r3
10005588:	0030      	movs	r0, r6
1000558a:	bd70      	pop	{r4, r5, r6, pc}
1000558c:	f7ff fa2c 	bl	100049e8 <tud_suspended>
10005590:	1e06      	subs	r6, r0, #0
10005592:	d1f7      	bne.n	10005584 <_prep_out_transaction+0xc>
10005594:	4b1c      	ldr	r3, [pc, #112]	@ (10005608 <_prep_out_transaction+0x90>)
10005596:	22c8      	movs	r2, #200	@ 0xc8
10005598:	4362      	muls	r2, r4
1000559a:	189b      	adds	r3, r3, r2
1000559c:	78db      	ldrb	r3, [r3, #3]
1000559e:	2b00      	cmp	r3, #0
100055a0:	d0f0      	beq.n	10005584 <_prep_out_transaction+0xc>
100055a2:	23c8      	movs	r3, #200	@ 0xc8
100055a4:	4363      	muls	r3, r4
100055a6:	3310      	adds	r3, #16
100055a8:	4a17      	ldr	r2, [pc, #92]	@ (10005608 <_prep_out_transaction+0x90>)
100055aa:	189b      	adds	r3, r3, r2
100055ac:	001d      	movs	r5, r3
100055ae:	0018      	movs	r0, r3
100055b0:	f000 fe5b 	bl	1000626a <tu_fifo_remaining>
100055b4:	283f      	cmp	r0, #63	@ 0x3f
100055b6:	d9e7      	bls.n	10005588 <_prep_out_transaction+0x10>
100055b8:	4b13      	ldr	r3, [pc, #76]	@ (10005608 <_prep_out_transaction+0x90>)
100055ba:	22c8      	movs	r2, #200	@ 0xc8
100055bc:	4362      	muls	r2, r4
100055be:	189b      	adds	r3, r3, r2
100055c0:	78d9      	ldrb	r1, [r3, #3]
100055c2:	2000      	movs	r0, #0
100055c4:	f7ff fb12 	bl	10004bec <usbd_edpt_claim>
100055c8:	2800      	cmp	r0, #0
100055ca:	d101      	bne.n	100055d0 <_prep_out_transaction+0x58>
100055cc:	0006      	movs	r6, r0
100055ce:	e7db      	b.n	10005588 <_prep_out_transaction+0x10>
100055d0:	0028      	movs	r0, r5
100055d2:	f000 fe4a 	bl	1000626a <tu_fifo_remaining>
100055d6:	283f      	cmp	r0, #63	@ 0x3f
100055d8:	d90d      	bls.n	100055f6 <_prep_out_transaction+0x7e>
100055da:	01e2      	lsls	r2, r4, #7
100055dc:	4b0b      	ldr	r3, [pc, #44]	@ (1000560c <_prep_out_transaction+0x94>)
100055de:	18d2      	adds	r2, r2, r3
100055e0:	4b09      	ldr	r3, [pc, #36]	@ (10005608 <_prep_out_transaction+0x90>)
100055e2:	21c8      	movs	r1, #200	@ 0xc8
100055e4:	4361      	muls	r1, r4
100055e6:	185b      	adds	r3, r3, r1
100055e8:	78d9      	ldrb	r1, [r3, #3]
100055ea:	2340      	movs	r3, #64	@ 0x40
100055ec:	2000      	movs	r0, #0
100055ee:	f7ff fb25 	bl	10004c3c <usbd_edpt_xfer>
100055f2:	0006      	movs	r6, r0
100055f4:	e7c8      	b.n	10005588 <_prep_out_transaction+0x10>
100055f6:	4b04      	ldr	r3, [pc, #16]	@ (10005608 <_prep_out_transaction+0x90>)
100055f8:	22c8      	movs	r2, #200	@ 0xc8
100055fa:	4362      	muls	r2, r4
100055fc:	189b      	adds	r3, r3, r2
100055fe:	78d9      	ldrb	r1, [r3, #3]
10005600:	2000      	movs	r0, #0
10005602:	f7ff fb07 	bl	10004c14 <usbd_edpt_release>
10005606:	e7bf      	b.n	10005588 <_prep_out_transaction+0x10>
10005608:	20000ed0 	.word	0x20000ed0
1000560c:	20000e4c 	.word	0x20000e4c

10005610 <tud_cdc_n_connected>:
10005610:	b510      	push	{r4, lr}
10005612:	0004      	movs	r4, r0
10005614:	f7ff f9e0 	bl	100049d8 <tud_mounted>
10005618:	2800      	cmp	r0, #0
1000561a:	d100      	bne.n	1000561e <tud_cdc_n_connected+0xe>
1000561c:	bd10      	pop	{r4, pc}
1000561e:	f7ff f9e3 	bl	100049e8 <tud_suspended>
10005622:	2800      	cmp	r0, #0
10005624:	d108      	bne.n	10005638 <tud_cdc_n_connected+0x28>
10005626:	4b06      	ldr	r3, [pc, #24]	@ (10005640 <tud_cdc_n_connected+0x30>)
10005628:	22c8      	movs	r2, #200	@ 0xc8
1000562a:	4362      	muls	r2, r4
1000562c:	189b      	adds	r3, r3, r2
1000562e:	791b      	ldrb	r3, [r3, #4]
10005630:	07db      	lsls	r3, r3, #31
10005632:	d503      	bpl.n	1000563c <tud_cdc_n_connected+0x2c>
10005634:	3001      	adds	r0, #1
10005636:	e7f1      	b.n	1000561c <tud_cdc_n_connected+0xc>
10005638:	2000      	movs	r0, #0
1000563a:	e7ef      	b.n	1000561c <tud_cdc_n_connected+0xc>
1000563c:	2000      	movs	r0, #0
1000563e:	e7ed      	b.n	1000561c <tud_cdc_n_connected+0xc>
10005640:	20000ed0 	.word	0x20000ed0

10005644 <tud_cdc_n_available>:
10005644:	b510      	push	{r4, lr}
10005646:	23c8      	movs	r3, #200	@ 0xc8
10005648:	4343      	muls	r3, r0
1000564a:	3310      	adds	r3, #16
1000564c:	4802      	ldr	r0, [pc, #8]	@ (10005658 <tud_cdc_n_available+0x14>)
1000564e:	1818      	adds	r0, r3, r0
10005650:	f000 fdd7 	bl	10006202 <tu_fifo_count>
10005654:	bd10      	pop	{r4, pc}
10005656:	46c0      	nop			@ (mov r8, r8)
10005658:	20000ed0 	.word	0x20000ed0

1000565c <tud_cdc_n_read>:
1000565c:	b570      	push	{r4, r5, r6, lr}
1000565e:	0004      	movs	r4, r0
10005660:	20c8      	movs	r0, #200	@ 0xc8
10005662:	4360      	muls	r0, r4
10005664:	0003      	movs	r3, r0
10005666:	3310      	adds	r3, #16
10005668:	4807      	ldr	r0, [pc, #28]	@ (10005688 <tud_cdc_n_read+0x2c>)
1000566a:	1818      	adds	r0, r3, r0
1000566c:	4b07      	ldr	r3, [pc, #28]	@ (1000568c <tud_cdc_n_read+0x30>)
1000566e:	429a      	cmp	r2, r3
10005670:	d808      	bhi.n	10005684 <tud_cdc_n_read+0x28>
10005672:	b292      	uxth	r2, r2
10005674:	f000 fe31 	bl	100062da <tu_fifo_read_n>
10005678:	0005      	movs	r5, r0
1000567a:	0020      	movs	r0, r4
1000567c:	f7ff ff7c 	bl	10005578 <_prep_out_transaction>
10005680:	0028      	movs	r0, r5
10005682:	bd70      	pop	{r4, r5, r6, pc}
10005684:	4a02      	ldr	r2, [pc, #8]	@ (10005690 <tud_cdc_n_read+0x34>)
10005686:	e7f5      	b.n	10005674 <tud_cdc_n_read+0x18>
10005688:	20000ed0 	.word	0x20000ed0
1000568c:	0000fffe 	.word	0x0000fffe
10005690:	0000ffff 	.word	0x0000ffff

10005694 <tud_cdc_n_write_flush>:
10005694:	b570      	push	{r4, r5, r6, lr}
10005696:	0004      	movs	r4, r0
10005698:	f7ff f99e 	bl	100049d8 <tud_mounted>
1000569c:	2800      	cmp	r0, #0
1000569e:	d101      	bne.n	100056a4 <tud_cdc_n_write_flush+0x10>
100056a0:	2000      	movs	r0, #0
100056a2:	bd70      	pop	{r4, r5, r6, pc}
100056a4:	f7ff f9a0 	bl	100049e8 <tud_suspended>
100056a8:	2800      	cmp	r0, #0
100056aa:	d1f9      	bne.n	100056a0 <tud_cdc_n_write_flush+0xc>
100056ac:	23c8      	movs	r3, #200	@ 0xc8
100056ae:	4363      	muls	r3, r4
100056b0:	3320      	adds	r3, #32
100056b2:	4a1e      	ldr	r2, [pc, #120]	@ (1000572c <tud_cdc_n_write_flush+0x98>)
100056b4:	189b      	adds	r3, r3, r2
100056b6:	3304      	adds	r3, #4
100056b8:	001e      	movs	r6, r3
100056ba:	0018      	movs	r0, r3
100056bc:	f000 fda1 	bl	10006202 <tu_fifo_count>
100056c0:	2800      	cmp	r0, #0
100056c2:	d0ee      	beq.n	100056a2 <tud_cdc_n_write_flush+0xe>
100056c4:	4b19      	ldr	r3, [pc, #100]	@ (1000572c <tud_cdc_n_write_flush+0x98>)
100056c6:	22c8      	movs	r2, #200	@ 0xc8
100056c8:	4362      	muls	r2, r4
100056ca:	189b      	adds	r3, r3, r2
100056cc:	7899      	ldrb	r1, [r3, #2]
100056ce:	2000      	movs	r0, #0
100056d0:	f7ff fa8c 	bl	10004bec <usbd_edpt_claim>
100056d4:	2800      	cmp	r0, #0
100056d6:	d0e4      	beq.n	100056a2 <tud_cdc_n_write_flush+0xe>
100056d8:	01e3      	lsls	r3, r4, #7
100056da:	3340      	adds	r3, #64	@ 0x40
100056dc:	4a14      	ldr	r2, [pc, #80]	@ (10005730 <tud_cdc_n_write_flush+0x9c>)
100056de:	189b      	adds	r3, r3, r2
100056e0:	001d      	movs	r5, r3
100056e2:	2240      	movs	r2, #64	@ 0x40
100056e4:	0019      	movs	r1, r3
100056e6:	0030      	movs	r0, r6
100056e8:	f000 fdf7 	bl	100062da <tu_fifo_read_n>
100056ec:	1e06      	subs	r6, r0, #0
100056ee:	d014      	beq.n	1000571a <tud_cdc_n_write_flush+0x86>
100056f0:	4b0e      	ldr	r3, [pc, #56]	@ (1000572c <tud_cdc_n_write_flush+0x98>)
100056f2:	22c8      	movs	r2, #200	@ 0xc8
100056f4:	4362      	muls	r2, r4
100056f6:	189b      	adds	r3, r3, r2
100056f8:	7899      	ldrb	r1, [r3, #2]
100056fa:	0003      	movs	r3, r0
100056fc:	002a      	movs	r2, r5
100056fe:	2000      	movs	r0, #0
10005700:	f7ff fa9c 	bl	10004c3c <usbd_edpt_xfer>
10005704:	2800      	cmp	r0, #0
10005706:	d001      	beq.n	1000570c <tud_cdc_n_write_flush+0x78>
10005708:	0030      	movs	r0, r6
1000570a:	e7ca      	b.n	100056a2 <tud_cdc_n_write_flush+0xe>
1000570c:	4909      	ldr	r1, [pc, #36]	@ (10005734 <tud_cdc_n_write_flush+0xa0>)
1000570e:	480a      	ldr	r0, [pc, #40]	@ (10005738 <tud_cdc_n_write_flush+0xa4>)
10005710:	22d5      	movs	r2, #213	@ 0xd5
10005712:	f7fe fa37 	bl	10003b84 <__wrap_printf>
10005716:	2000      	movs	r0, #0
10005718:	e7c3      	b.n	100056a2 <tud_cdc_n_write_flush+0xe>
1000571a:	4b04      	ldr	r3, [pc, #16]	@ (1000572c <tud_cdc_n_write_flush+0x98>)
1000571c:	22c8      	movs	r2, #200	@ 0xc8
1000571e:	4362      	muls	r2, r4
10005720:	189b      	adds	r3, r3, r2
10005722:	7899      	ldrb	r1, [r3, #2]
10005724:	f7ff fa76 	bl	10004c14 <usbd_edpt_release>
10005728:	2000      	movs	r0, #0
1000572a:	e7ba      	b.n	100056a2 <tud_cdc_n_write_flush+0xe>
1000572c:	20000ed0 	.word	0x20000ed0
10005730:	20000e4c 	.word	0x20000e4c
10005734:	10009bcc 	.word	0x10009bcc
10005738:	1000940c 	.word	0x1000940c

1000573c <tud_cdc_n_write>:
1000573c:	b570      	push	{r4, r5, r6, lr}
1000573e:	0006      	movs	r6, r0
10005740:	24c8      	movs	r4, #200	@ 0xc8
10005742:	4344      	muls	r4, r0
10005744:	3420      	adds	r4, #32
10005746:	4b0c      	ldr	r3, [pc, #48]	@ (10005778 <tud_cdc_n_write+0x3c>)
10005748:	18e4      	adds	r4, r4, r3
1000574a:	3404      	adds	r4, #4
1000574c:	4b0b      	ldr	r3, [pc, #44]	@ (1000577c <tud_cdc_n_write+0x40>)
1000574e:	429a      	cmp	r2, r3
10005750:	d80b      	bhi.n	1000576a <tud_cdc_n_write+0x2e>
10005752:	b292      	uxth	r2, r2
10005754:	0020      	movs	r0, r4
10005756:	f000 fdf8 	bl	1000634a <tu_fifo_write_n>
1000575a:	0005      	movs	r5, r0
1000575c:	0020      	movs	r0, r4
1000575e:	f000 fd50 	bl	10006202 <tu_fifo_count>
10005762:	283f      	cmp	r0, #63	@ 0x3f
10005764:	d803      	bhi.n	1000576e <tud_cdc_n_write+0x32>
10005766:	0028      	movs	r0, r5
10005768:	bd70      	pop	{r4, r5, r6, pc}
1000576a:	4a05      	ldr	r2, [pc, #20]	@ (10005780 <tud_cdc_n_write+0x44>)
1000576c:	e7f2      	b.n	10005754 <tud_cdc_n_write+0x18>
1000576e:	0030      	movs	r0, r6
10005770:	f7ff ff90 	bl	10005694 <tud_cdc_n_write_flush>
10005774:	e7f7      	b.n	10005766 <tud_cdc_n_write+0x2a>
10005776:	46c0      	nop			@ (mov r8, r8)
10005778:	20000ed0 	.word	0x20000ed0
1000577c:	0000fffe 	.word	0x0000fffe
10005780:	0000ffff 	.word	0x0000ffff

10005784 <tud_cdc_n_write_available>:
10005784:	b510      	push	{r4, lr}
10005786:	23c8      	movs	r3, #200	@ 0xc8
10005788:	4358      	muls	r0, r3
1000578a:	3020      	adds	r0, #32
1000578c:	4b02      	ldr	r3, [pc, #8]	@ (10005798 <tud_cdc_n_write_available+0x14>)
1000578e:	18c0      	adds	r0, r0, r3
10005790:	3004      	adds	r0, #4
10005792:	f000 fd6a 	bl	1000626a <tu_fifo_remaining>
10005796:	bd10      	pop	{r4, pc}
10005798:	20000ed0 	.word	0x20000ed0

1000579c <cdcd_init>:
1000579c:	b5f0      	push	{r4, r5, r6, r7, lr}
1000579e:	46c6      	mov	lr, r8
100057a0:	b500      	push	{lr}
100057a2:	b082      	sub	sp, #8
100057a4:	4824      	ldr	r0, [pc, #144]	@ (10005838 <cdcd_init+0x9c>)
100057a6:	22c8      	movs	r2, #200	@ 0xc8
100057a8:	2100      	movs	r1, #0
100057aa:	f7fc ff79 	bl	100026a0 <__wrap_memset>
100057ae:	4b23      	ldr	r3, [pc, #140]	@ (1000583c <cdcd_init+0xa0>)
100057b0:	2200      	movs	r2, #0
100057b2:	701a      	strb	r2, [r3, #0]
100057b4:	2700      	movs	r7, #0
100057b6:	2f00      	cmp	r7, #0
100057b8:	d003      	beq.n	100057c2 <cdcd_init+0x26>
100057ba:	b002      	add	sp, #8
100057bc:	bc80      	pop	{r7}
100057be:	46b8      	mov	r8, r7
100057c0:	bdf0      	pop	{r4, r5, r6, r7, pc}
100057c2:	4e1d      	ldr	r6, [pc, #116]	@ (10005838 <cdcd_init+0x9c>)
100057c4:	24c8      	movs	r4, #200	@ 0xc8
100057c6:	437c      	muls	r4, r7
100057c8:	1935      	adds	r5, r6, r4
100057ca:	23ff      	movs	r3, #255	@ 0xff
100057cc:	716b      	strb	r3, [r5, #5]
100057ce:	23e1      	movs	r3, #225	@ 0xe1
100057d0:	025b      	lsls	r3, r3, #9
100057d2:	60ab      	str	r3, [r5, #8]
100057d4:	2200      	movs	r2, #0
100057d6:	732a      	strb	r2, [r5, #12]
100057d8:	736a      	strb	r2, [r5, #13]
100057da:	2308      	movs	r3, #8
100057dc:	73ab      	strb	r3, [r5, #14]
100057de:	0021      	movs	r1, r4
100057e0:	3138      	adds	r1, #56	@ 0x38
100057e2:	1989      	adds	r1, r1, r6
100057e4:	0020      	movs	r0, r4
100057e6:	3010      	adds	r0, #16
100057e8:	1980      	adds	r0, r0, r6
100057ea:	9200      	str	r2, [sp, #0]
100057ec:	3b07      	subs	r3, #7
100057ee:	3240      	adds	r2, #64	@ 0x40
100057f0:	f000 fcc6 	bl	10006180 <tu_fifo_config>
100057f4:	0021      	movs	r1, r4
100057f6:	3178      	adds	r1, #120	@ 0x78
100057f8:	1989      	adds	r1, r1, r6
100057fa:	0020      	movs	r0, r4
100057fc:	3020      	adds	r0, #32
100057fe:	1980      	adds	r0, r0, r6
10005800:	3004      	adds	r0, #4
10005802:	2301      	movs	r3, #1
10005804:	9300      	str	r3, [sp, #0]
10005806:	2240      	movs	r2, #64	@ 0x40
10005808:	f000 fcba 	bl	10006180 <tu_fifo_config>
1000580c:	0023      	movs	r3, r4
1000580e:	33b8      	adds	r3, #184	@ 0xb8
10005810:	199b      	adds	r3, r3, r6
10005812:	4698      	mov	r8, r3
10005814:	0018      	movs	r0, r3
10005816:	f7fb f933 	bl	10000a80 <mutex_init>
1000581a:	34c0      	adds	r4, #192	@ 0xc0
1000581c:	19a4      	adds	r4, r4, r6
1000581e:	0020      	movs	r0, r4
10005820:	f7fb f92e 	bl	10000a80 <mutex_init>
10005824:	2200      	movs	r2, #0
10005826:	61ea      	str	r2, [r5, #28]
10005828:	4643      	mov	r3, r8
1000582a:	622b      	str	r3, [r5, #32]
1000582c:	632c      	str	r4, [r5, #48]	@ 0x30
1000582e:	636a      	str	r2, [r5, #52]	@ 0x34
10005830:	3701      	adds	r7, #1
10005832:	b2ff      	uxtb	r7, r7
10005834:	e7bf      	b.n	100057b6 <cdcd_init+0x1a>
10005836:	46c0      	nop			@ (mov r8, r8)
10005838:	20000ed0 	.word	0x20000ed0
1000583c:	20000ecc 	.word	0x20000ecc

10005840 <cdcd_deinit>:
10005840:	2300      	movs	r3, #0
10005842:	2b00      	cmp	r3, #0
10005844:	d001      	beq.n	1000584a <cdcd_deinit+0xa>
10005846:	2001      	movs	r0, #1
10005848:	4770      	bx	lr
1000584a:	0019      	movs	r1, r3
1000584c:	4a0e      	ldr	r2, [pc, #56]	@ (10005888 <cdcd_deinit+0x48>)
1000584e:	20c8      	movs	r0, #200	@ 0xc8
10005850:	4358      	muls	r0, r3
10005852:	1812      	adds	r2, r2, r0
10005854:	6a10      	ldr	r0, [r2, #32]
10005856:	6b12      	ldr	r2, [r2, #48]	@ 0x30
10005858:	4694      	mov	ip, r2
1000585a:	2800      	cmp	r0, #0
1000585c:	d006      	beq.n	1000586c <cdcd_deinit+0x2c>
1000585e:	4a0a      	ldr	r2, [pc, #40]	@ (10005888 <cdcd_deinit+0x48>)
10005860:	20c8      	movs	r0, #200	@ 0xc8
10005862:	4358      	muls	r0, r3
10005864:	1812      	adds	r2, r2, r0
10005866:	2000      	movs	r0, #0
10005868:	61d0      	str	r0, [r2, #28]
1000586a:	6210      	str	r0, [r2, #32]
1000586c:	4662      	mov	r2, ip
1000586e:	2a00      	cmp	r2, #0
10005870:	d006      	beq.n	10005880 <cdcd_deinit+0x40>
10005872:	4a05      	ldr	r2, [pc, #20]	@ (10005888 <cdcd_deinit+0x48>)
10005874:	20c8      	movs	r0, #200	@ 0xc8
10005876:	4341      	muls	r1, r0
10005878:	1852      	adds	r2, r2, r1
1000587a:	2100      	movs	r1, #0
1000587c:	6311      	str	r1, [r2, #48]	@ 0x30
1000587e:	6351      	str	r1, [r2, #52]	@ 0x34
10005880:	3301      	adds	r3, #1
10005882:	b2db      	uxtb	r3, r3
10005884:	e7dd      	b.n	10005842 <cdcd_deinit+0x2>
10005886:	46c0      	nop			@ (mov r8, r8)
10005888:	20000ed0 	.word	0x20000ed0

1000588c <cdcd_reset>:
1000588c:	b570      	push	{r4, r5, r6, lr}
1000588e:	2400      	movs	r4, #0
10005890:	2c00      	cmp	r4, #0
10005892:	d000      	beq.n	10005896 <cdcd_reset+0xa>
10005894:	bd70      	pop	{r4, r5, r6, pc}
10005896:	0025      	movs	r5, r4
10005898:	20c8      	movs	r0, #200	@ 0xc8
1000589a:	4360      	muls	r0, r4
1000589c:	4b15      	ldr	r3, [pc, #84]	@ (100058f4 <cdcd_reset+0x68>)
1000589e:	18c0      	adds	r0, r0, r3
100058a0:	2205      	movs	r2, #5
100058a2:	2100      	movs	r1, #0
100058a4:	f7fc fefc 	bl	100026a0 <__wrap_memset>
100058a8:	4b13      	ldr	r3, [pc, #76]	@ (100058f8 <cdcd_reset+0x6c>)
100058aa:	781b      	ldrb	r3, [r3, #0]
100058ac:	07db      	lsls	r3, r3, #31
100058ae:	d50f      	bpl.n	100058d0 <cdcd_reset+0x44>
100058b0:	4b11      	ldr	r3, [pc, #68]	@ (100058f8 <cdcd_reset+0x6c>)
100058b2:	781b      	ldrb	r3, [r3, #0]
100058b4:	079b      	lsls	r3, r3, #30
100058b6:	d513      	bpl.n	100058e0 <cdcd_reset+0x54>
100058b8:	20c8      	movs	r0, #200	@ 0xc8
100058ba:	4368      	muls	r0, r5
100058bc:	3020      	adds	r0, #32
100058be:	4b0d      	ldr	r3, [pc, #52]	@ (100058f4 <cdcd_reset+0x68>)
100058c0:	18c0      	adds	r0, r0, r3
100058c2:	3004      	adds	r0, #4
100058c4:	2101      	movs	r1, #1
100058c6:	f000 fd64 	bl	10006392 <tu_fifo_set_overwritable>
100058ca:	3401      	adds	r4, #1
100058cc:	b2e4      	uxtb	r4, r4
100058ce:	e7df      	b.n	10005890 <cdcd_reset+0x4>
100058d0:	20c8      	movs	r0, #200	@ 0xc8
100058d2:	4360      	muls	r0, r4
100058d4:	3010      	adds	r0, #16
100058d6:	4b07      	ldr	r3, [pc, #28]	@ (100058f4 <cdcd_reset+0x68>)
100058d8:	18c0      	adds	r0, r0, r3
100058da:	f000 fd3b 	bl	10006354 <tu_fifo_clear>
100058de:	e7e7      	b.n	100058b0 <cdcd_reset+0x24>
100058e0:	20c8      	movs	r0, #200	@ 0xc8
100058e2:	4368      	muls	r0, r5
100058e4:	3020      	adds	r0, #32
100058e6:	4b03      	ldr	r3, [pc, #12]	@ (100058f4 <cdcd_reset+0x68>)
100058e8:	18c0      	adds	r0, r0, r3
100058ea:	3004      	adds	r0, #4
100058ec:	f000 fd32 	bl	10006354 <tu_fifo_clear>
100058f0:	e7e2      	b.n	100058b8 <cdcd_reset+0x2c>
100058f2:	46c0      	nop			@ (mov r8, r8)
100058f4:	20000ed0 	.word	0x20000ed0
100058f8:	20000ecc 	.word	0x20000ecc

100058fc <cdcd_open>:
100058fc:	b5f0      	push	{r4, r5, r6, r7, lr}
100058fe:	46c6      	mov	lr, r8
10005900:	b500      	push	{lr}
10005902:	b082      	sub	sp, #8
10005904:	0007      	movs	r7, r0
10005906:	794b      	ldrb	r3, [r1, #5]
10005908:	2b02      	cmp	r3, #2
1000590a:	d16b      	bne.n	100059e4 <cdcd_open+0xe8>
1000590c:	798b      	ldrb	r3, [r1, #6]
1000590e:	2b02      	cmp	r3, #2
10005910:	d000      	beq.n	10005914 <cdcd_open+0x18>
10005912:	e06d      	b.n	100059f0 <cdcd_open+0xf4>
10005914:	2300      	movs	r3, #0
10005916:	001e      	movs	r6, r3
10005918:	2e00      	cmp	r6, #0
1000591a:	d008      	beq.n	1000592e <cdcd_open+0x32>
1000591c:	2e00      	cmp	r6, #0
1000591e:	d113      	bne.n	10005948 <cdcd_open+0x4c>
10005920:	788b      	ldrb	r3, [r1, #2]
10005922:	4640      	mov	r0, r8
10005924:	7003      	strb	r3, [r0, #0]
10005926:	780c      	ldrb	r4, [r1, #0]
10005928:	190c      	adds	r4, r1, r4
1000592a:	2509      	movs	r5, #9
1000592c:	e018      	b.n	10005960 <cdcd_open+0x64>
1000592e:	23c8      	movs	r3, #200	@ 0xc8
10005930:	4373      	muls	r3, r6
10005932:	4830      	ldr	r0, [pc, #192]	@ (100059f4 <cdcd_open+0xf8>)
10005934:	181b      	adds	r3, r3, r0
10005936:	4698      	mov	r8, r3
10005938:	789b      	ldrb	r3, [r3, #2]
1000593a:	2b00      	cmp	r3, #0
1000593c:	d0ee      	beq.n	1000591c <cdcd_open+0x20>
1000593e:	0033      	movs	r3, r6
10005940:	3301      	adds	r3, #1
10005942:	b2db      	uxtb	r3, r3
10005944:	001e      	movs	r6, r3
10005946:	e7e7      	b.n	10005918 <cdcd_open+0x1c>
10005948:	2242      	movs	r2, #66	@ 0x42
1000594a:	492b      	ldr	r1, [pc, #172]	@ (100059f8 <cdcd_open+0xfc>)
1000594c:	482b      	ldr	r0, [pc, #172]	@ (100059fc <cdcd_open+0x100>)
1000594e:	32ff      	adds	r2, #255	@ 0xff
10005950:	f7fe f918 	bl	10003b84 <__wrap_printf>
10005954:	2500      	movs	r5, #0
10005956:	e046      	b.n	100059e6 <cdcd_open+0xea>
10005958:	7823      	ldrb	r3, [r4, #0]
1000595a:	195d      	adds	r5, r3, r5
1000595c:	b2ad      	uxth	r5, r5
1000595e:	18e4      	adds	r4, r4, r3
10005960:	7863      	ldrb	r3, [r4, #1]
10005962:	2b24      	cmp	r3, #36	@ 0x24
10005964:	d101      	bne.n	1000596a <cdcd_open+0x6e>
10005966:	4295      	cmp	r5, r2
10005968:	d9f6      	bls.n	10005958 <cdcd_open+0x5c>
1000596a:	2b05      	cmp	r3, #5
1000596c:	d009      	beq.n	10005982 <cdcd_open+0x86>
1000596e:	7863      	ldrb	r3, [r4, #1]
10005970:	2b04      	cmp	r3, #4
10005972:	d102      	bne.n	1000597a <cdcd_open+0x7e>
10005974:	7963      	ldrb	r3, [r4, #5]
10005976:	2b0a      	cmp	r3, #10
10005978:	d019      	beq.n	100059ae <cdcd_open+0xb2>
1000597a:	0030      	movs	r0, r6
1000597c:	f7ff fdfc 	bl	10005578 <_prep_out_transaction>
10005980:	e031      	b.n	100059e6 <cdcd_open+0xea>
10005982:	0021      	movs	r1, r4
10005984:	0038      	movs	r0, r7
10005986:	f7ff f8bf 	bl	10004b08 <usbd_edpt_open>
1000598a:	2800      	cmp	r0, #0
1000598c:	d007      	beq.n	1000599e <cdcd_open+0xa2>
1000598e:	78a3      	ldrb	r3, [r4, #2]
10005990:	4642      	mov	r2, r8
10005992:	7053      	strb	r3, [r2, #1]
10005994:	7823      	ldrb	r3, [r4, #0]
10005996:	195d      	adds	r5, r3, r5
10005998:	b2ad      	uxth	r5, r5
1000599a:	18e4      	adds	r4, r4, r3
1000599c:	e7e7      	b.n	1000596e <cdcd_open+0x72>
1000599e:	2254      	movs	r2, #84	@ 0x54
100059a0:	4915      	ldr	r1, [pc, #84]	@ (100059f8 <cdcd_open+0xfc>)
100059a2:	4816      	ldr	r0, [pc, #88]	@ (100059fc <cdcd_open+0x100>)
100059a4:	32ff      	adds	r2, #255	@ 0xff
100059a6:	f7fe f8ed 	bl	10003b84 <__wrap_printf>
100059aa:	2500      	movs	r5, #0
100059ac:	e01b      	b.n	100059e6 <cdcd_open+0xea>
100059ae:	7821      	ldrb	r1, [r4, #0]
100059b0:	194d      	adds	r5, r1, r5
100059b2:	b2ad      	uxth	r5, r5
100059b4:	1861      	adds	r1, r4, r1
100059b6:	4642      	mov	r2, r8
100059b8:	1c93      	adds	r3, r2, #2
100059ba:	9301      	str	r3, [sp, #4]
100059bc:	1cd3      	adds	r3, r2, #3
100059be:	9300      	str	r3, [sp, #0]
100059c0:	2302      	movs	r3, #2
100059c2:	2202      	movs	r2, #2
100059c4:	0038      	movs	r0, r7
100059c6:	f7ff f8d1 	bl	10004b6c <usbd_open_edpt_pair>
100059ca:	2800      	cmp	r0, #0
100059cc:	d002      	beq.n	100059d4 <cdcd_open+0xd8>
100059ce:	350e      	adds	r5, #14
100059d0:	b2ad      	uxth	r5, r5
100059d2:	e7d2      	b.n	1000597a <cdcd_open+0x7e>
100059d4:	22b1      	movs	r2, #177	@ 0xb1
100059d6:	4908      	ldr	r1, [pc, #32]	@ (100059f8 <cdcd_open+0xfc>)
100059d8:	4808      	ldr	r0, [pc, #32]	@ (100059fc <cdcd_open+0x100>)
100059da:	0052      	lsls	r2, r2, #1
100059dc:	f7fe f8d2 	bl	10003b84 <__wrap_printf>
100059e0:	2500      	movs	r5, #0
100059e2:	e000      	b.n	100059e6 <cdcd_open+0xea>
100059e4:	2500      	movs	r5, #0
100059e6:	0028      	movs	r0, r5
100059e8:	b002      	add	sp, #8
100059ea:	bc80      	pop	{r7}
100059ec:	46b8      	mov	r8, r7
100059ee:	bdf0      	pop	{r4, r5, r6, r7, pc}
100059f0:	2500      	movs	r5, #0
100059f2:	e7f8      	b.n	100059e6 <cdcd_open+0xea>
100059f4:	20000ed0 	.word	0x20000ed0
100059f8:	10009bc0 	.word	0x10009bc0
100059fc:	1000940c 	.word	0x1000940c

10005a00 <cdcd_control_xfer_cb>:
10005a00:	b570      	push	{r4, r5, r6, lr}
10005a02:	0006      	movs	r6, r0
10005a04:	000d      	movs	r5, r1
10005a06:	0011      	movs	r1, r2
10005a08:	7812      	ldrb	r2, [r2, #0]
10005a0a:	2360      	movs	r3, #96	@ 0x60
10005a0c:	4013      	ands	r3, r2
10005a0e:	2b20      	cmp	r3, #32
10005a10:	d000      	beq.n	10005a14 <cdcd_control_xfer_cb+0x14>
10005a12:	e087      	b.n	10005b24 <cdcd_control_xfer_cb+0x124>
10005a14:	2400      	movs	r4, #0
10005a16:	2c00      	cmp	r4, #0
10005a18:	d00f      	beq.n	10005a3a <cdcd_control_xfer_cb+0x3a>
10005a1a:	2c00      	cmp	r4, #0
10005a1c:	d000      	beq.n	10005a20 <cdcd_control_xfer_cb+0x20>
10005a1e:	e083      	b.n	10005b28 <cdcd_control_xfer_cb+0x128>
10005a20:	784b      	ldrb	r3, [r1, #1]
10005a22:	2b22      	cmp	r3, #34	@ 0x22
10005a24:	d045      	beq.n	10005ab2 <cdcd_control_xfer_cb+0xb2>
10005a26:	d819      	bhi.n	10005a5c <cdcd_control_xfer_cb+0x5c>
10005a28:	2b20      	cmp	r3, #32
10005a2a:	d021      	beq.n	10005a70 <cdcd_control_xfer_cb+0x70>
10005a2c:	2b21      	cmp	r3, #33	@ 0x21
10005a2e:	d113      	bne.n	10005a58 <cdcd_control_xfer_cb+0x58>
10005a30:	002b      	movs	r3, r5
10005a32:	2d01      	cmp	r5, #1
10005a34:	d035      	beq.n	10005aa2 <cdcd_control_xfer_cb+0xa2>
10005a36:	2001      	movs	r0, #1
10005a38:	e075      	b.n	10005b26 <cdcd_control_xfer_cb+0x126>
10005a3a:	23c8      	movs	r3, #200	@ 0xc8
10005a3c:	4363      	muls	r3, r4
10005a3e:	4a3e      	ldr	r2, [pc, #248]	@ (10005b38 <cdcd_control_xfer_cb+0x138>)
10005a40:	1898      	adds	r0, r3, r2
10005a42:	4684      	mov	ip, r0
10005a44:	5cd2      	ldrb	r2, [r2, r3]
10005a46:	7908      	ldrb	r0, [r1, #4]
10005a48:	794b      	ldrb	r3, [r1, #5]
10005a4a:	021b      	lsls	r3, r3, #8
10005a4c:	4303      	orrs	r3, r0
10005a4e:	429a      	cmp	r2, r3
10005a50:	d0e3      	beq.n	10005a1a <cdcd_control_xfer_cb+0x1a>
10005a52:	3401      	adds	r4, #1
10005a54:	b2e4      	uxtb	r4, r4
10005a56:	e7de      	b.n	10005a16 <cdcd_control_xfer_cb+0x16>
10005a58:	2000      	movs	r0, #0
10005a5a:	e064      	b.n	10005b26 <cdcd_control_xfer_cb+0x126>
10005a5c:	2b23      	cmp	r3, #35	@ 0x23
10005a5e:	d105      	bne.n	10005a6c <cdcd_control_xfer_cb+0x6c>
10005a60:	2d01      	cmp	r5, #1
10005a62:	d04e      	beq.n	10005b02 <cdcd_control_xfer_cb+0x102>
10005a64:	2d03      	cmp	r5, #3
10005a66:	d051      	beq.n	10005b0c <cdcd_control_xfer_cb+0x10c>
10005a68:	2001      	movs	r0, #1
10005a6a:	e05c      	b.n	10005b26 <cdcd_control_xfer_cb+0x126>
10005a6c:	2000      	movs	r0, #0
10005a6e:	e05a      	b.n	10005b26 <cdcd_control_xfer_cb+0x126>
10005a70:	002b      	movs	r3, r5
10005a72:	2d01      	cmp	r5, #1
10005a74:	d003      	beq.n	10005a7e <cdcd_control_xfer_cb+0x7e>
10005a76:	2d03      	cmp	r5, #3
10005a78:	d009      	beq.n	10005a8e <cdcd_control_xfer_cb+0x8e>
10005a7a:	2001      	movs	r0, #1
10005a7c:	e053      	b.n	10005b26 <cdcd_control_xfer_cb+0x126>
10005a7e:	4662      	mov	r2, ip
10005a80:	3208      	adds	r2, #8
10005a82:	3306      	adds	r3, #6
10005a84:	0030      	movs	r0, r6
10005a86:	f7ff fc97 	bl	100053b8 <tud_control_xfer>
10005a8a:	2001      	movs	r0, #1
10005a8c:	e04b      	b.n	10005b26 <cdcd_control_xfer_cb+0x126>
10005a8e:	4b2b      	ldr	r3, [pc, #172]	@ (10005b3c <cdcd_control_xfer_cb+0x13c>)
10005a90:	2b00      	cmp	r3, #0
10005a92:	d04b      	beq.n	10005b2c <cdcd_control_xfer_cb+0x12c>
10005a94:	4661      	mov	r1, ip
10005a96:	3108      	adds	r1, #8
10005a98:	0020      	movs	r0, r4
10005a9a:	f7fe fbc7 	bl	1000422c <tud_cdc_line_coding_cb>
10005a9e:	2001      	movs	r0, #1
10005aa0:	e041      	b.n	10005b26 <cdcd_control_xfer_cb+0x126>
10005aa2:	4662      	mov	r2, ip
10005aa4:	3208      	adds	r2, #8
10005aa6:	3306      	adds	r3, #6
10005aa8:	0030      	movs	r0, r6
10005aaa:	f7ff fc85 	bl	100053b8 <tud_control_xfer>
10005aae:	2001      	movs	r0, #1
10005ab0:	e039      	b.n	10005b26 <cdcd_control_xfer_cb+0x126>
10005ab2:	2d01      	cmp	r5, #1
10005ab4:	d003      	beq.n	10005abe <cdcd_control_xfer_cb+0xbe>
10005ab6:	2d03      	cmp	r5, #3
10005ab8:	d006      	beq.n	10005ac8 <cdcd_control_xfer_cb+0xc8>
10005aba:	2001      	movs	r0, #1
10005abc:	e033      	b.n	10005b26 <cdcd_control_xfer_cb+0x126>
10005abe:	0030      	movs	r0, r6
10005ac0:	f7ff fc66 	bl	10005390 <tud_control_status>
10005ac4:	2001      	movs	r0, #1
10005ac6:	e02e      	b.n	10005b26 <cdcd_control_xfer_cb+0x126>
10005ac8:	788a      	ldrb	r2, [r1, #2]
10005aca:	78cb      	ldrb	r3, [r1, #3]
10005acc:	021b      	lsls	r3, r3, #8
10005ace:	4313      	orrs	r3, r2
10005ad0:	2201      	movs	r2, #1
10005ad2:	0015      	movs	r5, r2
10005ad4:	401d      	ands	r5, r3
10005ad6:	0859      	lsrs	r1, r3, #1
10005ad8:	400a      	ands	r2, r1
10005ada:	0016      	movs	r6, r2
10005adc:	4662      	mov	r2, ip
10005ade:	7113      	strb	r3, [r2, #4]
10005ae0:	2101      	movs	r1, #1
10005ae2:	4069      	eors	r1, r5
10005ae4:	b2c9      	uxtb	r1, r1
10005ae6:	4660      	mov	r0, ip
10005ae8:	3024      	adds	r0, #36	@ 0x24
10005aea:	f000 fc52 	bl	10006392 <tu_fifo_set_overwritable>
10005aee:	4b14      	ldr	r3, [pc, #80]	@ (10005b40 <cdcd_control_xfer_cb+0x140>)
10005af0:	2b00      	cmp	r3, #0
10005af2:	d01d      	beq.n	10005b30 <cdcd_control_xfer_cb+0x130>
10005af4:	0032      	movs	r2, r6
10005af6:	0029      	movs	r1, r5
10005af8:	0020      	movs	r0, r4
10005afa:	e000      	b.n	10005afe <cdcd_control_xfer_cb+0xfe>
10005afc:	bf00      	nop
10005afe:	2001      	movs	r0, #1
10005b00:	e011      	b.n	10005b26 <cdcd_control_xfer_cb+0x126>
10005b02:	0030      	movs	r0, r6
10005b04:	f7ff fc44 	bl	10005390 <tud_control_status>
10005b08:	2001      	movs	r0, #1
10005b0a:	e00c      	b.n	10005b26 <cdcd_control_xfer_cb+0x126>
10005b0c:	4b0d      	ldr	r3, [pc, #52]	@ (10005b44 <cdcd_control_xfer_cb+0x144>)
10005b0e:	2b00      	cmp	r3, #0
10005b10:	d010      	beq.n	10005b34 <cdcd_control_xfer_cb+0x134>
10005b12:	788b      	ldrb	r3, [r1, #2]
10005b14:	78c9      	ldrb	r1, [r1, #3]
10005b16:	0209      	lsls	r1, r1, #8
10005b18:	4319      	orrs	r1, r3
10005b1a:	0020      	movs	r0, r4
10005b1c:	e000      	b.n	10005b20 <cdcd_control_xfer_cb+0x120>
10005b1e:	bf00      	nop
10005b20:	2001      	movs	r0, #1
10005b22:	e000      	b.n	10005b26 <cdcd_control_xfer_cb+0x126>
10005b24:	2000      	movs	r0, #0
10005b26:	bd70      	pop	{r4, r5, r6, pc}
10005b28:	2000      	movs	r0, #0
10005b2a:	e7fc      	b.n	10005b26 <cdcd_control_xfer_cb+0x126>
10005b2c:	2001      	movs	r0, #1
10005b2e:	e7fa      	b.n	10005b26 <cdcd_control_xfer_cb+0x126>
10005b30:	2001      	movs	r0, #1
10005b32:	e7f8      	b.n	10005b26 <cdcd_control_xfer_cb+0x126>
10005b34:	2001      	movs	r0, #1
10005b36:	e7f6      	b.n	10005b26 <cdcd_control_xfer_cb+0x126>
10005b38:	20000ed0 	.word	0x20000ed0
10005b3c:	1000422d 	.word	0x1000422d
	...

10005b48 <cdcd_xfer_cb>:
10005b48:	b5f0      	push	{r4, r5, r6, r7, lr}
10005b4a:	46ce      	mov	lr, r9
10005b4c:	4647      	mov	r7, r8
10005b4e:	b580      	push	{r7, lr}
10005b50:	b083      	sub	sp, #12
10005b52:	9001      	str	r0, [sp, #4]
10005b54:	000e      	movs	r6, r1
10005b56:	9300      	str	r3, [sp, #0]
10005b58:	2400      	movs	r4, #0
10005b5a:	2c00      	cmp	r4, #0
10005b5c:	d00f      	beq.n	10005b7e <cdcd_xfer_cb+0x36>
10005b5e:	2c00      	cmp	r4, #0
10005b60:	d11a      	bne.n	10005b98 <cdcd_xfer_cb+0x50>
10005b62:	46a0      	mov	r8, r4
10005b64:	78eb      	ldrb	r3, [r5, #3]
10005b66:	42b3      	cmp	r3, r6
10005b68:	d01e      	beq.n	10005ba8 <cdcd_xfer_cb+0x60>
10005b6a:	78ab      	ldrb	r3, [r5, #2]
10005b6c:	42b3      	cmp	r3, r6
10005b6e:	d055      	beq.n	10005c1c <cdcd_xfer_cb+0xd4>
10005b70:	2401      	movs	r4, #1
10005b72:	0020      	movs	r0, r4
10005b74:	b003      	add	sp, #12
10005b76:	bcc0      	pop	{r6, r7}
10005b78:	46b9      	mov	r9, r7
10005b7a:	46b0      	mov	r8, r6
10005b7c:	bdf0      	pop	{r4, r5, r6, r7, pc}
10005b7e:	25c8      	movs	r5, #200	@ 0xc8
10005b80:	4365      	muls	r5, r4
10005b82:	4b3d      	ldr	r3, [pc, #244]	@ (10005c78 <cdcd_xfer_cb+0x130>)
10005b84:	18ed      	adds	r5, r5, r3
10005b86:	78eb      	ldrb	r3, [r5, #3]
10005b88:	42b3      	cmp	r3, r6
10005b8a:	d0e8      	beq.n	10005b5e <cdcd_xfer_cb+0x16>
10005b8c:	78ab      	ldrb	r3, [r5, #2]
10005b8e:	42b3      	cmp	r3, r6
10005b90:	d0e5      	beq.n	10005b5e <cdcd_xfer_cb+0x16>
10005b92:	3401      	adds	r4, #1
10005b94:	b2e4      	uxtb	r4, r4
10005b96:	e7e0      	b.n	10005b5a <cdcd_xfer_cb+0x12>
10005b98:	22e6      	movs	r2, #230	@ 0xe6
10005b9a:	4938      	ldr	r1, [pc, #224]	@ (10005c7c <cdcd_xfer_cb+0x134>)
10005b9c:	4838      	ldr	r0, [pc, #224]	@ (10005c80 <cdcd_xfer_cb+0x138>)
10005b9e:	0052      	lsls	r2, r2, #1
10005ba0:	f7fd fff0 	bl	10003b84 <__wrap_printf>
10005ba4:	2400      	movs	r4, #0
10005ba6:	e7e4      	b.n	10005b72 <cdcd_xfer_cb+0x2a>
10005ba8:	2310      	movs	r3, #16
10005baa:	469c      	mov	ip, r3
10005bac:	44ac      	add	ip, r5
10005bae:	4660      	mov	r0, ip
10005bb0:	46e1      	mov	r9, ip
10005bb2:	01e1      	lsls	r1, r4, #7
10005bb4:	4b33      	ldr	r3, [pc, #204]	@ (10005c84 <cdcd_xfer_cb+0x13c>)
10005bb6:	18c9      	adds	r1, r1, r3
10005bb8:	466b      	mov	r3, sp
10005bba:	881a      	ldrh	r2, [r3, #0]
10005bbc:	f000 fbc5 	bl	1000634a <tu_fifo_write_n>
10005bc0:	4b31      	ldr	r3, [pc, #196]	@ (10005c88 <cdcd_xfer_cb+0x140>)
10005bc2:	2b00      	cmp	r3, #0
10005bc4:	d01a      	beq.n	10005bfc <cdcd_xfer_cb+0xb4>
10005bc6:	796b      	ldrb	r3, [r5, #5]
10005bc8:	2bff      	cmp	r3, #255	@ 0xff
10005bca:	d017      	beq.n	10005bfc <cdcd_xfer_cb+0xb4>
10005bcc:	2700      	movs	r7, #0
10005bce:	e000      	b.n	10005bd2 <cdcd_xfer_cb+0x8a>
10005bd0:	3701      	adds	r7, #1
10005bd2:	9b00      	ldr	r3, [sp, #0]
10005bd4:	429f      	cmp	r7, r3
10005bd6:	d211      	bcs.n	10005bfc <cdcd_xfer_cb+0xb4>
10005bd8:	796a      	ldrb	r2, [r5, #5]
10005bda:	4b2a      	ldr	r3, [pc, #168]	@ (10005c84 <cdcd_xfer_cb+0x13c>)
10005bdc:	4641      	mov	r1, r8
10005bde:	01c9      	lsls	r1, r1, #7
10005be0:	185b      	adds	r3, r3, r1
10005be2:	5ddb      	ldrb	r3, [r3, r7]
10005be4:	429a      	cmp	r2, r3
10005be6:	d1f3      	bne.n	10005bd0 <cdcd_xfer_cb+0x88>
10005be8:	4648      	mov	r0, r9
10005bea:	f000 fb20 	bl	1000622e <tu_fifo_empty>
10005bee:	2800      	cmp	r0, #0
10005bf0:	d1ee      	bne.n	10005bd0 <cdcd_xfer_cb+0x88>
10005bf2:	7969      	ldrb	r1, [r5, #5]
10005bf4:	0020      	movs	r0, r4
10005bf6:	e000      	b.n	10005bfa <cdcd_xfer_cb+0xb2>
10005bf8:	bf00      	nop
10005bfa:	e7e9      	b.n	10005bd0 <cdcd_xfer_cb+0x88>
10005bfc:	4b23      	ldr	r3, [pc, #140]	@ (10005c8c <cdcd_xfer_cb+0x144>)
10005bfe:	2b00      	cmp	r3, #0
10005c00:	d004      	beq.n	10005c0c <cdcd_xfer_cb+0xc4>
10005c02:	4648      	mov	r0, r9
10005c04:	f000 fb13 	bl	1000622e <tu_fifo_empty>
10005c08:	2800      	cmp	r0, #0
10005c0a:	d003      	beq.n	10005c14 <cdcd_xfer_cb+0xcc>
10005c0c:	0020      	movs	r0, r4
10005c0e:	f7ff fcb3 	bl	10005578 <_prep_out_transaction>
10005c12:	e7aa      	b.n	10005b6a <cdcd_xfer_cb+0x22>
10005c14:	0020      	movs	r0, r4
10005c16:	e000      	b.n	10005c1a <cdcd_xfer_cb+0xd2>
10005c18:	bf00      	nop
10005c1a:	e7f7      	b.n	10005c0c <cdcd_xfer_cb+0xc4>
10005c1c:	4b1c      	ldr	r3, [pc, #112]	@ (10005c90 <cdcd_xfer_cb+0x148>)
10005c1e:	2b00      	cmp	r3, #0
10005c20:	d002      	beq.n	10005c28 <cdcd_xfer_cb+0xe0>
10005c22:	0020      	movs	r0, r4
10005c24:	e000      	b.n	10005c28 <cdcd_xfer_cb+0xe0>
10005c26:	bf00      	nop
10005c28:	0020      	movs	r0, r4
10005c2a:	f7ff fd33 	bl	10005694 <tud_cdc_n_write_flush>
10005c2e:	2800      	cmp	r0, #0
10005c30:	d001      	beq.n	10005c36 <cdcd_xfer_cb+0xee>
10005c32:	2401      	movs	r4, #1
10005c34:	e79d      	b.n	10005b72 <cdcd_xfer_cb+0x2a>
10005c36:	0028      	movs	r0, r5
10005c38:	3024      	adds	r0, #36	@ 0x24
10005c3a:	f000 fae2 	bl	10006202 <tu_fifo_count>
10005c3e:	2800      	cmp	r0, #0
10005c40:	d115      	bne.n	10005c6e <cdcd_xfer_cb+0x126>
10005c42:	9b00      	ldr	r3, [sp, #0]
10005c44:	2b00      	cmp	r3, #0
10005c46:	d014      	beq.n	10005c72 <cdcd_xfer_cb+0x12a>
10005c48:	069b      	lsls	r3, r3, #26
10005c4a:	d001      	beq.n	10005c50 <cdcd_xfer_cb+0x108>
10005c4c:	2401      	movs	r4, #1
10005c4e:	e790      	b.n	10005b72 <cdcd_xfer_cb+0x2a>
10005c50:	78a9      	ldrb	r1, [r5, #2]
10005c52:	9801      	ldr	r0, [sp, #4]
10005c54:	f7fe ffca 	bl	10004bec <usbd_edpt_claim>
10005c58:	1e04      	subs	r4, r0, #0
10005c5a:	d101      	bne.n	10005c60 <cdcd_xfer_cb+0x118>
10005c5c:	2401      	movs	r4, #1
10005c5e:	e788      	b.n	10005b72 <cdcd_xfer_cb+0x2a>
10005c60:	78a9      	ldrb	r1, [r5, #2]
10005c62:	2300      	movs	r3, #0
10005c64:	2200      	movs	r2, #0
10005c66:	9801      	ldr	r0, [sp, #4]
10005c68:	f7fe ffe8 	bl	10004c3c <usbd_edpt_xfer>
10005c6c:	e781      	b.n	10005b72 <cdcd_xfer_cb+0x2a>
10005c6e:	2401      	movs	r4, #1
10005c70:	e77f      	b.n	10005b72 <cdcd_xfer_cb+0x2a>
10005c72:	2401      	movs	r4, #1
10005c74:	e77d      	b.n	10005b72 <cdcd_xfer_cb+0x2a>
10005c76:	46c0      	nop			@ (mov r8, r8)
10005c78:	20000ed0 	.word	0x20000ed0
10005c7c:	10009bb0 	.word	0x10009bb0
10005c80:	1000940c 	.word	0x1000940c
10005c84:	20000e4c 	.word	0x20000e4c
	...

10005c94 <tusb_rhport_init>:
10005c94:	b510      	push	{r4, lr}
10005c96:	b082      	sub	sp, #8
10005c98:	2900      	cmp	r1, #0
10005c9a:	d00b      	beq.n	10005cb4 <tusb_rhport_init+0x20>
10005c9c:	2801      	cmp	r0, #1
10005c9e:	d81d      	bhi.n	10005cdc <tusb_rhport_init+0x48>
10005ca0:	780b      	ldrb	r3, [r1, #0]
10005ca2:	2b00      	cmp	r3, #0
10005ca4:	d01a      	beq.n	10005cdc <tusb_rhport_init+0x48>
10005ca6:	4a17      	ldr	r2, [pc, #92]	@ (10005d04 <tusb_rhport_init+0x70>)
10005ca8:	5413      	strb	r3, [r2, r0]
10005caa:	2b01      	cmp	r3, #1
10005cac:	d020      	beq.n	10005cf0 <tusb_rhport_init+0x5c>
10005cae:	2301      	movs	r3, #1
10005cb0:	001c      	movs	r4, r3
10005cb2:	e01a      	b.n	10005cea <tusb_rhport_init+0x56>
10005cb4:	a901      	add	r1, sp, #4
10005cb6:	2301      	movs	r3, #1
10005cb8:	700b      	strb	r3, [r1, #0]
10005cba:	2300      	movs	r3, #0
10005cbc:	704b      	strb	r3, [r1, #1]
10005cbe:	2000      	movs	r0, #0
10005cc0:	f7fe fea4 	bl	10004a0c <tud_rhport_init>
10005cc4:	1e04      	subs	r4, r0, #0
10005cc6:	d003      	beq.n	10005cd0 <tusb_rhport_init+0x3c>
10005cc8:	4b0e      	ldr	r3, [pc, #56]	@ (10005d04 <tusb_rhport_init+0x70>)
10005cca:	2201      	movs	r2, #1
10005ccc:	701a      	strb	r2, [r3, #0]
10005cce:	e00c      	b.n	10005cea <tusb_rhport_init+0x56>
10005cd0:	490d      	ldr	r1, [pc, #52]	@ (10005d08 <tusb_rhport_init+0x74>)
10005cd2:	480e      	ldr	r0, [pc, #56]	@ (10005d0c <tusb_rhport_init+0x78>)
10005cd4:	2247      	movs	r2, #71	@ 0x47
10005cd6:	f7fd ff55 	bl	10003b84 <__wrap_printf>
10005cda:	e006      	b.n	10005cea <tusb_rhport_init+0x56>
10005cdc:	490a      	ldr	r1, [pc, #40]	@ (10005d08 <tusb_rhport_init+0x74>)
10005cde:	480b      	ldr	r0, [pc, #44]	@ (10005d0c <tusb_rhport_init+0x78>)
10005ce0:	225a      	movs	r2, #90	@ 0x5a
10005ce2:	f7fd ff4f 	bl	10003b84 <__wrap_printf>
10005ce6:	2300      	movs	r3, #0
10005ce8:	001c      	movs	r4, r3
10005cea:	0020      	movs	r0, r4
10005cec:	b002      	add	sp, #8
10005cee:	bd10      	pop	{r4, pc}
10005cf0:	f7fe fe8c 	bl	10004a0c <tud_rhport_init>
10005cf4:	1e04      	subs	r4, r0, #0
10005cf6:	d1f8      	bne.n	10005cea <tusb_rhport_init+0x56>
10005cf8:	4903      	ldr	r1, [pc, #12]	@ (10005d08 <tusb_rhport_init+0x74>)
10005cfa:	4804      	ldr	r0, [pc, #16]	@ (10005d0c <tusb_rhport_init+0x78>)
10005cfc:	225f      	movs	r2, #95	@ 0x5f
10005cfe:	f7fd ff41 	bl	10003b84 <__wrap_printf>
10005d02:	e7f2      	b.n	10005cea <tusb_rhport_init+0x56>
10005d04:	20000fec 	.word	0x20000fec
10005d08:	10009bf8 	.word	0x10009bf8
10005d0c:	1000940c 	.word	0x1000940c

10005d10 <tu_edpt_claim>:
10005d10:	b570      	push	{r4, r5, r6, lr}
10005d12:	0004      	movs	r4, r0
10005d14:	000a      	movs	r2, r1
10005d16:	000d      	movs	r5, r1
10005d18:	7803      	ldrb	r3, [r0, #0]
10005d1a:	07db      	lsls	r3, r3, #31
10005d1c:	0fd8      	lsrs	r0, r3, #31
10005d1e:	2b00      	cmp	r3, #0
10005d20:	d11f      	bne.n	10005d62 <tu_edpt_claim+0x52>
10005d22:	7823      	ldrb	r3, [r4, #0]
10005d24:	075b      	lsls	r3, r3, #29
10005d26:	0fd9      	lsrs	r1, r3, #31
10005d28:	000e      	movs	r6, r1
10005d2a:	2b00      	cmp	r3, #0
10005d2c:	db1a      	blt.n	10005d64 <tu_edpt_claim+0x54>
10005d2e:	2101      	movs	r1, #1
10005d30:	4249      	negs	r1, r1
10005d32:	0010      	movs	r0, r2
10005d34:	f002 fc88 	bl	10008648 <__mutex_enter_timeout_ms_veneer>
10005d38:	7823      	ldrb	r3, [r4, #0]
10005d3a:	07db      	lsls	r3, r3, #31
10005d3c:	0fda      	lsrs	r2, r3, #31
10005d3e:	2b00      	cmp	r3, #0
10005d40:	d108      	bne.n	10005d54 <tu_edpt_claim+0x44>
10005d42:	7823      	ldrb	r3, [r4, #0]
10005d44:	075b      	lsls	r3, r3, #29
10005d46:	d40a      	bmi.n	10005d5e <tu_edpt_claim+0x4e>
10005d48:	7823      	ldrb	r3, [r4, #0]
10005d4a:	2204      	movs	r2, #4
10005d4c:	4313      	orrs	r3, r2
10005d4e:	7023      	strb	r3, [r4, #0]
10005d50:	2301      	movs	r3, #1
10005d52:	001e      	movs	r6, r3
10005d54:	0028      	movs	r0, r5
10005d56:	f002 fc9f 	bl	10008698 <__mutex_exit_veneer>
10005d5a:	0030      	movs	r0, r6
10005d5c:	e002      	b.n	10005d64 <tu_edpt_claim+0x54>
10005d5e:	0016      	movs	r6, r2
10005d60:	e7f8      	b.n	10005d54 <tu_edpt_claim+0x44>
10005d62:	2000      	movs	r0, #0
10005d64:	bd70      	pop	{r4, r5, r6, pc}

10005d66 <tu_edpt_release>:
10005d66:	b570      	push	{r4, r5, r6, lr}
10005d68:	0004      	movs	r4, r0
10005d6a:	0006      	movs	r6, r0
10005d6c:	000a      	movs	r2, r1
10005d6e:	000d      	movs	r5, r1
10005d70:	2101      	movs	r1, #1
10005d72:	4249      	negs	r1, r1
10005d74:	0010      	movs	r0, r2
10005d76:	f002 fc67 	bl	10008648 <__mutex_enter_timeout_ms_veneer>
10005d7a:	7823      	ldrb	r3, [r4, #0]
10005d7c:	075b      	lsls	r3, r3, #29
10005d7e:	0fda      	lsrs	r2, r3, #31
10005d80:	0014      	movs	r4, r2
10005d82:	2b00      	cmp	r3, #0
10005d84:	db04      	blt.n	10005d90 <tu_edpt_release+0x2a>
10005d86:	0028      	movs	r0, r5
10005d88:	f002 fc86 	bl	10008698 <__mutex_exit_veneer>
10005d8c:	0020      	movs	r0, r4
10005d8e:	bd70      	pop	{r4, r5, r6, pc}
10005d90:	7833      	ldrb	r3, [r6, #0]
10005d92:	07db      	lsls	r3, r3, #31
10005d94:	d404      	bmi.n	10005da0 <tu_edpt_release+0x3a>
10005d96:	7833      	ldrb	r3, [r6, #0]
10005d98:	2204      	movs	r2, #4
10005d9a:	4393      	bics	r3, r2
10005d9c:	7033      	strb	r3, [r6, #0]
10005d9e:	e7f2      	b.n	10005d86 <tu_edpt_release+0x20>
10005da0:	2300      	movs	r3, #0
10005da2:	001c      	movs	r4, r3
10005da4:	e7ef      	b.n	10005d86 <tu_edpt_release+0x20>
	...

10005da8 <tu_edpt_validate>:
10005da8:	b510      	push	{r4, lr}
10005daa:	7902      	ldrb	r2, [r0, #4]
10005dac:	7943      	ldrb	r3, [r0, #5]
10005dae:	021b      	lsls	r3, r3, #8
10005db0:	4313      	orrs	r3, r2
10005db2:	055b      	lsls	r3, r3, #21
10005db4:	0d5b      	lsrs	r3, r3, #21
10005db6:	78c2      	ldrb	r2, [r0, #3]
10005db8:	0792      	lsls	r2, r2, #30
10005dba:	0f92      	lsrs	r2, r2, #30
10005dbc:	2a02      	cmp	r2, #2
10005dbe:	d014      	beq.n	10005dea <tu_edpt_validate+0x42>
10005dc0:	2a03      	cmp	r2, #3
10005dc2:	d02d      	beq.n	10005e20 <tu_edpt_validate+0x78>
10005dc4:	2a01      	cmp	r2, #1
10005dc6:	d13c      	bne.n	10005e42 <tu_edpt_validate+0x9a>
10005dc8:	2902      	cmp	r1, #2
10005dca:	d004      	beq.n	10005dd6 <tu_edpt_validate+0x2e>
10005dcc:	4a1e      	ldr	r2, [pc, #120]	@ (10005e48 <tu_edpt_validate+0xa0>)
10005dce:	429a      	cmp	r2, r3
10005dd0:	d304      	bcc.n	10005ddc <tu_edpt_validate+0x34>
10005dd2:	2001      	movs	r0, #1
10005dd4:	e036      	b.n	10005e44 <tu_edpt_validate+0x9c>
10005dd6:	2280      	movs	r2, #128	@ 0x80
10005dd8:	00d2      	lsls	r2, r2, #3
10005dda:	e7f8      	b.n	10005dce <tu_edpt_validate+0x26>
10005ddc:	491b      	ldr	r1, [pc, #108]	@ (10005e4c <tu_edpt_validate+0xa4>)
10005dde:	481c      	ldr	r0, [pc, #112]	@ (10005e50 <tu_edpt_validate+0xa8>)
10005de0:	22d1      	movs	r2, #209	@ 0xd1
10005de2:	f7fd fecf 	bl	10003b84 <__wrap_printf>
10005de6:	2000      	movs	r0, #0
10005de8:	e02c      	b.n	10005e44 <tu_edpt_validate+0x9c>
10005dea:	2902      	cmp	r1, #2
10005dec:	d003      	beq.n	10005df6 <tu_edpt_validate+0x4e>
10005dee:	2b40      	cmp	r3, #64	@ 0x40
10005df0:	d80f      	bhi.n	10005e12 <tu_edpt_validate+0x6a>
10005df2:	2001      	movs	r0, #1
10005df4:	e026      	b.n	10005e44 <tu_edpt_validate+0x9c>
10005df6:	2280      	movs	r2, #128	@ 0x80
10005df8:	0092      	lsls	r2, r2, #2
10005dfa:	4293      	cmp	r3, r2
10005dfc:	d101      	bne.n	10005e02 <tu_edpt_validate+0x5a>
10005dfe:	2001      	movs	r0, #1
10005e00:	e020      	b.n	10005e44 <tu_edpt_validate+0x9c>
10005e02:	4912      	ldr	r1, [pc, #72]	@ (10005e4c <tu_edpt_validate+0xa4>)
10005e04:	4812      	ldr	r0, [pc, #72]	@ (10005e50 <tu_edpt_validate+0xa8>)
10005e06:	3a29      	subs	r2, #41	@ 0x29
10005e08:	3aff      	subs	r2, #255	@ 0xff
10005e0a:	f7fd febb 	bl	10003b84 <__wrap_printf>
10005e0e:	2000      	movs	r0, #0
10005e10:	e018      	b.n	10005e44 <tu_edpt_validate+0x9c>
10005e12:	490e      	ldr	r1, [pc, #56]	@ (10005e4c <tu_edpt_validate+0xa4>)
10005e14:	480e      	ldr	r0, [pc, #56]	@ (10005e50 <tu_edpt_validate+0xa8>)
10005e16:	22db      	movs	r2, #219	@ 0xdb
10005e18:	f7fd feb4 	bl	10003b84 <__wrap_printf>
10005e1c:	2000      	movs	r0, #0
10005e1e:	e011      	b.n	10005e44 <tu_edpt_validate+0x9c>
10005e20:	2902      	cmp	r1, #2
10005e22:	d004      	beq.n	10005e2e <tu_edpt_validate+0x86>
10005e24:	2240      	movs	r2, #64	@ 0x40
10005e26:	429a      	cmp	r2, r3
10005e28:	d304      	bcc.n	10005e34 <tu_edpt_validate+0x8c>
10005e2a:	2001      	movs	r0, #1
10005e2c:	e00a      	b.n	10005e44 <tu_edpt_validate+0x9c>
10005e2e:	2280      	movs	r2, #128	@ 0x80
10005e30:	00d2      	lsls	r2, r2, #3
10005e32:	e7f8      	b.n	10005e26 <tu_edpt_validate+0x7e>
10005e34:	4905      	ldr	r1, [pc, #20]	@ (10005e4c <tu_edpt_validate+0xa4>)
10005e36:	4806      	ldr	r0, [pc, #24]	@ (10005e50 <tu_edpt_validate+0xa8>)
10005e38:	22e1      	movs	r2, #225	@ 0xe1
10005e3a:	f7fd fea3 	bl	10003b84 <__wrap_printf>
10005e3e:	2000      	movs	r0, #0
10005e40:	e000      	b.n	10005e44 <tu_edpt_validate+0x9c>
10005e42:	2000      	movs	r0, #0
10005e44:	bd10      	pop	{r4, pc}
10005e46:	46c0      	nop			@ (mov r8, r8)
10005e48:	000003ff 	.word	0x000003ff
10005e4c:	10009be4 	.word	0x10009be4
10005e50:	1000940c 	.word	0x1000940c

10005e54 <tu_edpt_bind_driver>:
10005e54:	b510      	push	{r4, lr}
10005e56:	4684      	mov	ip, r0
10005e58:	001c      	movs	r4, r3
10005e5a:	188b      	adds	r3, r1, r2
10005e5c:	e001      	b.n	10005e62 <tu_edpt_bind_driver+0xe>
10005e5e:	780a      	ldrb	r2, [r1, #0]
10005e60:	1889      	adds	r1, r1, r2
10005e62:	4299      	cmp	r1, r3
10005e64:	d20a      	bcs.n	10005e7c <tu_edpt_bind_driver+0x28>
10005e66:	784a      	ldrb	r2, [r1, #1]
10005e68:	2a05      	cmp	r2, #5
10005e6a:	d1f8      	bne.n	10005e5e <tu_edpt_bind_driver+0xa>
10005e6c:	7888      	ldrb	r0, [r1, #2]
10005e6e:	327a      	adds	r2, #122	@ 0x7a
10005e70:	4002      	ands	r2, r0
10005e72:	0052      	lsls	r2, r2, #1
10005e74:	4462      	add	r2, ip
10005e76:	09c0      	lsrs	r0, r0, #7
10005e78:	5414      	strb	r4, [r2, r0]
10005e7a:	e7f0      	b.n	10005e5e <tu_edpt_bind_driver+0xa>
10005e7c:	bd10      	pop	{r4, pc}

10005e7e <advance_index>:
10005e7e:	0003      	movs	r3, r0
10005e80:	188a      	adds	r2, r1, r2
10005e82:	b290      	uxth	r0, r2
10005e84:	4281      	cmp	r1, r0
10005e86:	d802      	bhi.n	10005e8e <advance_index+0x10>
10005e88:	005a      	lsls	r2, r3, #1
10005e8a:	4290      	cmp	r0, r2
10005e8c:	db03      	blt.n	10005e96 <advance_index+0x18>
10005e8e:	005b      	lsls	r3, r3, #1
10005e90:	b29b      	uxth	r3, r3
10005e92:	1ac0      	subs	r0, r0, r3
10005e94:	b280      	uxth	r0, r0
10005e96:	4770      	bx	lr

10005e98 <_tu_fifo_peek>:
10005e98:	b570      	push	{r4, r5, r6, lr}
10005e9a:	000e      	movs	r6, r1
10005e9c:	0014      	movs	r4, r2
10005e9e:	8881      	ldrh	r1, [r0, #4]
10005ea0:	429a      	cmp	r2, r3
10005ea2:	d30b      	bcc.n	10005ebc <_tu_fifo_peek+0x24>
10005ea4:	1ad2      	subs	r2, r2, r3
10005ea6:	b292      	uxth	r2, r2
10005ea8:	2a00      	cmp	r2, #0
10005eaa:	d020      	beq.n	10005eee <_tu_fifo_peek+0x56>
10005eac:	4291      	cmp	r1, r2
10005eae:	d211      	bcs.n	10005ed4 <_tu_fifo_peek+0x3c>
10005eb0:	42a1      	cmp	r1, r4
10005eb2:	d80a      	bhi.n	10005eca <_tu_fifo_peek+0x32>
10005eb4:	1a64      	subs	r4, r4, r1
10005eb6:	b2a3      	uxth	r3, r4
10005eb8:	8143      	strh	r3, [r0, #10]
10005eba:	e00b      	b.n	10005ed4 <_tu_fifo_peek+0x3c>
10005ebc:	1ad2      	subs	r2, r2, r3
10005ebe:	b292      	uxth	r2, r2
10005ec0:	004d      	lsls	r5, r1, #1
10005ec2:	46ac      	mov	ip, r5
10005ec4:	4462      	add	r2, ip
10005ec6:	b292      	uxth	r2, r2
10005ec8:	e7ee      	b.n	10005ea8 <_tu_fifo_peek+0x10>
10005eca:	190c      	adds	r4, r1, r4
10005ecc:	b2a3      	uxth	r3, r4
10005ece:	e7f3      	b.n	10005eb8 <_tu_fifo_peek+0x20>
10005ed0:	1a5b      	subs	r3, r3, r1
10005ed2:	b29b      	uxth	r3, r3
10005ed4:	4299      	cmp	r1, r3
10005ed6:	d9fb      	bls.n	10005ed0 <_tu_fifo_peek+0x38>
10005ed8:	6801      	ldr	r1, [r0, #0]
10005eda:	88c2      	ldrh	r2, [r0, #6]
10005edc:	0452      	lsls	r2, r2, #17
10005ede:	0c52      	lsrs	r2, r2, #17
10005ee0:	4353      	muls	r3, r2
10005ee2:	18c9      	adds	r1, r1, r3
10005ee4:	0030      	movs	r0, r6
10005ee6:	f7fc fbe1 	bl	100026ac <__wrap___aeabi_memcpy>
10005eea:	2001      	movs	r0, #1
10005eec:	bd70      	pop	{r4, r5, r6, pc}
10005eee:	2000      	movs	r0, #0
10005ef0:	e7fc      	b.n	10005eec <_tu_fifo_peek+0x54>

10005ef2 <_ff_pull_n>:
10005ef2:	b5f8      	push	{r3, r4, r5, r6, r7, lr}
10005ef4:	46ce      	mov	lr, r9
10005ef6:	4647      	mov	r7, r8
10005ef8:	b580      	push	{r7, lr}
10005efa:	0004      	movs	r4, r0
10005efc:	000f      	movs	r7, r1
10005efe:	0018      	movs	r0, r3
10005f00:	ab08      	add	r3, sp, #32
10005f02:	781b      	ldrb	r3, [r3, #0]
10005f04:	469c      	mov	ip, r3
10005f06:	88a3      	ldrh	r3, [r4, #4]
10005f08:	1a19      	subs	r1, r3, r0
10005f0a:	b289      	uxth	r1, r1
10005f0c:	1ac3      	subs	r3, r0, r3
10005f0e:	18d3      	adds	r3, r2, r3
10005f10:	b29b      	uxth	r3, r3
10005f12:	88e5      	ldrh	r5, [r4, #6]
10005f14:	046d      	lsls	r5, r5, #17
10005f16:	0c6d      	lsrs	r5, r5, #17
10005f18:	000e      	movs	r6, r1
10005f1a:	436e      	muls	r6, r5
10005f1c:	b2b6      	uxth	r6, r6
10005f1e:	46b0      	mov	r8, r6
10005f20:	436b      	muls	r3, r5
10005f22:	b29b      	uxth	r3, r3
10005f24:	4699      	mov	r9, r3
10005f26:	6823      	ldr	r3, [r4, #0]
10005f28:	4368      	muls	r0, r5
10005f2a:	181b      	adds	r3, r3, r0
10005f2c:	4666      	mov	r6, ip
10005f2e:	2e00      	cmp	r6, #0
10005f30:	d106      	bne.n	10005f40 <_ff_pull_n+0x4e>
10005f32:	4291      	cmp	r1, r2
10005f34:	d308      	bcc.n	10005f48 <_ff_pull_n+0x56>
10005f36:	436a      	muls	r2, r5
10005f38:	0019      	movs	r1, r3
10005f3a:	0038      	movs	r0, r7
10005f3c:	f7fc fbb6 	bl	100026ac <__wrap___aeabi_memcpy>
10005f40:	bcc0      	pop	{r6, r7}
10005f42:	46b9      	mov	r9, r7
10005f44:	46b0      	mov	r8, r6
10005f46:	bdf8      	pop	{r3, r4, r5, r6, r7, pc}
10005f48:	4646      	mov	r6, r8
10005f4a:	0032      	movs	r2, r6
10005f4c:	0019      	movs	r1, r3
10005f4e:	0038      	movs	r0, r7
10005f50:	f7fc fbac 	bl	100026ac <__wrap___aeabi_memcpy>
10005f54:	6821      	ldr	r1, [r4, #0]
10005f56:	0038      	movs	r0, r7
10005f58:	4440      	add	r0, r8
10005f5a:	464a      	mov	r2, r9
10005f5c:	f7fc fba6 	bl	100026ac <__wrap___aeabi_memcpy>
10005f60:	e7ee      	b.n	10005f40 <_ff_pull_n+0x4e>

10005f62 <_tu_fifo_peek_n>:
10005f62:	b5f0      	push	{r4, r5, r6, r7, lr}
10005f64:	46c6      	mov	lr, r8
10005f66:	b500      	push	{lr}
10005f68:	b082      	sub	sp, #8
10005f6a:	000e      	movs	r6, r1
10005f6c:	0017      	movs	r7, r2
10005f6e:	0019      	movs	r1, r3
10005f70:	ab08      	add	r3, sp, #32
10005f72:	881b      	ldrh	r3, [r3, #0]
10005f74:	aa09      	add	r2, sp, #36	@ 0x24
10005f76:	7812      	ldrb	r2, [r2, #0]
10005f78:	4694      	mov	ip, r2
10005f7a:	8882      	ldrh	r2, [r0, #4]
10005f7c:	4299      	cmp	r1, r3
10005f7e:	d30f      	bcc.n	10005fa0 <_tu_fifo_peek_n+0x3e>
10005f80:	1acc      	subs	r4, r1, r3
10005f82:	b2a4      	uxth	r4, r4
10005f84:	2c00      	cmp	r4, #0
10005f86:	d01f      	beq.n	10005fc8 <_tu_fifo_peek_n+0x66>
10005f88:	42a2      	cmp	r2, r4
10005f8a:	d205      	bcs.n	10005f98 <_tu_fifo_peek_n+0x36>
10005f8c:	428a      	cmp	r2, r1
10005f8e:	d80e      	bhi.n	10005fae <_tu_fifo_peek_n+0x4c>
10005f90:	1a8b      	subs	r3, r1, r2
10005f92:	b29b      	uxth	r3, r3
10005f94:	8143      	strh	r3, [r0, #10]
10005f96:	0014      	movs	r4, r2
10005f98:	42bc      	cmp	r4, r7
10005f9a:	d30d      	bcc.n	10005fb8 <_tu_fifo_peek_n+0x56>
10005f9c:	003c      	movs	r4, r7
10005f9e:	e00b      	b.n	10005fb8 <_tu_fifo_peek_n+0x56>
10005fa0:	1acc      	subs	r4, r1, r3
10005fa2:	b2a4      	uxth	r4, r4
10005fa4:	0055      	lsls	r5, r2, #1
10005fa6:	46a8      	mov	r8, r5
10005fa8:	4444      	add	r4, r8
10005faa:	b2a4      	uxth	r4, r4
10005fac:	e7ea      	b.n	10005f84 <_tu_fifo_peek_n+0x22>
10005fae:	1851      	adds	r1, r2, r1
10005fb0:	b28b      	uxth	r3, r1
10005fb2:	e7ef      	b.n	10005f94 <_tu_fifo_peek_n+0x32>
10005fb4:	1a9b      	subs	r3, r3, r2
10005fb6:	b29b      	uxth	r3, r3
10005fb8:	429a      	cmp	r2, r3
10005fba:	d9fb      	bls.n	10005fb4 <_tu_fifo_peek_n+0x52>
10005fbc:	4662      	mov	r2, ip
10005fbe:	9200      	str	r2, [sp, #0]
10005fc0:	0022      	movs	r2, r4
10005fc2:	0031      	movs	r1, r6
10005fc4:	f7ff ff95 	bl	10005ef2 <_ff_pull_n>
10005fc8:	0020      	movs	r0, r4
10005fca:	b002      	add	sp, #8
10005fcc:	bc80      	pop	{r7}
10005fce:	46b8      	mov	r8, r7
10005fd0:	bdf0      	pop	{r4, r5, r6, r7, pc}

10005fd2 <_tu_fifo_read_n>:
10005fd2:	b5f0      	push	{r4, r5, r6, r7, lr}
10005fd4:	b083      	sub	sp, #12
10005fd6:	0004      	movs	r4, r0
10005fd8:	000d      	movs	r5, r1
10005fda:	0016      	movs	r6, r2
10005fdc:	001f      	movs	r7, r3
10005fde:	6900      	ldr	r0, [r0, #16]
10005fe0:	2800      	cmp	r0, #0
10005fe2:	d003      	beq.n	10005fec <_tu_fifo_read_n+0x1a>
10005fe4:	2101      	movs	r1, #1
10005fe6:	4249      	negs	r1, r1
10005fe8:	f002 fb2e 	bl	10008648 <__mutex_enter_timeout_ms_veneer>
10005fec:	8923      	ldrh	r3, [r4, #8]
10005fee:	b29b      	uxth	r3, r3
10005ff0:	8962      	ldrh	r2, [r4, #10]
10005ff2:	9701      	str	r7, [sp, #4]
10005ff4:	9200      	str	r2, [sp, #0]
10005ff6:	0032      	movs	r2, r6
10005ff8:	0029      	movs	r1, r5
10005ffa:	0020      	movs	r0, r4
10005ffc:	f7ff ffb1 	bl	10005f62 <_tu_fifo_peek_n>
10006000:	0002      	movs	r2, r0
10006002:	0005      	movs	r5, r0
10006004:	8961      	ldrh	r1, [r4, #10]
10006006:	b289      	uxth	r1, r1
10006008:	88a0      	ldrh	r0, [r4, #4]
1000600a:	f7ff ff38 	bl	10005e7e <advance_index>
1000600e:	8160      	strh	r0, [r4, #10]
10006010:	6920      	ldr	r0, [r4, #16]
10006012:	2800      	cmp	r0, #0
10006014:	d001      	beq.n	1000601a <_tu_fifo_read_n+0x48>
10006016:	f002 fb3f 	bl	10008698 <__mutex_exit_veneer>
1000601a:	0028      	movs	r0, r5
1000601c:	b003      	add	sp, #12
1000601e:	bdf0      	pop	{r4, r5, r6, r7, pc}

10006020 <_ff_push_n>:
10006020:	b5f8      	push	{r3, r4, r5, r6, r7, lr}
10006022:	46ce      	mov	lr, r9
10006024:	4647      	mov	r7, r8
10006026:	b580      	push	{r7, lr}
10006028:	0004      	movs	r4, r0
1000602a:	000f      	movs	r7, r1
1000602c:	0019      	movs	r1, r3
1000602e:	ab08      	add	r3, sp, #32
10006030:	781b      	ldrb	r3, [r3, #0]
10006032:	469c      	mov	ip, r3
10006034:	8883      	ldrh	r3, [r0, #4]
10006036:	1a58      	subs	r0, r3, r1
10006038:	b280      	uxth	r0, r0
1000603a:	1acb      	subs	r3, r1, r3
1000603c:	18d3      	adds	r3, r2, r3
1000603e:	b29b      	uxth	r3, r3
10006040:	88e5      	ldrh	r5, [r4, #6]
10006042:	046d      	lsls	r5, r5, #17
10006044:	0c6d      	lsrs	r5, r5, #17
10006046:	0006      	movs	r6, r0
10006048:	436e      	muls	r6, r5
1000604a:	b2b6      	uxth	r6, r6
1000604c:	46b0      	mov	r8, r6
1000604e:	436b      	muls	r3, r5
10006050:	b29b      	uxth	r3, r3
10006052:	4699      	mov	r9, r3
10006054:	6823      	ldr	r3, [r4, #0]
10006056:	4369      	muls	r1, r5
10006058:	185b      	adds	r3, r3, r1
1000605a:	4666      	mov	r6, ip
1000605c:	2e00      	cmp	r6, #0
1000605e:	d106      	bne.n	1000606e <_ff_push_n+0x4e>
10006060:	4290      	cmp	r0, r2
10006062:	d308      	bcc.n	10006076 <_ff_push_n+0x56>
10006064:	436a      	muls	r2, r5
10006066:	0039      	movs	r1, r7
10006068:	0018      	movs	r0, r3
1000606a:	f7fc fb1f 	bl	100026ac <__wrap___aeabi_memcpy>
1000606e:	bcc0      	pop	{r6, r7}
10006070:	46b9      	mov	r9, r7
10006072:	46b0      	mov	r8, r6
10006074:	bdf8      	pop	{r3, r4, r5, r6, r7, pc}
10006076:	4646      	mov	r6, r8
10006078:	0032      	movs	r2, r6
1000607a:	0039      	movs	r1, r7
1000607c:	0018      	movs	r0, r3
1000607e:	f7fc fb15 	bl	100026ac <__wrap___aeabi_memcpy>
10006082:	6820      	ldr	r0, [r4, #0]
10006084:	0039      	movs	r1, r7
10006086:	4441      	add	r1, r8
10006088:	464a      	mov	r2, r9
1000608a:	f7fc fb0f 	bl	100026ac <__wrap___aeabi_memcpy>
1000608e:	e7ee      	b.n	1000606e <_ff_push_n+0x4e>

10006090 <_tu_fifo_write_n>:
10006090:	b5f0      	push	{r4, r5, r6, r7, lr}
10006092:	b085      	sub	sp, #20
10006094:	0004      	movs	r4, r0
10006096:	9103      	str	r1, [sp, #12]
10006098:	1e15      	subs	r5, r2, #0
1000609a:	9302      	str	r3, [sp, #8]
1000609c:	d100      	bne.n	100060a0 <_tu_fifo_write_n+0x10>
1000609e:	e06d      	b.n	1000617c <_tu_fifo_write_n+0xec>
100060a0:	68c0      	ldr	r0, [r0, #12]
100060a2:	2800      	cmp	r0, #0
100060a4:	d003      	beq.n	100060ae <_tu_fifo_write_n+0x1e>
100060a6:	2101      	movs	r1, #1
100060a8:	4249      	negs	r1, r1
100060aa:	f002 facd 	bl	10008648 <__mutex_enter_timeout_ms_veneer>
100060ae:	8927      	ldrh	r7, [r4, #8]
100060b0:	b2bf      	uxth	r7, r7
100060b2:	8961      	ldrh	r1, [r4, #10]
100060b4:	b289      	uxth	r1, r1
100060b6:	79e3      	ldrb	r3, [r4, #7]
100060b8:	09db      	lsrs	r3, r3, #7
100060ba:	d118      	bne.n	100060ee <_tu_fifo_write_n+0x5e>
100060bc:	88a3      	ldrh	r3, [r4, #4]
100060be:	428f      	cmp	r7, r1
100060c0:	d30f      	bcc.n	100060e2 <_tu_fifo_write_n+0x52>
100060c2:	1a79      	subs	r1, r7, r1
100060c4:	b289      	uxth	r1, r1
100060c6:	428b      	cmp	r3, r1
100060c8:	d956      	bls.n	10006178 <_tu_fifo_write_n+0xe8>
100060ca:	1a5b      	subs	r3, r3, r1
100060cc:	b29b      	uxth	r3, r3
100060ce:	1c2e      	adds	r6, r5, #0
100060d0:	429d      	cmp	r5, r3
100060d2:	d900      	bls.n	100060d6 <_tu_fifo_write_n+0x46>
100060d4:	1c1e      	adds	r6, r3, #0
100060d6:	b2b6      	uxth	r6, r6
100060d8:	2e00      	cmp	r6, #0
100060da:	d045      	beq.n	10006168 <_tu_fifo_write_n+0xd8>
100060dc:	88a2      	ldrh	r2, [r4, #4]
100060de:	003b      	movs	r3, r7
100060e0:	e033      	b.n	1000614a <_tu_fifo_write_n+0xba>
100060e2:	1a79      	subs	r1, r7, r1
100060e4:	b289      	uxth	r1, r1
100060e6:	005a      	lsls	r2, r3, #1
100060e8:	1889      	adds	r1, r1, r2
100060ea:	b289      	uxth	r1, r1
100060ec:	e7eb      	b.n	100060c6 <_tu_fifo_write_n+0x36>
100060ee:	88a6      	ldrh	r6, [r4, #4]
100060f0:	42ae      	cmp	r6, r5
100060f2:	d80e      	bhi.n	10006112 <_tu_fifo_write_n+0x82>
100060f4:	9b02      	ldr	r3, [sp, #8]
100060f6:	2b00      	cmp	r3, #0
100060f8:	d121      	bne.n	1000613e <_tu_fifo_write_n+0xae>
100060fa:	1bab      	subs	r3, r5, r6
100060fc:	88e5      	ldrh	r5, [r4, #6]
100060fe:	046d      	lsls	r5, r5, #17
10006100:	0c6d      	lsrs	r5, r5, #17
10006102:	435d      	muls	r5, r3
10006104:	9b03      	ldr	r3, [sp, #12]
10006106:	469c      	mov	ip, r3
10006108:	44ac      	add	ip, r5
1000610a:	4663      	mov	r3, ip
1000610c:	9303      	str	r3, [sp, #12]
1000610e:	000f      	movs	r7, r1
10006110:	e7e2      	b.n	100060d8 <_tu_fifo_write_n+0x48>
10006112:	428f      	cmp	r7, r1
10006114:	d30d      	bcc.n	10006132 <_tu_fifo_write_n+0xa2>
10006116:	1a7b      	subs	r3, r7, r1
10006118:	b29b      	uxth	r3, r3
1000611a:	195b      	adds	r3, r3, r5
1000611c:	0072      	lsls	r2, r6, #1
1000611e:	4293      	cmp	r3, r2
10006120:	db0f      	blt.n	10006142 <_tu_fifo_write_n+0xb2>
10006122:	1b72      	subs	r2, r6, r5
10006124:	b292      	uxth	r2, r2
10006126:	0030      	movs	r0, r6
10006128:	f7ff fea9 	bl	10005e7e <advance_index>
1000612c:	0007      	movs	r7, r0
1000612e:	002e      	movs	r6, r5
10006130:	e7d2      	b.n	100060d8 <_tu_fifo_write_n+0x48>
10006132:	1a7b      	subs	r3, r7, r1
10006134:	b29b      	uxth	r3, r3
10006136:	0072      	lsls	r2, r6, #1
10006138:	189b      	adds	r3, r3, r2
1000613a:	b29b      	uxth	r3, r3
1000613c:	e7ed      	b.n	1000611a <_tu_fifo_write_n+0x8a>
1000613e:	000f      	movs	r7, r1
10006140:	e7ca      	b.n	100060d8 <_tu_fifo_write_n+0x48>
10006142:	002e      	movs	r6, r5
10006144:	e7c8      	b.n	100060d8 <_tu_fifo_write_n+0x48>
10006146:	1a9b      	subs	r3, r3, r2
10006148:	b29b      	uxth	r3, r3
1000614a:	429a      	cmp	r2, r3
1000614c:	d9fb      	bls.n	10006146 <_tu_fifo_write_n+0xb6>
1000614e:	9a02      	ldr	r2, [sp, #8]
10006150:	9200      	str	r2, [sp, #0]
10006152:	0032      	movs	r2, r6
10006154:	9903      	ldr	r1, [sp, #12]
10006156:	0020      	movs	r0, r4
10006158:	f7ff ff62 	bl	10006020 <_ff_push_n>
1000615c:	88a0      	ldrh	r0, [r4, #4]
1000615e:	0032      	movs	r2, r6
10006160:	0039      	movs	r1, r7
10006162:	f7ff fe8c 	bl	10005e7e <advance_index>
10006166:	8120      	strh	r0, [r4, #8]
10006168:	68e0      	ldr	r0, [r4, #12]
1000616a:	2800      	cmp	r0, #0
1000616c:	d001      	beq.n	10006172 <_tu_fifo_write_n+0xe2>
1000616e:	f002 fa93 	bl	10008698 <__mutex_exit_veneer>
10006172:	0030      	movs	r0, r6
10006174:	b005      	add	sp, #20
10006176:	bdf0      	pop	{r4, r5, r6, r7, pc}
10006178:	2600      	movs	r6, #0
1000617a:	e7f5      	b.n	10006168 <_tu_fifo_write_n+0xd8>
1000617c:	0016      	movs	r6, r2
1000617e:	e7f8      	b.n	10006172 <_tu_fifo_write_n+0xe2>

10006180 <tu_fifo_config>:
10006180:	b5f0      	push	{r4, r5, r6, r7, lr}
10006182:	46c6      	mov	lr, r8
10006184:	b500      	push	{lr}
10006186:	0004      	movs	r4, r0
10006188:	000d      	movs	r5, r1
1000618a:	0016      	movs	r6, r2
1000618c:	001f      	movs	r7, r3
1000618e:	ab06      	add	r3, sp, #24
10006190:	781b      	ldrb	r3, [r3, #0]
10006192:	4698      	mov	r8, r3
10006194:	2380      	movs	r3, #128	@ 0x80
10006196:	021b      	lsls	r3, r3, #8
10006198:	429a      	cmp	r2, r3
1000619a:	d82e      	bhi.n	100061fa <tu_fifo_config+0x7a>
1000619c:	68c0      	ldr	r0, [r0, #12]
1000619e:	2800      	cmp	r0, #0
100061a0:	d003      	beq.n	100061aa <tu_fifo_config+0x2a>
100061a2:	2101      	movs	r1, #1
100061a4:	4249      	negs	r1, r1
100061a6:	f002 fa4f 	bl	10008648 <__mutex_enter_timeout_ms_veneer>
100061aa:	6920      	ldr	r0, [r4, #16]
100061ac:	2800      	cmp	r0, #0
100061ae:	d003      	beq.n	100061b8 <tu_fifo_config+0x38>
100061b0:	2101      	movs	r1, #1
100061b2:	4249      	negs	r1, r1
100061b4:	f002 fa48 	bl	10008648 <__mutex_enter_timeout_ms_veneer>
100061b8:	6025      	str	r5, [r4, #0]
100061ba:	80a6      	strh	r6, [r4, #4]
100061bc:	047a      	lsls	r2, r7, #17
100061be:	0c52      	lsrs	r2, r2, #17
100061c0:	88e3      	ldrh	r3, [r4, #6]
100061c2:	0bdb      	lsrs	r3, r3, #15
100061c4:	03db      	lsls	r3, r3, #15
100061c6:	4313      	orrs	r3, r2
100061c8:	80e3      	strh	r3, [r4, #6]
100061ca:	4643      	mov	r3, r8
100061cc:	01da      	lsls	r2, r3, #7
100061ce:	79e1      	ldrb	r1, [r4, #7]
100061d0:	237f      	movs	r3, #127	@ 0x7f
100061d2:	400b      	ands	r3, r1
100061d4:	4313      	orrs	r3, r2
100061d6:	71e3      	strb	r3, [r4, #7]
100061d8:	2300      	movs	r3, #0
100061da:	8163      	strh	r3, [r4, #10]
100061dc:	8123      	strh	r3, [r4, #8]
100061de:	68e0      	ldr	r0, [r4, #12]
100061e0:	2800      	cmp	r0, #0
100061e2:	d001      	beq.n	100061e8 <tu_fifo_config+0x68>
100061e4:	f002 fa58 	bl	10008698 <__mutex_exit_veneer>
100061e8:	6920      	ldr	r0, [r4, #16]
100061ea:	2800      	cmp	r0, #0
100061ec:	d007      	beq.n	100061fe <tu_fifo_config+0x7e>
100061ee:	f002 fa53 	bl	10008698 <__mutex_exit_veneer>
100061f2:	2001      	movs	r0, #1
100061f4:	bc80      	pop	{r7}
100061f6:	46b8      	mov	r8, r7
100061f8:	bdf0      	pop	{r4, r5, r6, r7, pc}
100061fa:	2000      	movs	r0, #0
100061fc:	e7fa      	b.n	100061f4 <tu_fifo_config+0x74>
100061fe:	2001      	movs	r0, #1
10006200:	e7f8      	b.n	100061f4 <tu_fifo_config+0x74>

10006202 <tu_fifo_count>:
10006202:	b510      	push	{r4, lr}
10006204:	8882      	ldrh	r2, [r0, #4]
10006206:	8901      	ldrh	r1, [r0, #8]
10006208:	b28b      	uxth	r3, r1
1000620a:	8940      	ldrh	r0, [r0, #10]
1000620c:	b284      	uxth	r4, r0
1000620e:	4288      	cmp	r0, r1
10006210:	d807      	bhi.n	10006222 <tu_fifo_count+0x20>
10006212:	1b1b      	subs	r3, r3, r4
10006214:	b29b      	uxth	r3, r3
10006216:	1c10      	adds	r0, r2, #0
10006218:	429a      	cmp	r2, r3
1000621a:	d900      	bls.n	1000621e <tu_fifo_count+0x1c>
1000621c:	1c18      	adds	r0, r3, #0
1000621e:	b280      	uxth	r0, r0
10006220:	bd10      	pop	{r4, pc}
10006222:	1b1b      	subs	r3, r3, r4
10006224:	b29b      	uxth	r3, r3
10006226:	0051      	lsls	r1, r2, #1
10006228:	185b      	adds	r3, r3, r1
1000622a:	b29b      	uxth	r3, r3
1000622c:	e7f3      	b.n	10006216 <tu_fifo_count+0x14>

1000622e <tu_fifo_empty>:
1000622e:	8903      	ldrh	r3, [r0, #8]
10006230:	8940      	ldrh	r0, [r0, #10]
10006232:	1a18      	subs	r0, r3, r0
10006234:	4243      	negs	r3, r0
10006236:	4158      	adcs	r0, r3
10006238:	b2c0      	uxtb	r0, r0
1000623a:	4770      	bx	lr

1000623c <tu_fifo_full>:
1000623c:	8883      	ldrh	r3, [r0, #4]
1000623e:	469c      	mov	ip, r3
10006240:	8902      	ldrh	r2, [r0, #8]
10006242:	b293      	uxth	r3, r2
10006244:	8941      	ldrh	r1, [r0, #10]
10006246:	b288      	uxth	r0, r1
10006248:	4291      	cmp	r1, r2
1000624a:	d807      	bhi.n	1000625c <tu_fifo_full+0x20>
1000624c:	1a1b      	subs	r3, r3, r0
1000624e:	b29b      	uxth	r3, r3
10006250:	2000      	movs	r0, #0
10006252:	4662      	mov	r2, ip
10006254:	4293      	cmp	r3, r2
10006256:	4140      	adcs	r0, r0
10006258:	b2c0      	uxtb	r0, r0
1000625a:	4770      	bx	lr
1000625c:	1a1b      	subs	r3, r3, r0
1000625e:	b29b      	uxth	r3, r3
10006260:	4662      	mov	r2, ip
10006262:	0052      	lsls	r2, r2, #1
10006264:	189b      	adds	r3, r3, r2
10006266:	b29b      	uxth	r3, r3
10006268:	e7f2      	b.n	10006250 <tu_fifo_full+0x14>

1000626a <tu_fifo_remaining>:
1000626a:	b510      	push	{r4, lr}
1000626c:	8882      	ldrh	r2, [r0, #4]
1000626e:	8901      	ldrh	r1, [r0, #8]
10006270:	b28b      	uxth	r3, r1
10006272:	8940      	ldrh	r0, [r0, #10]
10006274:	b284      	uxth	r4, r0
10006276:	4288      	cmp	r0, r1
10006278:	d806      	bhi.n	10006288 <tu_fifo_remaining+0x1e>
1000627a:	1b1b      	subs	r3, r3, r4
1000627c:	b29b      	uxth	r3, r3
1000627e:	429a      	cmp	r2, r3
10006280:	d908      	bls.n	10006294 <tu_fifo_remaining+0x2a>
10006282:	1ad0      	subs	r0, r2, r3
10006284:	b280      	uxth	r0, r0
10006286:	bd10      	pop	{r4, pc}
10006288:	1b1b      	subs	r3, r3, r4
1000628a:	b29b      	uxth	r3, r3
1000628c:	0051      	lsls	r1, r2, #1
1000628e:	185b      	adds	r3, r3, r1
10006290:	b29b      	uxth	r3, r3
10006292:	e7f4      	b.n	1000627e <tu_fifo_remaining+0x14>
10006294:	2000      	movs	r0, #0
10006296:	e7f6      	b.n	10006286 <tu_fifo_remaining+0x1c>

10006298 <tu_fifo_read>:
10006298:	b570      	push	{r4, r5, r6, lr}
1000629a:	0004      	movs	r4, r0
1000629c:	000d      	movs	r5, r1
1000629e:	6900      	ldr	r0, [r0, #16]
100062a0:	2800      	cmp	r0, #0
100062a2:	d003      	beq.n	100062ac <tu_fifo_read+0x14>
100062a4:	2101      	movs	r1, #1
100062a6:	4249      	negs	r1, r1
100062a8:	f002 f9ce 	bl	10008648 <__mutex_enter_timeout_ms_veneer>
100062ac:	8922      	ldrh	r2, [r4, #8]
100062ae:	b292      	uxth	r2, r2
100062b0:	8963      	ldrh	r3, [r4, #10]
100062b2:	b29b      	uxth	r3, r3
100062b4:	0029      	movs	r1, r5
100062b6:	0020      	movs	r0, r4
100062b8:	f7ff fdee 	bl	10005e98 <_tu_fifo_peek>
100062bc:	0002      	movs	r2, r0
100062be:	0005      	movs	r5, r0
100062c0:	8961      	ldrh	r1, [r4, #10]
100062c2:	b289      	uxth	r1, r1
100062c4:	88a0      	ldrh	r0, [r4, #4]
100062c6:	f7ff fdda 	bl	10005e7e <advance_index>
100062ca:	8160      	strh	r0, [r4, #10]
100062cc:	6920      	ldr	r0, [r4, #16]
100062ce:	2800      	cmp	r0, #0
100062d0:	d001      	beq.n	100062d6 <tu_fifo_read+0x3e>
100062d2:	f002 f9e1 	bl	10008698 <__mutex_exit_veneer>
100062d6:	0028      	movs	r0, r5
100062d8:	bd70      	pop	{r4, r5, r6, pc}

100062da <tu_fifo_read_n>:
100062da:	b510      	push	{r4, lr}
100062dc:	2300      	movs	r3, #0
100062de:	f7ff fe78 	bl	10005fd2 <_tu_fifo_read_n>
100062e2:	bd10      	pop	{r4, pc}

100062e4 <tu_fifo_write>:
100062e4:	b5f8      	push	{r3, r4, r5, r6, r7, lr}
100062e6:	0004      	movs	r4, r0
100062e8:	000f      	movs	r7, r1
100062ea:	68c0      	ldr	r0, [r0, #12]
100062ec:	2800      	cmp	r0, #0
100062ee:	d003      	beq.n	100062f8 <tu_fifo_write+0x14>
100062f0:	2101      	movs	r1, #1
100062f2:	4249      	negs	r1, r1
100062f4:	f002 f9a8 	bl	10008648 <__mutex_enter_timeout_ms_veneer>
100062f8:	8923      	ldrh	r3, [r4, #8]
100062fa:	b29b      	uxth	r3, r3
100062fc:	001e      	movs	r6, r3
100062fe:	0020      	movs	r0, r4
10006300:	f7ff ff9c 	bl	1000623c <tu_fifo_full>
10006304:	2800      	cmp	r0, #0
10006306:	d002      	beq.n	1000630e <tu_fifo_write+0x2a>
10006308:	79e5      	ldrb	r5, [r4, #7]
1000630a:	09ed      	lsrs	r5, r5, #7
1000630c:	d016      	beq.n	1000633c <tu_fifo_write+0x58>
1000630e:	88a2      	ldrh	r2, [r4, #4]
10006310:	0033      	movs	r3, r6
10006312:	e001      	b.n	10006318 <tu_fifo_write+0x34>
10006314:	1a9b      	subs	r3, r3, r2
10006316:	b29b      	uxth	r3, r3
10006318:	429a      	cmp	r2, r3
1000631a:	d9fb      	bls.n	10006314 <tu_fifo_write+0x30>
1000631c:	6820      	ldr	r0, [r4, #0]
1000631e:	88e2      	ldrh	r2, [r4, #6]
10006320:	0452      	lsls	r2, r2, #17
10006322:	0c52      	lsrs	r2, r2, #17
10006324:	4353      	muls	r3, r2
10006326:	18c0      	adds	r0, r0, r3
10006328:	0039      	movs	r1, r7
1000632a:	f7fc f9bf 	bl	100026ac <__wrap___aeabi_memcpy>
1000632e:	88a0      	ldrh	r0, [r4, #4]
10006330:	2201      	movs	r2, #1
10006332:	0031      	movs	r1, r6
10006334:	f7ff fda3 	bl	10005e7e <advance_index>
10006338:	8120      	strh	r0, [r4, #8]
1000633a:	2501      	movs	r5, #1
1000633c:	68e0      	ldr	r0, [r4, #12]
1000633e:	2800      	cmp	r0, #0
10006340:	d001      	beq.n	10006346 <tu_fifo_write+0x62>
10006342:	f002 f9a9 	bl	10008698 <__mutex_exit_veneer>
10006346:	0028      	movs	r0, r5
10006348:	bdf8      	pop	{r3, r4, r5, r6, r7, pc}

1000634a <tu_fifo_write_n>:
1000634a:	b510      	push	{r4, lr}
1000634c:	2300      	movs	r3, #0
1000634e:	f7ff fe9f 	bl	10006090 <_tu_fifo_write_n>
10006352:	bd10      	pop	{r4, pc}

10006354 <tu_fifo_clear>:
10006354:	b510      	push	{r4, lr}
10006356:	0004      	movs	r4, r0
10006358:	68c0      	ldr	r0, [r0, #12]
1000635a:	2800      	cmp	r0, #0
1000635c:	d003      	beq.n	10006366 <tu_fifo_clear+0x12>
1000635e:	2101      	movs	r1, #1
10006360:	4249      	negs	r1, r1
10006362:	f002 f971 	bl	10008648 <__mutex_enter_timeout_ms_veneer>
10006366:	6920      	ldr	r0, [r4, #16]
10006368:	2800      	cmp	r0, #0
1000636a:	d003      	beq.n	10006374 <tu_fifo_clear+0x20>
1000636c:	2101      	movs	r1, #1
1000636e:	4249      	negs	r1, r1
10006370:	f002 f96a 	bl	10008648 <__mutex_enter_timeout_ms_veneer>
10006374:	2300      	movs	r3, #0
10006376:	8163      	strh	r3, [r4, #10]
10006378:	8123      	strh	r3, [r4, #8]
1000637a:	68e0      	ldr	r0, [r4, #12]
1000637c:	2800      	cmp	r0, #0
1000637e:	d001      	beq.n	10006384 <tu_fifo_clear+0x30>
10006380:	f002 f98a 	bl	10008698 <__mutex_exit_veneer>
10006384:	6920      	ldr	r0, [r4, #16]
10006386:	2800      	cmp	r0, #0
10006388:	d001      	beq.n	1000638e <tu_fifo_clear+0x3a>
1000638a:	f002 f985 	bl	10008698 <__mutex_exit_veneer>
1000638e:	2001      	movs	r0, #1
10006390:	bd10      	pop	{r4, pc}

10006392 <tu_fifo_set_overwritable>:
10006392:	b570      	push	{r4, r5, r6, lr}
10006394:	0004      	movs	r4, r0
10006396:	000d      	movs	r5, r1
10006398:	68c0      	ldr	r0, [r0, #12]
1000639a:	2800      	cmp	r0, #0
1000639c:	d003      	beq.n	100063a6 <tu_fifo_set_overwritable+0x14>
1000639e:	2101      	movs	r1, #1
100063a0:	4249      	negs	r1, r1
100063a2:	f002 f951 	bl	10008648 <__mutex_enter_timeout_ms_veneer>
100063a6:	6920      	ldr	r0, [r4, #16]
100063a8:	2800      	cmp	r0, #0
100063aa:	d003      	beq.n	100063b4 <tu_fifo_set_overwritable+0x22>
100063ac:	2101      	movs	r1, #1
100063ae:	4249      	negs	r1, r1
100063b0:	f002 f94a 	bl	10008648 <__mutex_enter_timeout_ms_veneer>
100063b4:	01eb      	lsls	r3, r5, #7
100063b6:	79e2      	ldrb	r2, [r4, #7]
100063b8:	217f      	movs	r1, #127	@ 0x7f
100063ba:	4011      	ands	r1, r2
100063bc:	4319      	orrs	r1, r3
100063be:	71e1      	strb	r1, [r4, #7]
100063c0:	68e0      	ldr	r0, [r4, #12]
100063c2:	2800      	cmp	r0, #0
100063c4:	d001      	beq.n	100063ca <tu_fifo_set_overwritable+0x38>
100063c6:	f002 f967 	bl	10008698 <__mutex_exit_veneer>
100063ca:	6920      	ldr	r0, [r4, #16]
100063cc:	2800      	cmp	r0, #0
100063ce:	d001      	beq.n	100063d4 <tu_fifo_set_overwritable+0x42>
100063d0:	f002 f962 	bl	10008698 <__mutex_exit_veneer>
100063d4:	2001      	movs	r0, #1
100063d6:	bd70      	pop	{r4, r5, r6, pc}

100063d8 <runtime_init_per_core_tls_setup>:
100063d8:	4b01      	ldr	r3, [pc, #4]	@ (100063e0 <runtime_init_per_core_tls_setup+0x8>)
100063da:	2200      	movs	r2, #0
100063dc:	605a      	str	r2, [r3, #4]
100063de:	4770      	bx	lr
100063e0:	20000e40 	.word	0x20000e40

100063e4 <vPortSVCHandler>:
100063e4:	4770      	bx	lr
	...

100063f0 <vPortStartFirstTask>:
100063f0:	4a0b      	ldr	r2, [pc, #44]	@ (10006420 <pxCurrentTCBConst1>)
100063f2:	6813      	ldr	r3, [r2, #0]
100063f4:	6818      	ldr	r0, [r3, #0]
100063f6:	3020      	adds	r0, #32
100063f8:	f380 8809 	msr	PSP, r0
100063fc:	2002      	movs	r0, #2
100063fe:	f380 8814 	msr	CONTROL, r0
10006402:	f3bf 8f6f 	isb	sy
10006406:	bc3f      	pop	{r0, r1, r2, r3, r4, r5}
10006408:	46ae      	mov	lr, r5
1000640a:	bc08      	pop	{r3}
1000640c:	bc04      	pop	{r2}
1000640e:	b662      	cpsie	i
10006410:	4718      	bx	r3
10006412:	46c0      	nop			@ (mov r8, r8)
10006414:	46c0      	nop			@ (mov r8, r8)
10006416:	46c0      	nop			@ (mov r8, r8)
10006418:	46c0      	nop			@ (mov r8, r8)
1000641a:	46c0      	nop			@ (mov r8, r8)
1000641c:	46c0      	nop			@ (mov r8, r8)
1000641e:	46c0      	nop			@ (mov r8, r8)

10006420 <pxCurrentTCBConst1>:
10006420:	200016a4 	.word	0x200016a4
	...

10006430 <xPortPendSVHandler>:
10006430:	f3ef 8009 	mrs	r0, PSP
10006434:	4b16      	ldr	r3, [pc, #88]	@ (10006490 <pxCurrentTCBConst2>)
10006436:	681a      	ldr	r2, [r3, #0]
10006438:	3820      	subs	r0, #32
1000643a:	6010      	str	r0, [r2, #0]
1000643c:	c0f0      	stmia	r0!, {r4, r5, r6, r7}
1000643e:	4644      	mov	r4, r8
10006440:	464d      	mov	r5, r9
10006442:	4656      	mov	r6, sl
10006444:	465f      	mov	r7, fp
10006446:	c0f0      	stmia	r0!, {r4, r5, r6, r7}
10006448:	220d      	movs	r2, #13
1000644a:	0712      	lsls	r2, r2, #28
1000644c:	6e14      	ldr	r4, [r2, #96]	@ 0x60
1000644e:	6e55      	ldr	r5, [r2, #100]	@ 0x64
10006450:	6f56      	ldr	r6, [r2, #116]	@ 0x74
10006452:	6f17      	ldr	r7, [r2, #112]	@ 0x70
10006454:	3830      	subs	r0, #48	@ 0x30
10006456:	c0f0      	stmia	r0!, {r4, r5, r6, r7}
10006458:	b508      	push	{r3, lr}
1000645a:	b672      	cpsid	i
1000645c:	f001 fa36 	bl	100078cc <vTaskSwitchContext>
10006460:	b662      	cpsie	i
10006462:	bc0c      	pop	{r2, r3}
10006464:	6811      	ldr	r1, [r2, #0]
10006466:	6808      	ldr	r0, [r1, #0]
10006468:	3010      	adds	r0, #16
1000646a:	c8f0      	ldmia	r0!, {r4, r5, r6, r7}
1000646c:	46a0      	mov	r8, r4
1000646e:	46a9      	mov	r9, r5
10006470:	46b2      	mov	sl, r6
10006472:	46bb      	mov	fp, r7
10006474:	f380 8809 	msr	PSP, r0
10006478:	220d      	movs	r2, #13
1000647a:	0712      	lsls	r2, r2, #28
1000647c:	3830      	subs	r0, #48	@ 0x30
1000647e:	c8f0      	ldmia	r0!, {r4, r5, r6, r7}
10006480:	6614      	str	r4, [r2, #96]	@ 0x60
10006482:	6655      	str	r5, [r2, #100]	@ 0x64
10006484:	6756      	str	r6, [r2, #116]	@ 0x74
10006486:	6717      	str	r7, [r2, #112]	@ 0x70
10006488:	c8f0      	ldmia	r0!, {r4, r5, r6, r7}
1000648a:	4718      	bx	r3
1000648c:	46c0      	nop			@ (mov r8, r8)
1000648e:	46c0      	nop			@ (mov r8, r8)

10006490 <pxCurrentTCBConst2>:
10006490:	200016a4 	.word	0x200016a4

10006494 <prvTaskExitError>:
10006494:	b510      	push	{r4, lr}
10006496:	f7f9 ffdb 	bl	10000450 <panic_unsupported>
	...

1000649c <prvFIFOInterruptHandler>:
1000649c:	b500      	push	{lr}
1000649e:	b083      	sub	sp, #12
100064a0:	e002      	b.n	100064a8 <prvFIFOInterruptHandler+0xc>
100064a2:	23d0      	movs	r3, #208	@ 0xd0
100064a4:	061b      	lsls	r3, r3, #24
100064a6:	6d9b      	ldr	r3, [r3, #88]	@ 0x58
100064a8:	23d0      	movs	r3, #208	@ 0xd0
100064aa:	061b      	lsls	r3, r3, #24
100064ac:	6d1b      	ldr	r3, [r3, #80]	@ 0x50
100064ae:	07db      	lsls	r3, r3, #31
100064b0:	d4f7      	bmi.n	100064a2 <prvFIFOInterruptHandler+0x6>
100064b2:	23d0      	movs	r3, #208	@ 0xd0
100064b4:	061b      	lsls	r3, r3, #24
100064b6:	22ff      	movs	r2, #255	@ 0xff
100064b8:	651a      	str	r2, [r3, #80]	@ 0x50
100064ba:	2300      	movs	r3, #0
100064bc:	9301      	str	r3, [sp, #4]
100064be:	4b11      	ldr	r3, [pc, #68]	@ (10006504 <prvFIFOInterruptHandler+0x68>)
100064c0:	6819      	ldr	r1, [r3, #0]
100064c2:	f3ef 8310 	mrs	r3, PRIMASK
100064c6:	b672      	cpsid	i
100064c8:	680a      	ldr	r2, [r1, #0]
100064ca:	2a00      	cmp	r2, #0
100064cc:	d0fc      	beq.n	100064c8 <prvFIFOInterruptHandler+0x2c>
100064ce:	f3bf 8f5f 	dmb	sy
100064d2:	480d      	ldr	r0, [pc, #52]	@ (10006508 <prvFIFOInterruptHandler+0x6c>)
100064d4:	6801      	ldr	r1, [r0, #0]
100064d6:	2200      	movs	r2, #0
100064d8:	6002      	str	r2, [r0, #0]
100064da:	480a      	ldr	r0, [pc, #40]	@ (10006504 <prvFIFOInterruptHandler+0x68>)
100064dc:	6800      	ldr	r0, [r0, #0]
100064de:	f3bf 8f5f 	dmb	sy
100064e2:	6002      	str	r2, [r0, #0]
100064e4:	f383 8810 	msr	PRIMASK, r3
100064e8:	4b08      	ldr	r3, [pc, #32]	@ (1000650c <prvFIFOInterruptHandler+0x70>)
100064ea:	6818      	ldr	r0, [r3, #0]
100064ec:	aa01      	add	r2, sp, #4
100064ee:	f000 faeb 	bl	10006ac8 <xEventGroupSetBitsFromISR>
100064f2:	9b01      	ldr	r3, [sp, #4]
100064f4:	2b00      	cmp	r3, #0
100064f6:	d003      	beq.n	10006500 <prvFIFOInterruptHandler+0x64>
100064f8:	4b05      	ldr	r3, [pc, #20]	@ (10006510 <prvFIFOInterruptHandler+0x74>)
100064fa:	2280      	movs	r2, #128	@ 0x80
100064fc:	0552      	lsls	r2, r2, #21
100064fe:	601a      	str	r2, [r3, #0]
10006500:	b003      	add	sp, #12
10006502:	bd00      	pop	{pc}
10006504:	200016a0 	.word	0x200016a0
10006508:	20011990 	.word	0x20011990
1000650c:	200119f8 	.word	0x200119f8
10006510:	e000ed04 	.word	0xe000ed04

10006514 <prvGetTicksToWaitBefore>:
10006514:	b570      	push	{r4, r5, r6, lr}
10006516:	0004      	movs	r4, r0
10006518:	000d      	movs	r5, r1
1000651a:	f7fa fec1 	bl	100012a0 <time_us_64>
1000651e:	0022      	movs	r2, r4
10006520:	002b      	movs	r3, r5
10006522:	1a12      	subs	r2, r2, r0
10006524:	418b      	sbcs	r3, r1
10006526:	0010      	movs	r0, r2
10006528:	0019      	movs	r1, r3
1000652a:	4a0a      	ldr	r2, [pc, #40]	@ (10006554 <prvGetTicksToWaitBefore+0x40>)
1000652c:	2301      	movs	r3, #1
1000652e:	425b      	negs	r3, r3
10006530:	1880      	adds	r0, r0, r2
10006532:	4159      	adcs	r1, r3
10006534:	2900      	cmp	r1, #0
10006536:	dc06      	bgt.n	10006546 <prvGetTicksToWaitBefore+0x32>
10006538:	d001      	beq.n	1000653e <prvGetTicksToWaitBefore+0x2a>
1000653a:	2000      	movs	r0, #0
1000653c:	bd70      	pop	{r4, r5, r6, pc}
1000653e:	23fa      	movs	r3, #250	@ 0xfa
10006540:	009b      	lsls	r3, r3, #2
10006542:	4298      	cmp	r0, r3
10006544:	d3f9      	bcc.n	1000653a <prvGetTicksToWaitBefore+0x26>
10006546:	22fa      	movs	r2, #250	@ 0xfa
10006548:	0092      	lsls	r2, r2, #2
1000654a:	2300      	movs	r3, #0
1000654c:	f7fb f9d8 	bl	10001900 <__wrap___aeabi_ldivmod>
10006550:	e7f4      	b.n	1000653c <prvGetTicksToWaitBefore+0x28>
10006552:	46c0      	nop			@ (mov r8, r8)
10006554:	fffffc18 	.word	0xfffffc18

10006558 <pxPortInitialiseStack>:
10006558:	b510      	push	{r4, lr}
1000655a:	1f03      	subs	r3, r0, #4
1000655c:	2480      	movs	r4, #128	@ 0x80
1000655e:	0464      	lsls	r4, r4, #17
10006560:	601c      	str	r4, [r3, #0]
10006562:	3b04      	subs	r3, #4
10006564:	6019      	str	r1, [r3, #0]
10006566:	4b04      	ldr	r3, [pc, #16]	@ (10006578 <pxPortInitialiseStack+0x20>)
10006568:	0001      	movs	r1, r0
1000656a:	390c      	subs	r1, #12
1000656c:	600b      	str	r3, [r1, #0]
1000656e:	0003      	movs	r3, r0
10006570:	3b20      	subs	r3, #32
10006572:	601a      	str	r2, [r3, #0]
10006574:	3840      	subs	r0, #64	@ 0x40
10006576:	bd10      	pop	{r4, pc}
10006578:	10006495 	.word	0x10006495

1000657c <vPortYield>:
1000657c:	4b04      	ldr	r3, [pc, #16]	@ (10006590 <vPortYield+0x14>)
1000657e:	2280      	movs	r2, #128	@ 0x80
10006580:	0552      	lsls	r2, r2, #21
10006582:	601a      	str	r2, [r3, #0]
10006584:	f3bf 8f4f 	dsb	sy
10006588:	f3bf 8f6f 	isb	sy
1000658c:	4770      	bx	lr
1000658e:	46c0      	nop			@ (mov r8, r8)
10006590:	e000ed04 	.word	0xe000ed04

10006594 <vPortEnterCritical>:
10006594:	b672      	cpsid	i
10006596:	4a04      	ldr	r2, [pc, #16]	@ (100065a8 <vPortEnterCritical+0x14>)
10006598:	6813      	ldr	r3, [r2, #0]
1000659a:	3301      	adds	r3, #1
1000659c:	6013      	str	r3, [r2, #0]
1000659e:	f3bf 8f4f 	dsb	sy
100065a2:	f3bf 8f6f 	isb	sy
100065a6:	4770      	bx	lr
100065a8:	2001198c 	.word	0x2001198c

100065ac <vPortExitCritical>:
100065ac:	b510      	push	{r4, lr}
100065ae:	4b09      	ldr	r3, [pc, #36]	@ (100065d4 <vPortExitCritical+0x28>)
100065b0:	681b      	ldr	r3, [r3, #0]
100065b2:	2b00      	cmp	r3, #0
100065b4:	d007      	beq.n	100065c6 <vPortExitCritical+0x1a>
100065b6:	4a07      	ldr	r2, [pc, #28]	@ (100065d4 <vPortExitCritical+0x28>)
100065b8:	6813      	ldr	r3, [r2, #0]
100065ba:	3b01      	subs	r3, #1
100065bc:	6013      	str	r3, [r2, #0]
100065be:	2b00      	cmp	r3, #0
100065c0:	d100      	bne.n	100065c4 <vPortExitCritical+0x18>
100065c2:	b662      	cpsie	i
100065c4:	bd10      	pop	{r4, pc}
100065c6:	21e9      	movs	r1, #233	@ 0xe9
100065c8:	4803      	ldr	r0, [pc, #12]	@ (100065d8 <vPortExitCritical+0x2c>)
100065ca:	0049      	lsls	r1, r1, #1
100065cc:	f7f9 fe62 	bl	10000294 <vAssertCalled>
100065d0:	e7f1      	b.n	100065b6 <vPortExitCritical+0xa>
100065d2:	46c0      	nop			@ (mov r8, r8)
100065d4:	2001198c 	.word	0x2001198c
100065d8:	10009424 	.word	0x10009424

100065dc <ulSetInterruptMaskFromISR>:
100065dc:	f3ef 8010 	mrs	r0, PRIMASK
100065e0:	b672      	cpsid	i
100065e2:	4770      	bx	lr

100065e4 <vClearInterruptMaskFromISR>:
100065e4:	f380 8810 	msr	PRIMASK, r0
100065e8:	4770      	bx	lr
	...

100065ec <xPortSysTickHandler>:
100065ec:	b510      	push	{r4, lr}
100065ee:	f7ff fff5 	bl	100065dc <ulSetInterruptMaskFromISR>
100065f2:	0004      	movs	r4, r0
100065f4:	f000 ffae 	bl	10007554 <xTaskIncrementTick>
100065f8:	2800      	cmp	r0, #0
100065fa:	d003      	beq.n	10006604 <xPortSysTickHandler+0x18>
100065fc:	4b03      	ldr	r3, [pc, #12]	@ (1000660c <xPortSysTickHandler+0x20>)
100065fe:	2280      	movs	r2, #128	@ 0x80
10006600:	0552      	lsls	r2, r2, #21
10006602:	601a      	str	r2, [r3, #0]
10006604:	0020      	movs	r0, r4
10006606:	f7ff ffed 	bl	100065e4 <vClearInterruptMaskFromISR>
1000660a:	bd10      	pop	{r4, pc}
1000660c:	e000ed04 	.word	0xe000ed04

10006610 <vPortSetupTimerInterrupt>:
10006610:	b510      	push	{r4, lr}
10006612:	4c09      	ldr	r4, [pc, #36]	@ (10006638 <vPortSetupTimerInterrupt+0x28>)
10006614:	2300      	movs	r3, #0
10006616:	6023      	str	r3, [r4, #0]
10006618:	4a08      	ldr	r2, [pc, #32]	@ (1000663c <vPortSetupTimerInterrupt+0x2c>)
1000661a:	6013      	str	r3, [r2, #0]
1000661c:	2005      	movs	r0, #5
1000661e:	f7fa fec5 	bl	100013ac <clock_get_hz>
10006622:	21fa      	movs	r1, #250	@ 0xfa
10006624:	0089      	lsls	r1, r1, #2
10006626:	f7fb f945 	bl	100018b4 <__wrap___aeabi_uidiv>
1000662a:	3801      	subs	r0, #1
1000662c:	4b04      	ldr	r3, [pc, #16]	@ (10006640 <vPortSetupTimerInterrupt+0x30>)
1000662e:	6018      	str	r0, [r3, #0]
10006630:	2307      	movs	r3, #7
10006632:	6023      	str	r3, [r4, #0]
10006634:	bd10      	pop	{r4, pc}
10006636:	46c0      	nop			@ (mov r8, r8)
10006638:	e000e010 	.word	0xe000e010
1000663c:	e000e018 	.word	0xe000e018
10006640:	e000e014 	.word	0xe000e014

10006644 <xPortStartScheduler>:
10006644:	b510      	push	{r4, lr}
10006646:	4b1f      	ldr	r3, [pc, #124]	@ (100066c4 <xPortStartScheduler+0x80>)
10006648:	6819      	ldr	r1, [r3, #0]
1000664a:	22ff      	movs	r2, #255	@ 0xff
1000664c:	0412      	lsls	r2, r2, #16
1000664e:	430a      	orrs	r2, r1
10006650:	601a      	str	r2, [r3, #0]
10006652:	6819      	ldr	r1, [r3, #0]
10006654:	22ff      	movs	r2, #255	@ 0xff
10006656:	0612      	lsls	r2, r2, #24
10006658:	430a      	orrs	r2, r1
1000665a:	601a      	str	r2, [r3, #0]
1000665c:	491a      	ldr	r1, [pc, #104]	@ (100066c8 <xPortStartScheduler+0x84>)
1000665e:	200e      	movs	r0, #14
10006660:	f001 fdf6 	bl	10008250 <exception_set_exclusive_handler>
10006664:	4919      	ldr	r1, [pc, #100]	@ (100066cc <xPortStartScheduler+0x88>)
10006666:	200f      	movs	r0, #15
10006668:	f001 fdf2 	bl	10008250 <exception_set_exclusive_handler>
1000666c:	4918      	ldr	r1, [pc, #96]	@ (100066d0 <xPortStartScheduler+0x8c>)
1000666e:	200b      	movs	r0, #11
10006670:	f001 fdee 	bl	10008250 <exception_set_exclusive_handler>
10006674:	f7ff ffcc 	bl	10006610 <vPortSetupTimerInterrupt>
10006678:	4b16      	ldr	r3, [pc, #88]	@ (100066d4 <xPortStartScheduler+0x90>)
1000667a:	2200      	movs	r2, #0
1000667c:	601a      	str	r2, [r3, #0]
1000667e:	23d0      	movs	r3, #208	@ 0xd0
10006680:	061b      	lsls	r3, r3, #24
10006682:	681c      	ldr	r4, [r3, #0]
10006684:	4a14      	ldr	r2, [pc, #80]	@ (100066d8 <xPortStartScheduler+0x94>)
10006686:	7014      	strb	r4, [r2, #0]
10006688:	22ff      	movs	r2, #255	@ 0xff
1000668a:	651a      	str	r2, [r3, #80]	@ 0x50
1000668c:	e002      	b.n	10006694 <xPortStartScheduler+0x50>
1000668e:	23d0      	movs	r3, #208	@ 0xd0
10006690:	061b      	lsls	r3, r3, #24
10006692:	6d9b      	ldr	r3, [r3, #88]	@ 0x58
10006694:	23d0      	movs	r3, #208	@ 0xd0
10006696:	061b      	lsls	r3, r3, #24
10006698:	6d1b      	ldr	r3, [r3, #80]	@ 0x50
1000669a:	07db      	lsls	r3, r3, #31
1000669c:	d4f7      	bmi.n	1000668e <xPortStartScheduler+0x4a>
1000669e:	340f      	adds	r4, #15
100066a0:	21ff      	movs	r1, #255	@ 0xff
100066a2:	0020      	movs	r0, r4
100066a4:	f7fa f940 	bl	10000928 <irq_set_priority>
100066a8:	490c      	ldr	r1, [pc, #48]	@ (100066dc <xPortStartScheduler+0x98>)
100066aa:	0020      	movs	r0, r4
100066ac:	f7fa f804 	bl	100006b8 <irq_set_exclusive_handler>
100066b0:	2101      	movs	r1, #1
100066b2:	0020      	movs	r0, r4
100066b4:	f7f9 ffd6 	bl	10000664 <irq_set_enabled>
100066b8:	f7ff fe9a 	bl	100063f0 <vPortStartFirstTask>
100066bc:	f001 f906 	bl	100078cc <vTaskSwitchContext>
100066c0:	f7ff fee8 	bl	10006494 <prvTaskExitError>
100066c4:	e000ed20 	.word	0xe000ed20
100066c8:	10006431 	.word	0x10006431
100066cc:	100065ed 	.word	0x100065ed
100066d0:	100063e5 	.word	0x100063e5
100066d4:	2001198c 	.word	0x2001198c
100066d8:	20000ca5 	.word	0x20000ca5
100066dc:	1000649d 	.word	0x1000649d

100066e0 <ulPortLockGetCurrentOwnerId>:
100066e0:	b510      	push	{r4, lr}
100066e2:	4b09      	ldr	r3, [pc, #36]	@ (10006708 <ulPortLockGetCurrentOwnerId+0x28>)
100066e4:	781b      	ldrb	r3, [r3, #0]
100066e6:	22d0      	movs	r2, #208	@ 0xd0
100066e8:	0612      	lsls	r2, r2, #24
100066ea:	6810      	ldr	r0, [r2, #0]
100066ec:	4283      	cmp	r3, r0
100066ee:	d000      	beq.n	100066f2 <ulPortLockGetCurrentOwnerId+0x12>
100066f0:	bd10      	pop	{r4, pc}
100066f2:	f3ef 8305 	mrs	r3, IPSR
100066f6:	2b00      	cmp	r3, #0
100066f8:	d002      	beq.n	10006700 <ulPortLockGetCurrentOwnerId+0x20>
100066fa:	005b      	lsls	r3, r3, #1
100066fc:	18c0      	adds	r0, r0, r3
100066fe:	e7f7      	b.n	100066f0 <ulPortLockGetCurrentOwnerId+0x10>
10006700:	f001 fb2a 	bl	10007d58 <xTaskGetCurrentTaskHandle>
10006704:	e7f4      	b.n	100066f0 <ulPortLockGetCurrentOwnerId+0x10>
10006706:	46c0      	nop			@ (mov r8, r8)
10006708:	20000ca5 	.word	0x20000ca5

1000670c <vPortLockInternalSpinUnlockWithNotify>:
1000670c:	b510      	push	{r4, lr}
1000670e:	b082      	sub	sp, #8
10006710:	000a      	movs	r2, r1
10006712:	6803      	ldr	r3, [r0, #0]
10006714:	492e      	ldr	r1, [pc, #184]	@ (100067d0 <vPortLockInternalSpinUnlockWithNotify+0xc4>)
10006716:	468c      	mov	ip, r1
10006718:	4463      	add	r3, ip
1000671a:	1099      	asrs	r1, r3, #2
1000671c:	2b5c      	cmp	r3, #92	@ 0x5c
1000671e:	d900      	bls.n	10006722 <vPortLockInternalSpinUnlockWithNotify+0x16>
10006720:	3918      	subs	r1, #24
10006722:	2301      	movs	r3, #1
10006724:	408b      	lsls	r3, r1
10006726:	0019      	movs	r1, r3
10006728:	4b2a      	ldr	r3, [pc, #168]	@ (100067d4 <vPortLockInternalSpinUnlockWithNotify+0xc8>)
1000672a:	781b      	ldrb	r3, [r3, #0]
1000672c:	469c      	mov	ip, r3
1000672e:	23d0      	movs	r3, #208	@ 0xd0
10006730:	061b      	lsls	r3, r3, #24
10006732:	681b      	ldr	r3, [r3, #0]
10006734:	459c      	cmp	ip, r3
10006736:	d023      	beq.n	10006780 <vPortLockInternalSpinUnlockWithNotify+0x74>
10006738:	bf40      	sev
1000673a:	6803      	ldr	r3, [r0, #0]
1000673c:	469c      	mov	ip, r3
1000673e:	4b26      	ldr	r3, [pc, #152]	@ (100067d8 <vPortLockInternalSpinUnlockWithNotify+0xcc>)
10006740:	681b      	ldr	r3, [r3, #0]
10006742:	459c      	cmp	ip, r3
10006744:	d03d      	beq.n	100067c2 <vPortLockInternalSpinUnlockWithNotify+0xb6>
10006746:	681c      	ldr	r4, [r3, #0]
10006748:	2c00      	cmp	r4, #0
1000674a:	d0fc      	beq.n	10006746 <vPortLockInternalSpinUnlockWithNotify+0x3a>
1000674c:	f3bf 8f5f 	dmb	sy
10006750:	4b22      	ldr	r3, [pc, #136]	@ (100067dc <vPortLockInternalSpinUnlockWithNotify+0xd0>)
10006752:	469c      	mov	ip, r3
10006754:	681b      	ldr	r3, [r3, #0]
10006756:	430b      	orrs	r3, r1
10006758:	4661      	mov	r1, ip
1000675a:	600b      	str	r3, [r1, #0]
1000675c:	4b1e      	ldr	r3, [pc, #120]	@ (100067d8 <vPortLockInternalSpinUnlockWithNotify+0xcc>)
1000675e:	681b      	ldr	r3, [r3, #0]
10006760:	f3bf 8f5f 	dmb	sy
10006764:	2100      	movs	r1, #0
10006766:	6019      	str	r1, [r3, #0]
10006768:	2300      	movs	r3, #0
1000676a:	21d0      	movs	r1, #208	@ 0xd0
1000676c:	0609      	lsls	r1, r1, #24
1000676e:	654b      	str	r3, [r1, #84]	@ 0x54
10006770:	6801      	ldr	r1, [r0, #0]
10006772:	f3bf 8f5f 	dmb	sy
10006776:	600b      	str	r3, [r1, #0]
10006778:	f382 8810 	msr	PRIMASK, r2
1000677c:	b002      	add	sp, #8
1000677e:	bd10      	pop	{r4, pc}
10006780:	bf40      	sev
10006782:	6803      	ldr	r3, [r0, #0]
10006784:	f3bf 8f5f 	dmb	sy
10006788:	2000      	movs	r0, #0
1000678a:	6018      	str	r0, [r3, #0]
1000678c:	f382 8810 	msr	PRIMASK, r2
10006790:	f3ef 8305 	mrs	r3, IPSR
10006794:	b2db      	uxtb	r3, r3
10006796:	2b00      	cmp	r3, #0
10006798:	d104      	bne.n	100067a4 <vPortLockInternalSpinUnlockWithNotify+0x98>
1000679a:	4b11      	ldr	r3, [pc, #68]	@ (100067e0 <vPortLockInternalSpinUnlockWithNotify+0xd4>)
1000679c:	6818      	ldr	r0, [r3, #0]
1000679e:	f000 f949 	bl	10006a34 <xEventGroupSetBits>
100067a2:	e7eb      	b.n	1000677c <vPortLockInternalSpinUnlockWithNotify+0x70>
100067a4:	2300      	movs	r3, #0
100067a6:	9301      	str	r3, [sp, #4]
100067a8:	4b0d      	ldr	r3, [pc, #52]	@ (100067e0 <vPortLockInternalSpinUnlockWithNotify+0xd4>)
100067aa:	6818      	ldr	r0, [r3, #0]
100067ac:	aa01      	add	r2, sp, #4
100067ae:	f000 f98b 	bl	10006ac8 <xEventGroupSetBitsFromISR>
100067b2:	9b01      	ldr	r3, [sp, #4]
100067b4:	2b00      	cmp	r3, #0
100067b6:	d0e1      	beq.n	1000677c <vPortLockInternalSpinUnlockWithNotify+0x70>
100067b8:	4b0a      	ldr	r3, [pc, #40]	@ (100067e4 <vPortLockInternalSpinUnlockWithNotify+0xd8>)
100067ba:	2280      	movs	r2, #128	@ 0x80
100067bc:	0552      	lsls	r2, r2, #21
100067be:	601a      	str	r2, [r3, #0]
100067c0:	e7dc      	b.n	1000677c <vPortLockInternalSpinUnlockWithNotify+0x70>
100067c2:	4b06      	ldr	r3, [pc, #24]	@ (100067dc <vPortLockInternalSpinUnlockWithNotify+0xd0>)
100067c4:	469c      	mov	ip, r3
100067c6:	681b      	ldr	r3, [r3, #0]
100067c8:	430b      	orrs	r3, r1
100067ca:	4661      	mov	r1, ip
100067cc:	600b      	str	r3, [r1, #0]
100067ce:	e7cb      	b.n	10006768 <vPortLockInternalSpinUnlockWithNotify+0x5c>
100067d0:	2fffff00 	.word	0x2fffff00
100067d4:	20000ca5 	.word	0x20000ca5
100067d8:	200016a0 	.word	0x200016a0
100067dc:	20011990 	.word	0x20011990
100067e0:	200119f8 	.word	0x200119f8
100067e4:	e000ed04 	.word	0xe000ed04

100067e8 <xPortLockInternalSpinUnlockWithBestEffortWaitOrTimeout>:
100067e8:	b5f0      	push	{r4, r5, r6, r7, lr}
100067ea:	b083      	sub	sp, #12
100067ec:	0004      	movs	r4, r0
100067ee:	000d      	movs	r5, r1
100067f0:	0017      	movs	r7, r2
100067f2:	001e      	movs	r6, r3
100067f4:	f3ef 8305 	mrs	r3, IPSR
100067f8:	b2db      	uxtb	r3, r3
100067fa:	2b00      	cmp	r3, #0
100067fc:	d116      	bne.n	1000682c <xPortLockInternalSpinUnlockWithBestEffortWaitOrTimeout+0x44>
100067fe:	6823      	ldr	r3, [r4, #0]
10006800:	2b00      	cmp	r3, #0
10006802:	d018      	beq.n	10006836 <xPortLockInternalSpinUnlockWithBestEffortWaitOrTimeout+0x4e>
10006804:	4b2b      	ldr	r3, [pc, #172]	@ (100068b4 <xPortLockInternalSpinUnlockWithBestEffortWaitOrTimeout+0xcc>)
10006806:	781a      	ldrb	r2, [r3, #0]
10006808:	23d0      	movs	r3, #208	@ 0xd0
1000680a:	061b      	lsls	r3, r3, #24
1000680c:	681b      	ldr	r3, [r3, #0]
1000680e:	429a      	cmp	r2, r3
10006810:	d016      	beq.n	10006840 <xPortLockInternalSpinUnlockWithBestEffortWaitOrTimeout+0x58>
10006812:	6823      	ldr	r3, [r4, #0]
10006814:	f3bf 8f5f 	dmb	sy
10006818:	2200      	movs	r2, #0
1000681a:	601a      	str	r2, [r3, #0]
1000681c:	f385 8810 	msr	PRIMASK, r5
10006820:	0038      	movs	r0, r7
10006822:	0031      	movs	r1, r6
10006824:	f7fa fc6a 	bl	100010fc <best_effort_wfe_or_timeout>
10006828:	b003      	add	sp, #12
1000682a:	bdf0      	pop	{r4, r5, r6, r7, pc}
1000682c:	4822      	ldr	r0, [pc, #136]	@ (100068b8 <xPortLockInternalSpinUnlockWithBestEffortWaitOrTimeout+0xd0>)
1000682e:	4923      	ldr	r1, [pc, #140]	@ (100068bc <xPortLockInternalSpinUnlockWithBestEffortWaitOrTimeout+0xd4>)
10006830:	f7f9 fd30 	bl	10000294 <vAssertCalled>
10006834:	e7e3      	b.n	100067fe <xPortLockInternalSpinUnlockWithBestEffortWaitOrTimeout+0x16>
10006836:	4820      	ldr	r0, [pc, #128]	@ (100068b8 <xPortLockInternalSpinUnlockWithBestEffortWaitOrTimeout+0xd0>)
10006838:	4921      	ldr	r1, [pc, #132]	@ (100068c0 <xPortLockInternalSpinUnlockWithBestEffortWaitOrTimeout+0xd8>)
1000683a:	f7f9 fd2b 	bl	10000294 <vAssertCalled>
1000683e:	e7e1      	b.n	10006804 <xPortLockInternalSpinUnlockWithBestEffortWaitOrTimeout+0x1c>
10006840:	0038      	movs	r0, r7
10006842:	0031      	movs	r1, r6
10006844:	f7ff fe66 	bl	10006514 <prvGetTicksToWaitBefore>
10006848:	1e03      	subs	r3, r0, #0
1000684a:	d025      	beq.n	10006898 <xPortLockInternalSpinUnlockWithBestEffortWaitOrTimeout+0xb0>
1000684c:	6822      	ldr	r2, [r4, #0]
1000684e:	f3bf 8f5f 	dmb	sy
10006852:	2100      	movs	r1, #0
10006854:	6011      	str	r1, [r2, #0]
10006856:	f385 8810 	msr	PRIMASK, r5
1000685a:	4a1a      	ldr	r2, [pc, #104]	@ (100068c4 <xPortLockInternalSpinUnlockWithBestEffortWaitOrTimeout+0xdc>)
1000685c:	6810      	ldr	r0, [r2, #0]
1000685e:	6822      	ldr	r2, [r4, #0]
10006860:	4919      	ldr	r1, [pc, #100]	@ (100068c8 <xPortLockInternalSpinUnlockWithBestEffortWaitOrTimeout+0xe0>)
10006862:	468c      	mov	ip, r1
10006864:	4462      	add	r2, ip
10006866:	1091      	asrs	r1, r2, #2
10006868:	000c      	movs	r4, r1
1000686a:	2a5c      	cmp	r2, #92	@ 0x5c
1000686c:	d901      	bls.n	10006872 <xPortLockInternalSpinUnlockWithBestEffortWaitOrTimeout+0x8a>
1000686e:	3918      	subs	r1, #24
10006870:	000c      	movs	r4, r1
10006872:	2101      	movs	r1, #1
10006874:	40a1      	lsls	r1, r4
10006876:	9300      	str	r3, [sp, #0]
10006878:	2300      	movs	r3, #0
1000687a:	2201      	movs	r2, #1
1000687c:	f000 f858 	bl	10006930 <xEventGroupWaitBits>
10006880:	4a12      	ldr	r2, [pc, #72]	@ (100068cc <xPortLockInternalSpinUnlockWithBestEffortWaitOrTimeout+0xe4>)
10006882:	6a52      	ldr	r2, [r2, #36]	@ 0x24
10006884:	4296      	cmp	r6, r2
10006886:	d80f      	bhi.n	100068a8 <xPortLockInternalSpinUnlockWithBestEffortWaitOrTimeout+0xc0>
10006888:	4910      	ldr	r1, [pc, #64]	@ (100068cc <xPortLockInternalSpinUnlockWithBestEffortWaitOrTimeout+0xe4>)
1000688a:	6a89      	ldr	r1, [r1, #40]	@ 0x28
1000688c:	42b9      	cmp	r1, r7
1000688e:	d20f      	bcs.n	100068b0 <xPortLockInternalSpinUnlockWithBestEffortWaitOrTimeout+0xc8>
10006890:	4296      	cmp	r6, r2
10006892:	d009      	beq.n	100068a8 <xPortLockInternalSpinUnlockWithBestEffortWaitOrTimeout+0xc0>
10006894:	2001      	movs	r0, #1
10006896:	e7c7      	b.n	10006828 <xPortLockInternalSpinUnlockWithBestEffortWaitOrTimeout+0x40>
10006898:	6823      	ldr	r3, [r4, #0]
1000689a:	f3bf 8f5f 	dmb	sy
1000689e:	2200      	movs	r2, #0
100068a0:	601a      	str	r2, [r3, #0]
100068a2:	f385 8810 	msr	PRIMASK, r5
100068a6:	e7eb      	b.n	10006880 <xPortLockInternalSpinUnlockWithBestEffortWaitOrTimeout+0x98>
100068a8:	f7ff fe68 	bl	1000657c <vPortYield>
100068ac:	2000      	movs	r0, #0
100068ae:	e7bb      	b.n	10006828 <xPortLockInternalSpinUnlockWithBestEffortWaitOrTimeout+0x40>
100068b0:	2001      	movs	r0, #1
100068b2:	e7b9      	b.n	10006828 <xPortLockInternalSpinUnlockWithBestEffortWaitOrTimeout+0x40>
100068b4:	20000ca5 	.word	0x20000ca5
100068b8:	10009424 	.word	0x10009424
100068bc:	00000439 	.word	0x00000439
100068c0:	0000043a 	.word	0x0000043a
100068c4:	200119f8 	.word	0x200119f8
100068c8:	2fffff00 	.word	0x2fffff00
100068cc:	40054000 	.word	0x40054000

100068d0 <prvRuntimeInitializer>:
100068d0:	b510      	push	{r4, lr}
100068d2:	f7f9 fe1d 	bl	10000510 <next_striped_spin_lock_num>
100068d6:	4b05      	ldr	r3, [pc, #20]	@ (100068ec <prvRuntimeInitializer+0x1c>)
100068d8:	469c      	mov	ip, r3
100068da:	4460      	add	r0, ip
100068dc:	0080      	lsls	r0, r0, #2
100068de:	4b04      	ldr	r3, [pc, #16]	@ (100068f0 <prvRuntimeInitializer+0x20>)
100068e0:	6018      	str	r0, [r3, #0]
100068e2:	f000 f818 	bl	10006916 <xEventGroupCreate>
100068e6:	4b03      	ldr	r3, [pc, #12]	@ (100068f4 <prvRuntimeInitializer+0x24>)
100068e8:	6018      	str	r0, [r3, #0]
100068ea:	bd10      	pop	{r4, pc}
100068ec:	34000040 	.word	0x34000040
100068f0:	200016a0 	.word	0x200016a0
100068f4:	200119f8 	.word	0x200119f8

100068f8 <prvTestWaitCondition>:
100068f8:	2a00      	cmp	r2, #0
100068fa:	d103      	bne.n	10006904 <prvTestWaitCondition+0xc>
100068fc:	4201      	tst	r1, r0
100068fe:	d106      	bne.n	1000690e <prvTestWaitCondition+0x16>
10006900:	0010      	movs	r0, r2
10006902:	e003      	b.n	1000690c <prvTestWaitCondition+0x14>
10006904:	4008      	ands	r0, r1
10006906:	4288      	cmp	r0, r1
10006908:	d003      	beq.n	10006912 <prvTestWaitCondition+0x1a>
1000690a:	2000      	movs	r0, #0
1000690c:	4770      	bx	lr
1000690e:	2001      	movs	r0, #1
10006910:	e7fc      	b.n	1000690c <prvTestWaitCondition+0x14>
10006912:	2001      	movs	r0, #1
10006914:	e7fa      	b.n	1000690c <prvTestWaitCondition+0x14>

10006916 <xEventGroupCreate>:
10006916:	b510      	push	{r4, lr}
10006918:	201c      	movs	r0, #28
1000691a:	f001 fd27 	bl	1000836c <pvPortMalloc>
1000691e:	1e04      	subs	r4, r0, #0
10006920:	d003      	beq.n	1000692a <xEventGroupCreate+0x14>
10006922:	2300      	movs	r3, #0
10006924:	c008      	stmia	r0!, {r3}
10006926:	f000 f8db 	bl	10006ae0 <vListInitialise>
1000692a:	0020      	movs	r0, r4
1000692c:	bd10      	pop	{r4, pc}
	...

10006930 <xEventGroupWaitBits>:
10006930:	b5f0      	push	{r4, r5, r6, r7, lr}
10006932:	46c6      	mov	lr, r8
10006934:	b500      	push	{lr}
10006936:	0006      	movs	r6, r0
10006938:	000d      	movs	r5, r1
1000693a:	4690      	mov	r8, r2
1000693c:	001f      	movs	r7, r3
1000693e:	2800      	cmp	r0, #0
10006940:	d030      	beq.n	100069a4 <xEventGroupWaitBits+0x74>
10006942:	2380      	movs	r3, #128	@ 0x80
10006944:	045b      	lsls	r3, r3, #17
10006946:	429d      	cmp	r5, r3
10006948:	d232      	bcs.n	100069b0 <xEventGroupWaitBits+0x80>
1000694a:	2d00      	cmp	r5, #0
1000694c:	d036      	beq.n	100069bc <xEventGroupWaitBits+0x8c>
1000694e:	f001 fa09 	bl	10007d64 <xTaskGetSchedulerState>
10006952:	2800      	cmp	r0, #0
10006954:	d102      	bne.n	1000695c <xEventGroupWaitBits+0x2c>
10006956:	9b06      	ldr	r3, [sp, #24]
10006958:	2b00      	cmp	r3, #0
1000695a:	d135      	bne.n	100069c8 <xEventGroupWaitBits+0x98>
1000695c:	f000 fde6 	bl	1000752c <vTaskSuspendAll>
10006960:	6834      	ldr	r4, [r6, #0]
10006962:	003a      	movs	r2, r7
10006964:	0029      	movs	r1, r5
10006966:	0020      	movs	r0, r4
10006968:	f7ff ffc6 	bl	100068f8 <prvTestWaitCondition>
1000696c:	2800      	cmp	r0, #0
1000696e:	d031      	beq.n	100069d4 <xEventGroupWaitBits+0xa4>
10006970:	4643      	mov	r3, r8
10006972:	2b00      	cmp	r3, #0
10006974:	d044      	beq.n	10006a00 <xEventGroupWaitBits+0xd0>
10006976:	0023      	movs	r3, r4
10006978:	43ab      	bics	r3, r5
1000697a:	6033      	str	r3, [r6, #0]
1000697c:	2300      	movs	r3, #0
1000697e:	9306      	str	r3, [sp, #24]
10006980:	f000 feaa 	bl	100076d8 <xTaskResumeAll>
10006984:	9b06      	ldr	r3, [sp, #24]
10006986:	2b00      	cmp	r3, #0
10006988:	d008      	beq.n	1000699c <xEventGroupWaitBits+0x6c>
1000698a:	2800      	cmp	r0, #0
1000698c:	d03a      	beq.n	10006a04 <xEventGroupWaitBits+0xd4>
1000698e:	f001 fa53 	bl	10007e38 <uxTaskResetEventItemValue>
10006992:	0004      	movs	r4, r0
10006994:	0183      	lsls	r3, r0, #6
10006996:	d538      	bpl.n	10006a0a <xEventGroupWaitBits+0xda>
10006998:	0224      	lsls	r4, r4, #8
1000699a:	0a24      	lsrs	r4, r4, #8
1000699c:	0020      	movs	r0, r4
1000699e:	bc80      	pop	{r7}
100069a0:	46b8      	mov	r8, r7
100069a2:	bdf0      	pop	{r4, r5, r6, r7, pc}
100069a4:	2148      	movs	r1, #72	@ 0x48
100069a6:	4822      	ldr	r0, [pc, #136]	@ (10006a30 <xEventGroupWaitBits+0x100>)
100069a8:	31ff      	adds	r1, #255	@ 0xff
100069aa:	f7f9 fc73 	bl	10000294 <vAssertCalled>
100069ae:	e7c8      	b.n	10006942 <xEventGroupWaitBits+0x12>
100069b0:	21a4      	movs	r1, #164	@ 0xa4
100069b2:	481f      	ldr	r0, [pc, #124]	@ (10006a30 <xEventGroupWaitBits+0x100>)
100069b4:	0049      	lsls	r1, r1, #1
100069b6:	f7f9 fc6d 	bl	10000294 <vAssertCalled>
100069ba:	e7c6      	b.n	1000694a <xEventGroupWaitBits+0x1a>
100069bc:	214a      	movs	r1, #74	@ 0x4a
100069be:	481c      	ldr	r0, [pc, #112]	@ (10006a30 <xEventGroupWaitBits+0x100>)
100069c0:	31ff      	adds	r1, #255	@ 0xff
100069c2:	f7f9 fc67 	bl	10000294 <vAssertCalled>
100069c6:	e7c2      	b.n	1000694e <xEventGroupWaitBits+0x1e>
100069c8:	21a6      	movs	r1, #166	@ 0xa6
100069ca:	4819      	ldr	r0, [pc, #100]	@ (10006a30 <xEventGroupWaitBits+0x100>)
100069cc:	0049      	lsls	r1, r1, #1
100069ce:	f7f9 fc61 	bl	10000294 <vAssertCalled>
100069d2:	e7c3      	b.n	1000695c <xEventGroupWaitBits+0x2c>
100069d4:	9b06      	ldr	r3, [sp, #24]
100069d6:	2b00      	cmp	r3, #0
100069d8:	d0d2      	beq.n	10006980 <xEventGroupWaitBits+0x50>
100069da:	4643      	mov	r3, r8
100069dc:	2b00      	cmp	r3, #0
100069de:	d10c      	bne.n	100069fa <xEventGroupWaitBits+0xca>
100069e0:	2100      	movs	r1, #0
100069e2:	2f00      	cmp	r7, #0
100069e4:	d002      	beq.n	100069ec <xEventGroupWaitBits+0xbc>
100069e6:	2380      	movs	r3, #128	@ 0x80
100069e8:	04db      	lsls	r3, r3, #19
100069ea:	4319      	orrs	r1, r3
100069ec:	4329      	orrs	r1, r5
100069ee:	1d30      	adds	r0, r6, #4
100069f0:	9a06      	ldr	r2, [sp, #24]
100069f2:	f000 fff5 	bl	100079e0 <vTaskPlaceOnUnorderedEventList>
100069f6:	2400      	movs	r4, #0
100069f8:	e7c2      	b.n	10006980 <xEventGroupWaitBits+0x50>
100069fa:	2180      	movs	r1, #128	@ 0x80
100069fc:	0449      	lsls	r1, r1, #17
100069fe:	e7f0      	b.n	100069e2 <xEventGroupWaitBits+0xb2>
10006a00:	9306      	str	r3, [sp, #24]
10006a02:	e7bd      	b.n	10006980 <xEventGroupWaitBits+0x50>
10006a04:	f7ff fdba 	bl	1000657c <vPortYield>
10006a08:	e7c1      	b.n	1000698e <xEventGroupWaitBits+0x5e>
10006a0a:	f7ff fdc3 	bl	10006594 <vPortEnterCritical>
10006a0e:	6834      	ldr	r4, [r6, #0]
10006a10:	003a      	movs	r2, r7
10006a12:	0029      	movs	r1, r5
10006a14:	0020      	movs	r0, r4
10006a16:	f7ff ff6f 	bl	100068f8 <prvTestWaitCondition>
10006a1a:	2800      	cmp	r0, #0
10006a1c:	d005      	beq.n	10006a2a <xEventGroupWaitBits+0xfa>
10006a1e:	4643      	mov	r3, r8
10006a20:	2b00      	cmp	r3, #0
10006a22:	d002      	beq.n	10006a2a <xEventGroupWaitBits+0xfa>
10006a24:	0023      	movs	r3, r4
10006a26:	43ab      	bics	r3, r5
10006a28:	6033      	str	r3, [r6, #0]
10006a2a:	f7ff fdbf 	bl	100065ac <vPortExitCritical>
10006a2e:	e7b3      	b.n	10006998 <xEventGroupWaitBits+0x68>
10006a30:	10009488 	.word	0x10009488

10006a34 <xEventGroupSetBits>:
10006a34:	b5f8      	push	{r3, r4, r5, r6, r7, lr}
10006a36:	0004      	movs	r4, r0
10006a38:	000d      	movs	r5, r1
10006a3a:	2800      	cmp	r0, #0
10006a3c:	d00d      	beq.n	10006a5a <xEventGroupSetBits+0x26>
10006a3e:	2380      	movs	r3, #128	@ 0x80
10006a40:	045b      	lsls	r3, r3, #17
10006a42:	429d      	cmp	r5, r3
10006a44:	d20e      	bcs.n	10006a64 <xEventGroupSetBits+0x30>
10006a46:	0026      	movs	r6, r4
10006a48:	360c      	adds	r6, #12
10006a4a:	f000 fd6f 	bl	1000752c <vTaskSuspendAll>
10006a4e:	6920      	ldr	r0, [r4, #16]
10006a50:	6823      	ldr	r3, [r4, #0]
10006a52:	432b      	orrs	r3, r5
10006a54:	6023      	str	r3, [r4, #0]
10006a56:	2700      	movs	r7, #0
10006a58:	e015      	b.n	10006a86 <xEventGroupSetBits+0x52>
10006a5a:	4816      	ldr	r0, [pc, #88]	@ (10006ab4 <xEventGroupSetBits+0x80>)
10006a5c:	4916      	ldr	r1, [pc, #88]	@ (10006ab8 <xEventGroupSetBits+0x84>)
10006a5e:	f7f9 fc19 	bl	10000294 <vAssertCalled>
10006a62:	e7ec      	b.n	10006a3e <xEventGroupSetBits+0xa>
10006a64:	4813      	ldr	r0, [pc, #76]	@ (10006ab4 <xEventGroupSetBits+0x80>)
10006a66:	4915      	ldr	r1, [pc, #84]	@ (10006abc <xEventGroupSetBits+0x88>)
10006a68:	f7f9 fc14 	bl	10000294 <vAssertCalled>
10006a6c:	e7eb      	b.n	10006a46 <xEventGroupSetBits+0x12>
10006a6e:	6821      	ldr	r1, [r4, #0]
10006a70:	4019      	ands	r1, r3
10006a72:	4299      	cmp	r1, r3
10006a74:	d106      	bne.n	10006a84 <xEventGroupSetBits+0x50>
10006a76:	e011      	b.n	10006a9c <xEventGroupSetBits+0x68>
10006a78:	6823      	ldr	r3, [r4, #0]
10006a7a:	2180      	movs	r1, #128	@ 0x80
10006a7c:	0489      	lsls	r1, r1, #18
10006a7e:	4319      	orrs	r1, r3
10006a80:	f001 f892 	bl	10007ba8 <vTaskRemoveFromUnorderedEventList>
10006a84:	0028      	movs	r0, r5
10006a86:	42b0      	cmp	r0, r6
10006a88:	d00c      	beq.n	10006aa4 <xEventGroupSetBits+0x70>
10006a8a:	6845      	ldr	r5, [r0, #4]
10006a8c:	6802      	ldr	r2, [r0, #0]
10006a8e:	0213      	lsls	r3, r2, #8
10006a90:	0a1b      	lsrs	r3, r3, #8
10006a92:	0151      	lsls	r1, r2, #5
10006a94:	d4eb      	bmi.n	10006a6e <xEventGroupSetBits+0x3a>
10006a96:	6821      	ldr	r1, [r4, #0]
10006a98:	420b      	tst	r3, r1
10006a9a:	d0f3      	beq.n	10006a84 <xEventGroupSetBits+0x50>
10006a9c:	01d2      	lsls	r2, r2, #7
10006a9e:	d5eb      	bpl.n	10006a78 <xEventGroupSetBits+0x44>
10006aa0:	431f      	orrs	r7, r3
10006aa2:	e7e9      	b.n	10006a78 <xEventGroupSetBits+0x44>
10006aa4:	6825      	ldr	r5, [r4, #0]
10006aa6:	43bd      	bics	r5, r7
10006aa8:	6025      	str	r5, [r4, #0]
10006aaa:	f000 fe15 	bl	100076d8 <xTaskResumeAll>
10006aae:	0028      	movs	r0, r5
10006ab0:	bdf8      	pop	{r3, r4, r5, r6, r7, pc}
10006ab2:	46c0      	nop			@ (mov r8, r8)
10006ab4:	10009488 	.word	0x10009488
10006ab8:	00000232 	.word	0x00000232
10006abc:	00000233 	.word	0x00000233

10006ac0 <vEventGroupSetBitsCallback>:
10006ac0:	b510      	push	{r4, lr}
10006ac2:	f7ff ffb7 	bl	10006a34 <xEventGroupSetBits>
10006ac6:	bd10      	pop	{r4, pc}

10006ac8 <xEventGroupSetBitsFromISR>:
10006ac8:	b510      	push	{r4, lr}
10006aca:	4684      	mov	ip, r0
10006acc:	0013      	movs	r3, r2
10006ace:	4803      	ldr	r0, [pc, #12]	@ (10006adc <xEventGroupSetBitsFromISR+0x14>)
10006ad0:	000a      	movs	r2, r1
10006ad2:	4661      	mov	r1, ip
10006ad4:	f001 fb82 	bl	100081dc <xTimerPendFunctionCallFromISR>
10006ad8:	bd10      	pop	{r4, pc}
10006ada:	46c0      	nop			@ (mov r8, r8)
10006adc:	10006ac1 	.word	0x10006ac1

10006ae0 <vListInitialise>:
10006ae0:	0003      	movs	r3, r0
10006ae2:	3308      	adds	r3, #8
10006ae4:	6043      	str	r3, [r0, #4]
10006ae6:	2201      	movs	r2, #1
10006ae8:	4252      	negs	r2, r2
10006aea:	6082      	str	r2, [r0, #8]
10006aec:	60c3      	str	r3, [r0, #12]
10006aee:	6103      	str	r3, [r0, #16]
10006af0:	2300      	movs	r3, #0
10006af2:	6003      	str	r3, [r0, #0]
10006af4:	4770      	bx	lr

10006af6 <vListInitialiseItem>:
10006af6:	2300      	movs	r3, #0
10006af8:	6103      	str	r3, [r0, #16]
10006afa:	4770      	bx	lr

10006afc <vListInsert>:
10006afc:	b530      	push	{r4, r5, lr}
10006afe:	0005      	movs	r5, r0
10006b00:	0008      	movs	r0, r1
10006b02:	680c      	ldr	r4, [r1, #0]
10006b04:	1c63      	adds	r3, r4, #1
10006b06:	d010      	beq.n	10006b2a <vListInsert+0x2e>
10006b08:	002b      	movs	r3, r5
10006b0a:	3308      	adds	r3, #8
10006b0c:	0019      	movs	r1, r3
10006b0e:	685b      	ldr	r3, [r3, #4]
10006b10:	681a      	ldr	r2, [r3, #0]
10006b12:	42a2      	cmp	r2, r4
10006b14:	d9fa      	bls.n	10006b0c <vListInsert+0x10>
10006b16:	684b      	ldr	r3, [r1, #4]
10006b18:	6043      	str	r3, [r0, #4]
10006b1a:	6098      	str	r0, [r3, #8]
10006b1c:	6081      	str	r1, [r0, #8]
10006b1e:	6048      	str	r0, [r1, #4]
10006b20:	6105      	str	r5, [r0, #16]
10006b22:	682b      	ldr	r3, [r5, #0]
10006b24:	3301      	adds	r3, #1
10006b26:	602b      	str	r3, [r5, #0]
10006b28:	bd30      	pop	{r4, r5, pc}
10006b2a:	6929      	ldr	r1, [r5, #16]
10006b2c:	e7f3      	b.n	10006b16 <vListInsert+0x1a>

10006b2e <uxListRemove>:
10006b2e:	6903      	ldr	r3, [r0, #16]
10006b30:	6841      	ldr	r1, [r0, #4]
10006b32:	6882      	ldr	r2, [r0, #8]
10006b34:	608a      	str	r2, [r1, #8]
10006b36:	6841      	ldr	r1, [r0, #4]
10006b38:	6051      	str	r1, [r2, #4]
10006b3a:	685a      	ldr	r2, [r3, #4]
10006b3c:	4282      	cmp	r2, r0
10006b3e:	d005      	beq.n	10006b4c <uxListRemove+0x1e>
10006b40:	2200      	movs	r2, #0
10006b42:	6102      	str	r2, [r0, #16]
10006b44:	6818      	ldr	r0, [r3, #0]
10006b46:	3801      	subs	r0, #1
10006b48:	6018      	str	r0, [r3, #0]
10006b4a:	4770      	bx	lr
10006b4c:	6882      	ldr	r2, [r0, #8]
10006b4e:	605a      	str	r2, [r3, #4]
10006b50:	e7f6      	b.n	10006b40 <uxListRemove+0x12>

10006b52 <prvIsQueueEmpty>:
10006b52:	b510      	push	{r4, lr}
10006b54:	0004      	movs	r4, r0
10006b56:	f7ff fd1d 	bl	10006594 <vPortEnterCritical>
10006b5a:	6ba3      	ldr	r3, [r4, #56]	@ 0x38
10006b5c:	2b00      	cmp	r3, #0
10006b5e:	d104      	bne.n	10006b6a <prvIsQueueEmpty+0x18>
10006b60:	2401      	movs	r4, #1
10006b62:	f7ff fd23 	bl	100065ac <vPortExitCritical>
10006b66:	0020      	movs	r0, r4
10006b68:	bd10      	pop	{r4, pc}
10006b6a:	2400      	movs	r4, #0
10006b6c:	e7f9      	b.n	10006b62 <prvIsQueueEmpty+0x10>

10006b6e <prvCopyDataToQueue>:
10006b6e:	b570      	push	{r4, r5, r6, lr}
10006b70:	0004      	movs	r4, r0
10006b72:	0016      	movs	r6, r2
10006b74:	6b85      	ldr	r5, [r0, #56]	@ 0x38
10006b76:	6c02      	ldr	r2, [r0, #64]	@ 0x40
10006b78:	2a00      	cmp	r2, #0
10006b7a:	d10c      	bne.n	10006b96 <prvCopyDataToQueue+0x28>
10006b7c:	6803      	ldr	r3, [r0, #0]
10006b7e:	2b00      	cmp	r3, #0
10006b80:	d003      	beq.n	10006b8a <prvCopyDataToQueue+0x1c>
10006b82:	2000      	movs	r0, #0
10006b84:	3501      	adds	r5, #1
10006b86:	63a5      	str	r5, [r4, #56]	@ 0x38
10006b88:	bd70      	pop	{r4, r5, r6, pc}
10006b8a:	6880      	ldr	r0, [r0, #8]
10006b8c:	f001 f8fc 	bl	10007d88 <xTaskPriorityDisinherit>
10006b90:	2300      	movs	r3, #0
10006b92:	60a3      	str	r3, [r4, #8]
10006b94:	e7f6      	b.n	10006b84 <prvCopyDataToQueue+0x16>
10006b96:	2e00      	cmp	r6, #0
10006b98:	d10d      	bne.n	10006bb6 <prvCopyDataToQueue+0x48>
10006b9a:	6840      	ldr	r0, [r0, #4]
10006b9c:	f7fb fd86 	bl	100026ac <__wrap___aeabi_memcpy>
10006ba0:	6863      	ldr	r3, [r4, #4]
10006ba2:	6c22      	ldr	r2, [r4, #64]	@ 0x40
10006ba4:	189b      	adds	r3, r3, r2
10006ba6:	6063      	str	r3, [r4, #4]
10006ba8:	68a2      	ldr	r2, [r4, #8]
10006baa:	4293      	cmp	r3, r2
10006bac:	d31a      	bcc.n	10006be4 <prvCopyDataToQueue+0x76>
10006bae:	6823      	ldr	r3, [r4, #0]
10006bb0:	6063      	str	r3, [r4, #4]
10006bb2:	0030      	movs	r0, r6
10006bb4:	e7e6      	b.n	10006b84 <prvCopyDataToQueue+0x16>
10006bb6:	68c0      	ldr	r0, [r0, #12]
10006bb8:	f7fb fd78 	bl	100026ac <__wrap___aeabi_memcpy>
10006bbc:	68e3      	ldr	r3, [r4, #12]
10006bbe:	6c22      	ldr	r2, [r4, #64]	@ 0x40
10006bc0:	4251      	negs	r1, r2
10006bc2:	1a9b      	subs	r3, r3, r2
10006bc4:	60e3      	str	r3, [r4, #12]
10006bc6:	6822      	ldr	r2, [r4, #0]
10006bc8:	4293      	cmp	r3, r2
10006bca:	d202      	bcs.n	10006bd2 <prvCopyDataToQueue+0x64>
10006bcc:	68a3      	ldr	r3, [r4, #8]
10006bce:	185b      	adds	r3, r3, r1
10006bd0:	60e3      	str	r3, [r4, #12]
10006bd2:	2e02      	cmp	r6, #2
10006bd4:	d001      	beq.n	10006bda <prvCopyDataToQueue+0x6c>
10006bd6:	2000      	movs	r0, #0
10006bd8:	e7d4      	b.n	10006b84 <prvCopyDataToQueue+0x16>
10006bda:	2d00      	cmp	r5, #0
10006bdc:	d004      	beq.n	10006be8 <prvCopyDataToQueue+0x7a>
10006bde:	3d01      	subs	r5, #1
10006be0:	2000      	movs	r0, #0
10006be2:	e7cf      	b.n	10006b84 <prvCopyDataToQueue+0x16>
10006be4:	0030      	movs	r0, r6
10006be6:	e7cd      	b.n	10006b84 <prvCopyDataToQueue+0x16>
10006be8:	2000      	movs	r0, #0
10006bea:	e7cb      	b.n	10006b84 <prvCopyDataToQueue+0x16>

10006bec <prvCopyDataFromQueue>:
10006bec:	b510      	push	{r4, lr}
10006bee:	0003      	movs	r3, r0
10006bf0:	0008      	movs	r0, r1
10006bf2:	6c1a      	ldr	r2, [r3, #64]	@ 0x40
10006bf4:	2a00      	cmp	r2, #0
10006bf6:	d00a      	beq.n	10006c0e <prvCopyDataFromQueue+0x22>
10006bf8:	68d9      	ldr	r1, [r3, #12]
10006bfa:	1889      	adds	r1, r1, r2
10006bfc:	60d9      	str	r1, [r3, #12]
10006bfe:	689c      	ldr	r4, [r3, #8]
10006c00:	42a1      	cmp	r1, r4
10006c02:	d301      	bcc.n	10006c08 <prvCopyDataFromQueue+0x1c>
10006c04:	6819      	ldr	r1, [r3, #0]
10006c06:	60d9      	str	r1, [r3, #12]
10006c08:	68d9      	ldr	r1, [r3, #12]
10006c0a:	f7fb fd4f 	bl	100026ac <__wrap___aeabi_memcpy>
10006c0e:	bd10      	pop	{r4, pc}

10006c10 <prvUnlockQueue>:
10006c10:	b570      	push	{r4, r5, r6, lr}
10006c12:	0005      	movs	r5, r0
10006c14:	f7ff fcbe 	bl	10006594 <vPortEnterCritical>
10006c18:	2345      	movs	r3, #69	@ 0x45
10006c1a:	5cec      	ldrb	r4, [r5, r3]
10006c1c:	b264      	sxtb	r4, r4
10006c1e:	e001      	b.n	10006c24 <prvUnlockQueue+0x14>
10006c20:	3c01      	subs	r4, #1
10006c22:	b264      	sxtb	r4, r4
10006c24:	2c00      	cmp	r4, #0
10006c26:	dd0b      	ble.n	10006c40 <prvUnlockQueue+0x30>
10006c28:	6a6b      	ldr	r3, [r5, #36]	@ 0x24
10006c2a:	2b00      	cmp	r3, #0
10006c2c:	d008      	beq.n	10006c40 <prvUnlockQueue+0x30>
10006c2e:	0028      	movs	r0, r5
10006c30:	3024      	adds	r0, #36	@ 0x24
10006c32:	f000 ff3d 	bl	10007ab0 <xTaskRemoveFromEventList>
10006c36:	2800      	cmp	r0, #0
10006c38:	d0f2      	beq.n	10006c20 <prvUnlockQueue+0x10>
10006c3a:	f001 f887 	bl	10007d4c <vTaskMissedYield>
10006c3e:	e7ef      	b.n	10006c20 <prvUnlockQueue+0x10>
10006c40:	2345      	movs	r3, #69	@ 0x45
10006c42:	22ff      	movs	r2, #255	@ 0xff
10006c44:	54ea      	strb	r2, [r5, r3]
10006c46:	f7ff fcb1 	bl	100065ac <vPortExitCritical>
10006c4a:	f7ff fca3 	bl	10006594 <vPortEnterCritical>
10006c4e:	2344      	movs	r3, #68	@ 0x44
10006c50:	5cec      	ldrb	r4, [r5, r3]
10006c52:	b264      	sxtb	r4, r4
10006c54:	e001      	b.n	10006c5a <prvUnlockQueue+0x4a>
10006c56:	3c01      	subs	r4, #1
10006c58:	b264      	sxtb	r4, r4
10006c5a:	2c00      	cmp	r4, #0
10006c5c:	dd0b      	ble.n	10006c76 <prvUnlockQueue+0x66>
10006c5e:	692b      	ldr	r3, [r5, #16]
10006c60:	2b00      	cmp	r3, #0
10006c62:	d008      	beq.n	10006c76 <prvUnlockQueue+0x66>
10006c64:	0028      	movs	r0, r5
10006c66:	3010      	adds	r0, #16
10006c68:	f000 ff22 	bl	10007ab0 <xTaskRemoveFromEventList>
10006c6c:	2800      	cmp	r0, #0
10006c6e:	d0f2      	beq.n	10006c56 <prvUnlockQueue+0x46>
10006c70:	f001 f86c 	bl	10007d4c <vTaskMissedYield>
10006c74:	e7ef      	b.n	10006c56 <prvUnlockQueue+0x46>
10006c76:	2344      	movs	r3, #68	@ 0x44
10006c78:	22ff      	movs	r2, #255	@ 0xff
10006c7a:	54ea      	strb	r2, [r5, r3]
10006c7c:	f7ff fc96 	bl	100065ac <vPortExitCritical>
10006c80:	bd70      	pop	{r4, r5, r6, pc}
	...

10006c84 <xQueueGenericReset>:
10006c84:	b570      	push	{r4, r5, r6, lr}
10006c86:	0004      	movs	r4, r0
10006c88:	000d      	movs	r5, r1
10006c8a:	2800      	cmp	r0, #0
10006c8c:	d009      	beq.n	10006ca2 <xQueueGenericReset+0x1e>
10006c8e:	6bc3      	ldr	r3, [r0, #60]	@ 0x3c
10006c90:	2b00      	cmp	r3, #0
10006c92:	d10c      	bne.n	10006cae <xQueueGenericReset+0x2a>
10006c94:	21b6      	movs	r1, #182	@ 0xb6
10006c96:	482d      	ldr	r0, [pc, #180]	@ (10006d4c <xQueueGenericReset+0xc8>)
10006c98:	0049      	lsls	r1, r1, #1
10006c9a:	f7f9 fafb 	bl	10000294 <vAssertCalled>
10006c9e:	2000      	movs	r0, #0
10006ca0:	bd70      	pop	{r4, r5, r6, pc}
10006ca2:	2138      	movs	r1, #56	@ 0x38
10006ca4:	4829      	ldr	r0, [pc, #164]	@ (10006d4c <xQueueGenericReset+0xc8>)
10006ca6:	31ff      	adds	r1, #255	@ 0xff
10006ca8:	f7f9 faf4 	bl	10000294 <vAssertCalled>
10006cac:	e7f2      	b.n	10006c94 <xQueueGenericReset+0x10>
10006cae:	6c02      	ldr	r2, [r0, #64]	@ 0x40
10006cb0:	2100      	movs	r1, #0
10006cb2:	468c      	mov	ip, r1
10006cb4:	0c19      	lsrs	r1, r3, #16
10006cb6:	0c10      	lsrs	r0, r2, #16
10006cb8:	2900      	cmp	r1, #0
10006cba:	d130      	bne.n	10006d1e <xQueueGenericReset+0x9a>
10006cbc:	1e01      	subs	r1, r0, #0
10006cbe:	d120      	bne.n	10006d02 <xQueueGenericReset+0x7e>
10006cc0:	4663      	mov	r3, ip
10006cc2:	2b00      	cmp	r3, #0
10006cc4:	d1e6      	bne.n	10006c94 <xQueueGenericReset+0x10>
10006cc6:	f7ff fc65 	bl	10006594 <vPortEnterCritical>
10006cca:	6822      	ldr	r2, [r4, #0]
10006ccc:	6be3      	ldr	r3, [r4, #60]	@ 0x3c
10006cce:	6c20      	ldr	r0, [r4, #64]	@ 0x40
10006cd0:	0001      	movs	r1, r0
10006cd2:	4359      	muls	r1, r3
10006cd4:	1851      	adds	r1, r2, r1
10006cd6:	60a1      	str	r1, [r4, #8]
10006cd8:	2100      	movs	r1, #0
10006cda:	63a1      	str	r1, [r4, #56]	@ 0x38
10006cdc:	6062      	str	r2, [r4, #4]
10006cde:	3b01      	subs	r3, #1
10006ce0:	4343      	muls	r3, r0
10006ce2:	18d2      	adds	r2, r2, r3
10006ce4:	60e2      	str	r2, [r4, #12]
10006ce6:	23ff      	movs	r3, #255	@ 0xff
10006ce8:	2244      	movs	r2, #68	@ 0x44
10006cea:	54a3      	strb	r3, [r4, r2]
10006cec:	3201      	adds	r2, #1
10006cee:	54a3      	strb	r3, [r4, r2]
10006cf0:	2d00      	cmp	r5, #0
10006cf2:	d121      	bne.n	10006d38 <xQueueGenericReset+0xb4>
10006cf4:	6923      	ldr	r3, [r4, #16]
10006cf6:	2b00      	cmp	r3, #0
10006cf8:	d115      	bne.n	10006d26 <xQueueGenericReset+0xa2>
10006cfa:	f7ff fc57 	bl	100065ac <vPortExitCritical>
10006cfe:	2001      	movs	r0, #1
10006d00:	e7ce      	b.n	10006ca0 <xQueueGenericReset+0x1c>
10006d02:	1c18      	adds	r0, r3, #0
10006d04:	b29b      	uxth	r3, r3
10006d06:	b292      	uxth	r2, r2
10006d08:	435a      	muls	r2, r3
10006d0a:	b280      	uxth	r0, r0
10006d0c:	b289      	uxth	r1, r1
10006d0e:	4341      	muls	r1, r0
10006d10:	0c12      	lsrs	r2, r2, #16
10006d12:	1889      	adds	r1, r1, r2
10006d14:	0c09      	lsrs	r1, r1, #16
10006d16:	d0d3      	beq.n	10006cc0 <xQueueGenericReset+0x3c>
10006d18:	2301      	movs	r3, #1
10006d1a:	469c      	mov	ip, r3
10006d1c:	e7d0      	b.n	10006cc0 <xQueueGenericReset+0x3c>
10006d1e:	0c10      	lsrs	r0, r2, #16
10006d20:	d1fa      	bne.n	10006d18 <xQueueGenericReset+0x94>
10006d22:	1c10      	adds	r0, r2, #0
10006d24:	e7ee      	b.n	10006d04 <xQueueGenericReset+0x80>
10006d26:	0020      	movs	r0, r4
10006d28:	3010      	adds	r0, #16
10006d2a:	f000 fec1 	bl	10007ab0 <xTaskRemoveFromEventList>
10006d2e:	2800      	cmp	r0, #0
10006d30:	d0e3      	beq.n	10006cfa <xQueueGenericReset+0x76>
10006d32:	f7ff fc23 	bl	1000657c <vPortYield>
10006d36:	e7e0      	b.n	10006cfa <xQueueGenericReset+0x76>
10006d38:	0020      	movs	r0, r4
10006d3a:	3010      	adds	r0, #16
10006d3c:	f7ff fed0 	bl	10006ae0 <vListInitialise>
10006d40:	0020      	movs	r0, r4
10006d42:	3024      	adds	r0, #36	@ 0x24
10006d44:	f7ff fecc 	bl	10006ae0 <vListInitialise>
10006d48:	e7d7      	b.n	10006cfa <xQueueGenericReset+0x76>
10006d4a:	46c0      	nop			@ (mov r8, r8)
10006d4c:	100094d8 	.word	0x100094d8

10006d50 <prvInitialiseNewQueue>:
10006d50:	b570      	push	{r4, r5, r6, lr}
10006d52:	001d      	movs	r5, r3
10006d54:	9c04      	ldr	r4, [sp, #16]
10006d56:	2900      	cmp	r1, #0
10006d58:	d109      	bne.n	10006d6e <prvInitialiseNewQueue+0x1e>
10006d5a:	6024      	str	r4, [r4, #0]
10006d5c:	63e0      	str	r0, [r4, #60]	@ 0x3c
10006d5e:	6421      	str	r1, [r4, #64]	@ 0x40
10006d60:	2101      	movs	r1, #1
10006d62:	0020      	movs	r0, r4
10006d64:	f7ff ff8e 	bl	10006c84 <xQueueGenericReset>
10006d68:	234c      	movs	r3, #76	@ 0x4c
10006d6a:	54e5      	strb	r5, [r4, r3]
10006d6c:	bd70      	pop	{r4, r5, r6, pc}
10006d6e:	6022      	str	r2, [r4, #0]
10006d70:	e7f4      	b.n	10006d5c <prvInitialiseNewQueue+0xc>
	...

10006d74 <xQueueGenericCreate>:
10006d74:	b5f0      	push	{r4, r5, r6, r7, lr}
10006d76:	b083      	sub	sp, #12
10006d78:	0004      	movs	r4, r0
10006d7a:	000d      	movs	r5, r1
10006d7c:	0017      	movs	r7, r2
10006d7e:	2800      	cmp	r0, #0
10006d80:	d02d      	beq.n	10006dde <xQueueGenericCreate+0x6a>
10006d82:	2300      	movs	r3, #0
10006d84:	0c01      	lsrs	r1, r0, #16
10006d86:	0c28      	lsrs	r0, r5, #16
10006d88:	2900      	cmp	r1, #0
10006d8a:	d124      	bne.n	10006dd6 <xQueueGenericCreate+0x62>
10006d8c:	2800      	cmp	r0, #0
10006d8e:	d114      	bne.n	10006dba <xQueueGenericCreate+0x46>
10006d90:	2b00      	cmp	r3, #0
10006d92:	d124      	bne.n	10006dde <xQueueGenericCreate+0x6a>
10006d94:	0028      	movs	r0, r5
10006d96:	4360      	muls	r0, r4
10006d98:	0003      	movs	r3, r0
10006d9a:	3351      	adds	r3, #81	@ 0x51
10006d9c:	d81f      	bhi.n	10006dde <xQueueGenericCreate+0x6a>
10006d9e:	3050      	adds	r0, #80	@ 0x50
10006da0:	f001 fae4 	bl	1000836c <pvPortMalloc>
10006da4:	1e06      	subs	r6, r0, #0
10006da6:	d01f      	beq.n	10006de8 <xQueueGenericCreate+0x74>
10006da8:	0002      	movs	r2, r0
10006daa:	3250      	adds	r2, #80	@ 0x50
10006dac:	9000      	str	r0, [sp, #0]
10006dae:	003b      	movs	r3, r7
10006db0:	0029      	movs	r1, r5
10006db2:	0020      	movs	r0, r4
10006db4:	f7ff ffcc 	bl	10006d50 <prvInitialiseNewQueue>
10006db8:	e016      	b.n	10006de8 <xQueueGenericCreate+0x74>
10006dba:	1c01      	adds	r1, r0, #0
10006dbc:	1c20      	adds	r0, r4, #0
10006dbe:	b2a6      	uxth	r6, r4
10006dc0:	b2aa      	uxth	r2, r5
10006dc2:	4372      	muls	r2, r6
10006dc4:	b280      	uxth	r0, r0
10006dc6:	b289      	uxth	r1, r1
10006dc8:	4341      	muls	r1, r0
10006dca:	0c12      	lsrs	r2, r2, #16
10006dcc:	1889      	adds	r1, r1, r2
10006dce:	0c09      	lsrs	r1, r1, #16
10006dd0:	d0de      	beq.n	10006d90 <xQueueGenericCreate+0x1c>
10006dd2:	2301      	movs	r3, #1
10006dd4:	e7dc      	b.n	10006d90 <xQueueGenericCreate+0x1c>
10006dd6:	0c2a      	lsrs	r2, r5, #16
10006dd8:	d1fb      	bne.n	10006dd2 <xQueueGenericCreate+0x5e>
10006dda:	1c28      	adds	r0, r5, #0
10006ddc:	e7ef      	b.n	10006dbe <xQueueGenericCreate+0x4a>
10006dde:	4804      	ldr	r0, [pc, #16]	@ (10006df0 <xQueueGenericCreate+0x7c>)
10006de0:	4904      	ldr	r1, [pc, #16]	@ (10006df4 <xQueueGenericCreate+0x80>)
10006de2:	f7f9 fa57 	bl	10000294 <vAssertCalled>
10006de6:	2600      	movs	r6, #0
10006de8:	0030      	movs	r0, r6
10006dea:	b003      	add	sp, #12
10006dec:	bdf0      	pop	{r4, r5, r6, r7, pc}
10006dee:	46c0      	nop			@ (mov r8, r8)
10006df0:	100094d8 	.word	0x100094d8
10006df4:	0000022d 	.word	0x0000022d

10006df8 <xQueueGenericSendFromISR>:
10006df8:	b5f0      	push	{r4, r5, r6, r7, lr}
10006dfa:	46c6      	mov	lr, r8
10006dfc:	b500      	push	{lr}
10006dfe:	b082      	sub	sp, #8
10006e00:	0004      	movs	r4, r0
10006e02:	4688      	mov	r8, r1
10006e04:	9201      	str	r2, [sp, #4]
10006e06:	001d      	movs	r5, r3
10006e08:	2800      	cmp	r0, #0
10006e0a:	d01a      	beq.n	10006e42 <xQueueGenericSendFromISR+0x4a>
10006e0c:	2900      	cmp	r1, #0
10006e0e:	d015      	beq.n	10006e3c <xQueueGenericSendFromISR+0x44>
10006e10:	2c00      	cmp	r4, #0
10006e12:	d01e      	beq.n	10006e52 <xQueueGenericSendFromISR+0x5a>
10006e14:	2d02      	cmp	r5, #2
10006e16:	d019      	beq.n	10006e4c <xQueueGenericSendFromISR+0x54>
10006e18:	f7ff fbe0 	bl	100065dc <ulSetInterruptMaskFromISR>
10006e1c:	0007      	movs	r7, r0
10006e1e:	6ba2      	ldr	r2, [r4, #56]	@ 0x38
10006e20:	6be3      	ldr	r3, [r4, #60]	@ 0x3c
10006e22:	429a      	cmp	r2, r3
10006e24:	d31a      	bcc.n	10006e5c <xQueueGenericSendFromISR+0x64>
10006e26:	2d02      	cmp	r5, #2
10006e28:	d018      	beq.n	10006e5c <xQueueGenericSendFromISR+0x64>
10006e2a:	2400      	movs	r4, #0
10006e2c:	0038      	movs	r0, r7
10006e2e:	f7ff fbd9 	bl	100065e4 <vClearInterruptMaskFromISR>
10006e32:	0020      	movs	r0, r4
10006e34:	b002      	add	sp, #8
10006e36:	bc80      	pop	{r7}
10006e38:	46b8      	mov	r8, r7
10006e3a:	bdf0      	pop	{r4, r5, r6, r7, pc}
10006e3c:	6c03      	ldr	r3, [r0, #64]	@ 0x40
10006e3e:	2b00      	cmp	r3, #0
10006e40:	d0e6      	beq.n	10006e10 <xQueueGenericSendFromISR+0x18>
10006e42:	4821      	ldr	r0, [pc, #132]	@ (10006ec8 <xQueueGenericSendFromISR+0xd0>)
10006e44:	4921      	ldr	r1, [pc, #132]	@ (10006ecc <xQueueGenericSendFromISR+0xd4>)
10006e46:	f7f9 fa25 	bl	10000294 <vAssertCalled>
10006e4a:	e7e1      	b.n	10006e10 <xQueueGenericSendFromISR+0x18>
10006e4c:	6be3      	ldr	r3, [r4, #60]	@ 0x3c
10006e4e:	2b01      	cmp	r3, #1
10006e50:	d0e2      	beq.n	10006e18 <xQueueGenericSendFromISR+0x20>
10006e52:	481d      	ldr	r0, [pc, #116]	@ (10006ec8 <xQueueGenericSendFromISR+0xd0>)
10006e54:	491e      	ldr	r1, [pc, #120]	@ (10006ed0 <xQueueGenericSendFromISR+0xd8>)
10006e56:	f7f9 fa1d 	bl	10000294 <vAssertCalled>
10006e5a:	e7dd      	b.n	10006e18 <xQueueGenericSendFromISR+0x20>
10006e5c:	2345      	movs	r3, #69	@ 0x45
10006e5e:	5ce3      	ldrb	r3, [r4, r3]
10006e60:	b25e      	sxtb	r6, r3
10006e62:	6ba3      	ldr	r3, [r4, #56]	@ 0x38
10006e64:	002a      	movs	r2, r5
10006e66:	4641      	mov	r1, r8
10006e68:	0020      	movs	r0, r4
10006e6a:	f7ff fe80 	bl	10006b6e <prvCopyDataToQueue>
10006e6e:	1c73      	adds	r3, r6, #1
10006e70:	d111      	bne.n	10006e96 <xQueueGenericSendFromISR+0x9e>
10006e72:	6a63      	ldr	r3, [r4, #36]	@ 0x24
10006e74:	2b00      	cmp	r3, #0
10006e76:	d101      	bne.n	10006e7c <xQueueGenericSendFromISR+0x84>
10006e78:	2401      	movs	r4, #1
10006e7a:	e7d7      	b.n	10006e2c <xQueueGenericSendFromISR+0x34>
10006e7c:	0020      	movs	r0, r4
10006e7e:	3024      	adds	r0, #36	@ 0x24
10006e80:	f000 fe16 	bl	10007ab0 <xTaskRemoveFromEventList>
10006e84:	2800      	cmp	r0, #0
10006e86:	d018      	beq.n	10006eba <xQueueGenericSendFromISR+0xc2>
10006e88:	9a01      	ldr	r2, [sp, #4]
10006e8a:	2a00      	cmp	r2, #0
10006e8c:	d017      	beq.n	10006ebe <xQueueGenericSendFromISR+0xc6>
10006e8e:	2301      	movs	r3, #1
10006e90:	6013      	str	r3, [r2, #0]
10006e92:	2401      	movs	r4, #1
10006e94:	e7ca      	b.n	10006e2c <xQueueGenericSendFromISR+0x34>
10006e96:	f000 fb57 	bl	10007548 <uxTaskGetNumberOfTasks>
10006e9a:	4286      	cmp	r6, r0
10006e9c:	d211      	bcs.n	10006ec2 <xQueueGenericSendFromISR+0xca>
10006e9e:	2e7f      	cmp	r6, #127	@ 0x7f
10006ea0:	d006      	beq.n	10006eb0 <xQueueGenericSendFromISR+0xb8>
10006ea2:	0033      	movs	r3, r6
10006ea4:	3301      	adds	r3, #1
10006ea6:	b25b      	sxtb	r3, r3
10006ea8:	2245      	movs	r2, #69	@ 0x45
10006eaa:	54a3      	strb	r3, [r4, r2]
10006eac:	2401      	movs	r4, #1
10006eae:	e7bd      	b.n	10006e2c <xQueueGenericSendFromISR+0x34>
10006eb0:	4805      	ldr	r0, [pc, #20]	@ (10006ec8 <xQueueGenericSendFromISR+0xd0>)
10006eb2:	4908      	ldr	r1, [pc, #32]	@ (10006ed4 <xQueueGenericSendFromISR+0xdc>)
10006eb4:	f7f9 f9ee 	bl	10000294 <vAssertCalled>
10006eb8:	e7f3      	b.n	10006ea2 <xQueueGenericSendFromISR+0xaa>
10006eba:	2401      	movs	r4, #1
10006ebc:	e7b6      	b.n	10006e2c <xQueueGenericSendFromISR+0x34>
10006ebe:	2401      	movs	r4, #1
10006ec0:	e7b4      	b.n	10006e2c <xQueueGenericSendFromISR+0x34>
10006ec2:	2401      	movs	r4, #1
10006ec4:	e7b2      	b.n	10006e2c <xQueueGenericSendFromISR+0x34>
10006ec6:	46c0      	nop			@ (mov r8, r8)
10006ec8:	100094d8 	.word	0x100094d8
10006ecc:	0000049a 	.word	0x0000049a
10006ed0:	0000049b 	.word	0x0000049b
10006ed4:	00000527 	.word	0x00000527

10006ed8 <xQueueReceive>:
10006ed8:	b5f0      	push	{r4, r5, r6, r7, lr}
10006eda:	b085      	sub	sp, #20
10006edc:	0004      	movs	r4, r0
10006ede:	000f      	movs	r7, r1
10006ee0:	9201      	str	r2, [sp, #4]
10006ee2:	2800      	cmp	r0, #0
10006ee4:	d00a      	beq.n	10006efc <xQueueReceive+0x24>
10006ee6:	2f00      	cmp	r7, #0
10006ee8:	d00e      	beq.n	10006f08 <xQueueReceive+0x30>
10006eea:	f000 ff3b 	bl	10007d64 <xTaskGetSchedulerState>
10006eee:	2800      	cmp	r0, #0
10006ef0:	d102      	bne.n	10006ef8 <xQueueReceive+0x20>
10006ef2:	9b01      	ldr	r3, [sp, #4]
10006ef4:	2b00      	cmp	r3, #0
10006ef6:	d10f      	bne.n	10006f18 <xQueueReceive+0x40>
10006ef8:	2500      	movs	r5, #0
10006efa:	e04a      	b.n	10006f92 <xQueueReceive+0xba>
10006efc:	21be      	movs	r1, #190	@ 0xbe
10006efe:	4841      	ldr	r0, [pc, #260]	@ (10007004 <xQueueReceive+0x12c>)
10006f00:	00c9      	lsls	r1, r1, #3
10006f02:	f7f9 f9c7 	bl	10000294 <vAssertCalled>
10006f06:	e7ee      	b.n	10006ee6 <xQueueReceive+0xe>
10006f08:	6c23      	ldr	r3, [r4, #64]	@ 0x40
10006f0a:	2b00      	cmp	r3, #0
10006f0c:	d0ed      	beq.n	10006eea <xQueueReceive+0x12>
10006f0e:	483d      	ldr	r0, [pc, #244]	@ (10007004 <xQueueReceive+0x12c>)
10006f10:	493d      	ldr	r1, [pc, #244]	@ (10007008 <xQueueReceive+0x130>)
10006f12:	f7f9 f9bf 	bl	10000294 <vAssertCalled>
10006f16:	e7e8      	b.n	10006eea <xQueueReceive+0x12>
10006f18:	483a      	ldr	r0, [pc, #232]	@ (10007004 <xQueueReceive+0x12c>)
10006f1a:	493c      	ldr	r1, [pc, #240]	@ (1000700c <xQueueReceive+0x134>)
10006f1c:	f7f9 f9ba 	bl	10000294 <vAssertCalled>
10006f20:	e7ea      	b.n	10006ef8 <xQueueReceive+0x20>
10006f22:	0039      	movs	r1, r7
10006f24:	0020      	movs	r0, r4
10006f26:	f7ff fe61 	bl	10006bec <prvCopyDataFromQueue>
10006f2a:	3e01      	subs	r6, #1
10006f2c:	63a6      	str	r6, [r4, #56]	@ 0x38
10006f2e:	6923      	ldr	r3, [r4, #16]
10006f30:	2b00      	cmp	r3, #0
10006f32:	d104      	bne.n	10006f3e <xQueueReceive+0x66>
10006f34:	f7ff fb3a 	bl	100065ac <vPortExitCritical>
10006f38:	2001      	movs	r0, #1
10006f3a:	b005      	add	sp, #20
10006f3c:	bdf0      	pop	{r4, r5, r6, r7, pc}
10006f3e:	0020      	movs	r0, r4
10006f40:	3010      	adds	r0, #16
10006f42:	f000 fdb5 	bl	10007ab0 <xTaskRemoveFromEventList>
10006f46:	2800      	cmp	r0, #0
10006f48:	d0f4      	beq.n	10006f34 <xQueueReceive+0x5c>
10006f4a:	f7ff fb17 	bl	1000657c <vPortYield>
10006f4e:	e7f1      	b.n	10006f34 <xQueueReceive+0x5c>
10006f50:	f7ff fb2c 	bl	100065ac <vPortExitCritical>
10006f54:	2000      	movs	r0, #0
10006f56:	e7f0      	b.n	10006f3a <xQueueReceive+0x62>
10006f58:	a802      	add	r0, sp, #8
10006f5a:	f000 fe99 	bl	10007c90 <vTaskInternalSetTimeOutState>
10006f5e:	3501      	adds	r5, #1
10006f60:	e021      	b.n	10006fa6 <xQueueReceive+0xce>
10006f62:	2344      	movs	r3, #68	@ 0x44
10006f64:	2200      	movs	r2, #0
10006f66:	54e2      	strb	r2, [r4, r3]
10006f68:	e028      	b.n	10006fbc <xQueueReceive+0xe4>
10006f6a:	2345      	movs	r3, #69	@ 0x45
10006f6c:	2200      	movs	r2, #0
10006f6e:	54e2      	strb	r2, [r4, r3]
10006f70:	e029      	b.n	10006fc6 <xQueueReceive+0xee>
10006f72:	0020      	movs	r0, r4
10006f74:	f7ff fe4c 	bl	10006c10 <prvUnlockQueue>
10006f78:	f000 fbae 	bl	100076d8 <xTaskResumeAll>
10006f7c:	e009      	b.n	10006f92 <xQueueReceive+0xba>
10006f7e:	0020      	movs	r0, r4
10006f80:	f7ff fe46 	bl	10006c10 <prvUnlockQueue>
10006f84:	f000 fba8 	bl	100076d8 <xTaskResumeAll>
10006f88:	0020      	movs	r0, r4
10006f8a:	f7ff fde2 	bl	10006b52 <prvIsQueueEmpty>
10006f8e:	2800      	cmp	r0, #0
10006f90:	d135      	bne.n	10006ffe <xQueueReceive+0x126>
10006f92:	f7ff faff 	bl	10006594 <vPortEnterCritical>
10006f96:	6ba6      	ldr	r6, [r4, #56]	@ 0x38
10006f98:	2e00      	cmp	r6, #0
10006f9a:	d1c2      	bne.n	10006f22 <xQueueReceive+0x4a>
10006f9c:	9b01      	ldr	r3, [sp, #4]
10006f9e:	2b00      	cmp	r3, #0
10006fa0:	d0d6      	beq.n	10006f50 <xQueueReceive+0x78>
10006fa2:	2d00      	cmp	r5, #0
10006fa4:	d0d8      	beq.n	10006f58 <xQueueReceive+0x80>
10006fa6:	f7ff fb01 	bl	100065ac <vPortExitCritical>
10006faa:	f000 fabf 	bl	1000752c <vTaskSuspendAll>
10006fae:	f7ff faf1 	bl	10006594 <vPortEnterCritical>
10006fb2:	2344      	movs	r3, #68	@ 0x44
10006fb4:	5ce3      	ldrb	r3, [r4, r3]
10006fb6:	b25b      	sxtb	r3, r3
10006fb8:	3301      	adds	r3, #1
10006fba:	d0d2      	beq.n	10006f62 <xQueueReceive+0x8a>
10006fbc:	2345      	movs	r3, #69	@ 0x45
10006fbe:	5ce3      	ldrb	r3, [r4, r3]
10006fc0:	b25b      	sxtb	r3, r3
10006fc2:	3301      	adds	r3, #1
10006fc4:	d0d1      	beq.n	10006f6a <xQueueReceive+0x92>
10006fc6:	f7ff faf1 	bl	100065ac <vPortExitCritical>
10006fca:	a901      	add	r1, sp, #4
10006fcc:	a802      	add	r0, sp, #8
10006fce:	f000 fe6b 	bl	10007ca8 <xTaskCheckForTimeOut>
10006fd2:	2800      	cmp	r0, #0
10006fd4:	d1d3      	bne.n	10006f7e <xQueueReceive+0xa6>
10006fd6:	0020      	movs	r0, r4
10006fd8:	f7ff fdbb 	bl	10006b52 <prvIsQueueEmpty>
10006fdc:	2800      	cmp	r0, #0
10006fde:	d0c8      	beq.n	10006f72 <xQueueReceive+0x9a>
10006fe0:	0020      	movs	r0, r4
10006fe2:	3024      	adds	r0, #36	@ 0x24
10006fe4:	9901      	ldr	r1, [sp, #4]
10006fe6:	f000 fcdf 	bl	100079a8 <vTaskPlaceOnEventList>
10006fea:	0020      	movs	r0, r4
10006fec:	f7ff fe10 	bl	10006c10 <prvUnlockQueue>
10006ff0:	f000 fb72 	bl	100076d8 <xTaskResumeAll>
10006ff4:	2800      	cmp	r0, #0
10006ff6:	d1cc      	bne.n	10006f92 <xQueueReceive+0xba>
10006ff8:	f7ff fac0 	bl	1000657c <vPortYield>
10006ffc:	e7c9      	b.n	10006f92 <xQueueReceive+0xba>
10006ffe:	2000      	movs	r0, #0
10007000:	e79b      	b.n	10006f3a <xQueueReceive+0x62>
10007002:	46c0      	nop			@ (mov r8, r8)
10007004:	100094d8 	.word	0x100094d8
10007008:	000005f4 	.word	0x000005f4
1000700c:	000005f9 	.word	0x000005f9

10007010 <vQueueAddToRegistry>:
10007010:	b570      	push	{r4, r5, r6, lr}
10007012:	0004      	movs	r4, r0
10007014:	000d      	movs	r5, r1
10007016:	2800      	cmp	r0, #0
10007018:	d004      	beq.n	10007024 <vQueueAddToRegistry+0x14>
1000701a:	2d00      	cmp	r5, #0
1000701c:	d021      	beq.n	10007062 <vQueueAddToRegistry+0x52>
1000701e:	2000      	movs	r0, #0
10007020:	2200      	movs	r2, #0
10007022:	e008      	b.n	10007036 <vQueueAddToRegistry+0x26>
10007024:	480f      	ldr	r0, [pc, #60]	@ (10007064 <vQueueAddToRegistry+0x54>)
10007026:	4910      	ldr	r1, [pc, #64]	@ (10007068 <vQueueAddToRegistry+0x58>)
10007028:	f7f9 f934 	bl	10000294 <vAssertCalled>
1000702c:	e7f5      	b.n	1000701a <vQueueAddToRegistry+0xa>
1000702e:	4b0f      	ldr	r3, [pc, #60]	@ (1000706c <vQueueAddToRegistry+0x5c>)
10007030:	18c8      	adds	r0, r1, r3
10007032:	e014      	b.n	1000705e <vQueueAddToRegistry+0x4e>
10007034:	3201      	adds	r2, #1
10007036:	2a07      	cmp	r2, #7
10007038:	d80f      	bhi.n	1000705a <vQueueAddToRegistry+0x4a>
1000703a:	4b0c      	ldr	r3, [pc, #48]	@ (1000706c <vQueueAddToRegistry+0x5c>)
1000703c:	00d1      	lsls	r1, r2, #3
1000703e:	185b      	adds	r3, r3, r1
10007040:	685b      	ldr	r3, [r3, #4]
10007042:	42a3      	cmp	r3, r4
10007044:	d0f3      	beq.n	1000702e <vQueueAddToRegistry+0x1e>
10007046:	2800      	cmp	r0, #0
10007048:	d1f4      	bne.n	10007034 <vQueueAddToRegistry+0x24>
1000704a:	4b08      	ldr	r3, [pc, #32]	@ (1000706c <vQueueAddToRegistry+0x5c>)
1000704c:	00d1      	lsls	r1, r2, #3
1000704e:	58cb      	ldr	r3, [r1, r3]
10007050:	2b00      	cmp	r3, #0
10007052:	d1ef      	bne.n	10007034 <vQueueAddToRegistry+0x24>
10007054:	4b05      	ldr	r3, [pc, #20]	@ (1000706c <vQueueAddToRegistry+0x5c>)
10007056:	18c8      	adds	r0, r1, r3
10007058:	e7ec      	b.n	10007034 <vQueueAddToRegistry+0x24>
1000705a:	2800      	cmp	r0, #0
1000705c:	d001      	beq.n	10007062 <vQueueAddToRegistry+0x52>
1000705e:	6005      	str	r5, [r0, #0]
10007060:	6044      	str	r4, [r0, #4]
10007062:	bd70      	pop	{r4, r5, r6, pc}
10007064:	100094d8 	.word	0x100094d8
10007068:	00000bce 	.word	0x00000bce
1000706c:	20011a34 	.word	0x20011a34

10007070 <vQueueWaitForMessageRestricted>:
10007070:	b570      	push	{r4, r5, r6, lr}
10007072:	0004      	movs	r4, r0
10007074:	000d      	movs	r5, r1
10007076:	0016      	movs	r6, r2
10007078:	f7ff fa8c 	bl	10006594 <vPortEnterCritical>
1000707c:	2344      	movs	r3, #68	@ 0x44
1000707e:	5ce3      	ldrb	r3, [r4, r3]
10007080:	b25b      	sxtb	r3, r3
10007082:	3301      	adds	r3, #1
10007084:	d00d      	beq.n	100070a2 <vQueueWaitForMessageRestricted+0x32>
10007086:	2345      	movs	r3, #69	@ 0x45
10007088:	5ce3      	ldrb	r3, [r4, r3]
1000708a:	b25b      	sxtb	r3, r3
1000708c:	3301      	adds	r3, #1
1000708e:	d00c      	beq.n	100070aa <vQueueWaitForMessageRestricted+0x3a>
10007090:	f7ff fa8c 	bl	100065ac <vPortExitCritical>
10007094:	6ba3      	ldr	r3, [r4, #56]	@ 0x38
10007096:	2b00      	cmp	r3, #0
10007098:	d00b      	beq.n	100070b2 <vQueueWaitForMessageRestricted+0x42>
1000709a:	0020      	movs	r0, r4
1000709c:	f7ff fdb8 	bl	10006c10 <prvUnlockQueue>
100070a0:	bd70      	pop	{r4, r5, r6, pc}
100070a2:	2344      	movs	r3, #68	@ 0x44
100070a4:	2200      	movs	r2, #0
100070a6:	54e2      	strb	r2, [r4, r3]
100070a8:	e7ed      	b.n	10007086 <vQueueWaitForMessageRestricted+0x16>
100070aa:	2345      	movs	r3, #69	@ 0x45
100070ac:	2200      	movs	r2, #0
100070ae:	54e2      	strb	r2, [r4, r3]
100070b0:	e7ee      	b.n	10007090 <vQueueWaitForMessageRestricted+0x20>
100070b2:	0020      	movs	r0, r4
100070b4:	3024      	adds	r0, #36	@ 0x24
100070b6:	0032      	movs	r2, r6
100070b8:	0029      	movs	r1, r5
100070ba:	f000 fccb 	bl	10007a54 <vTaskPlaceOnEventListRestricted>
100070be:	e7ec      	b.n	1000709a <vQueueWaitForMessageRestricted+0x2a>

100070c0 <prvResetNextTaskUnblockTime>:
100070c0:	4b08      	ldr	r3, [pc, #32]	@ (100070e4 <prvResetNextTaskUnblockTime+0x24>)
100070c2:	681b      	ldr	r3, [r3, #0]
100070c4:	681b      	ldr	r3, [r3, #0]
100070c6:	2b00      	cmp	r3, #0
100070c8:	d104      	bne.n	100070d4 <prvResetNextTaskUnblockTime+0x14>
100070ca:	4b07      	ldr	r3, [pc, #28]	@ (100070e8 <prvResetNextTaskUnblockTime+0x28>)
100070cc:	2201      	movs	r2, #1
100070ce:	4252      	negs	r2, r2
100070d0:	601a      	str	r2, [r3, #0]
100070d2:	4770      	bx	lr
100070d4:	4b03      	ldr	r3, [pc, #12]	@ (100070e4 <prvResetNextTaskUnblockTime+0x24>)
100070d6:	681b      	ldr	r3, [r3, #0]
100070d8:	68db      	ldr	r3, [r3, #12]
100070da:	681a      	ldr	r2, [r3, #0]
100070dc:	4b02      	ldr	r3, [pc, #8]	@ (100070e8 <prvResetNextTaskUnblockTime+0x28>)
100070de:	601a      	str	r2, [r3, #0]
100070e0:	e7f7      	b.n	100070d2 <prvResetNextTaskUnblockTime+0x12>
100070e2:	46c0      	nop			@ (mov r8, r8)
100070e4:	200016ac 	.word	0x200016ac
100070e8:	20011a0c 	.word	0x20011a0c

100070ec <prvDeleteTCB>:
100070ec:	b510      	push	{r4, lr}
100070ee:	0004      	movs	r4, r0
100070f0:	6b00      	ldr	r0, [r0, #48]	@ 0x30
100070f2:	f001 f9ff 	bl	100084f4 <vPortFree>
100070f6:	0020      	movs	r0, r4
100070f8:	f001 f9fc 	bl	100084f4 <vPortFree>
100070fc:	bd10      	pop	{r4, pc}
	...

10007100 <prvInitialiseNewTask>:
10007100:	b5f8      	push	{r3, r4, r5, r6, r7, lr}
10007102:	46ce      	mov	lr, r9
10007104:	4647      	mov	r7, r8
10007106:	b580      	push	{r7, lr}
10007108:	4680      	mov	r8, r0
1000710a:	000f      	movs	r7, r1
1000710c:	0016      	movs	r6, r2
1000710e:	4699      	mov	r9, r3
10007110:	9c0a      	ldr	r4, [sp, #40]	@ 0x28
10007112:	6b20      	ldr	r0, [r4, #48]	@ 0x30
10007114:	0092      	lsls	r2, r2, #2
10007116:	21a5      	movs	r1, #165	@ 0xa5
10007118:	f7fb fac2 	bl	100026a0 <__wrap_memset>
1000711c:	6b25      	ldr	r5, [r4, #48]	@ 0x30
1000711e:	4b23      	ldr	r3, [pc, #140]	@ (100071ac <prvInitialiseNewTask+0xac>)
10007120:	18f3      	adds	r3, r6, r3
10007122:	009b      	lsls	r3, r3, #2
10007124:	18ed      	adds	r5, r5, r3
10007126:	2307      	movs	r3, #7
10007128:	439d      	bics	r5, r3
1000712a:	2f00      	cmp	r7, #0
1000712c:	d00d      	beq.n	1000714a <prvInitialiseNewTask+0x4a>
1000712e:	2300      	movs	r3, #0
10007130:	2b0f      	cmp	r3, #15
10007132:	d807      	bhi.n	10007144 <prvInitialiseNewTask+0x44>
10007134:	5cf9      	ldrb	r1, [r7, r3]
10007136:	18e2      	adds	r2, r4, r3
10007138:	3234      	adds	r2, #52	@ 0x34
1000713a:	7011      	strb	r1, [r2, #0]
1000713c:	2900      	cmp	r1, #0
1000713e:	d001      	beq.n	10007144 <prvInitialiseNewTask+0x44>
10007140:	3301      	adds	r3, #1
10007142:	e7f5      	b.n	10007130 <prvInitialiseNewTask+0x30>
10007144:	2343      	movs	r3, #67	@ 0x43
10007146:	2200      	movs	r2, #0
10007148:	54e2      	strb	r2, [r4, r3]
1000714a:	9b08      	ldr	r3, [sp, #32]
1000714c:	2b07      	cmp	r3, #7
1000714e:	d821      	bhi.n	10007194 <prvInitialiseNewTask+0x94>
10007150:	9b08      	ldr	r3, [sp, #32]
10007152:	62e3      	str	r3, [r4, #44]	@ 0x2c
10007154:	64e3      	str	r3, [r4, #76]	@ 0x4c
10007156:	1d20      	adds	r0, r4, #4
10007158:	f7ff fccd 	bl	10006af6 <vListInitialiseItem>
1000715c:	0020      	movs	r0, r4
1000715e:	3018      	adds	r0, #24
10007160:	f7ff fcc9 	bl	10006af6 <vListInitialiseItem>
10007164:	6124      	str	r4, [r4, #16]
10007166:	2308      	movs	r3, #8
10007168:	9a08      	ldr	r2, [sp, #32]
1000716a:	1a9b      	subs	r3, r3, r2
1000716c:	61a3      	str	r3, [r4, #24]
1000716e:	6264      	str	r4, [r4, #36]	@ 0x24
10007170:	464a      	mov	r2, r9
10007172:	4641      	mov	r1, r8
10007174:	0028      	movs	r0, r5
10007176:	f7ff f9ef 	bl	10006558 <pxPortInitialiseStack>
1000717a:	6020      	str	r0, [r4, #0]
1000717c:	1a2d      	subs	r5, r5, r0
1000717e:	10ad      	asrs	r5, r5, #2
10007180:	42b5      	cmp	r5, r6
10007182:	d20e      	bcs.n	100071a2 <prvInitialiseNewTask+0xa2>
10007184:	9b09      	ldr	r3, [sp, #36]	@ 0x24
10007186:	2b00      	cmp	r3, #0
10007188:	d000      	beq.n	1000718c <prvInitialiseNewTask+0x8c>
1000718a:	601c      	str	r4, [r3, #0]
1000718c:	bcc0      	pop	{r6, r7}
1000718e:	46b9      	mov	r9, r7
10007190:	46b0      	mov	r8, r6
10007192:	bdf8      	pop	{r3, r4, r5, r6, r7, pc}
10007194:	4806      	ldr	r0, [pc, #24]	@ (100071b0 <prvInitialiseNewTask+0xb0>)
10007196:	4907      	ldr	r1, [pc, #28]	@ (100071b4 <prvInitialiseNewTask+0xb4>)
10007198:	f7f9 f87c 	bl	10000294 <vAssertCalled>
1000719c:	2307      	movs	r3, #7
1000719e:	9308      	str	r3, [sp, #32]
100071a0:	e7d6      	b.n	10007150 <prvInitialiseNewTask+0x50>
100071a2:	4803      	ldr	r0, [pc, #12]	@ (100071b0 <prvInitialiseNewTask+0xb0>)
100071a4:	4904      	ldr	r1, [pc, #16]	@ (100071b8 <prvInitialiseNewTask+0xb8>)
100071a6:	f7f9 f875 	bl	10000294 <vAssertCalled>
100071aa:	e7eb      	b.n	10007184 <prvInitialiseNewTask+0x84>
100071ac:	3fffffff 	.word	0x3fffffff
100071b0:	10009520 	.word	0x10009520
100071b4:	0000076f 	.word	0x0000076f
100071b8:	000007d2 	.word	0x000007d2

100071bc <prvCreateTask>:
100071bc:	b5f0      	push	{r4, r5, r6, r7, lr}
100071be:	b087      	sub	sp, #28
100071c0:	9004      	str	r0, [sp, #16]
100071c2:	9105      	str	r1, [sp, #20]
100071c4:	0015      	movs	r5, r2
100071c6:	001f      	movs	r7, r3
100071c8:	0090      	lsls	r0, r2, #2
100071ca:	f001 f8cf 	bl	1000836c <pvPortMalloc>
100071ce:	1e06      	subs	r6, r0, #0
100071d0:	d01d      	beq.n	1000720e <prvCreateTask+0x52>
100071d2:	2070      	movs	r0, #112	@ 0x70
100071d4:	f001 f8ca 	bl	1000836c <pvPortMalloc>
100071d8:	1e04      	subs	r4, r0, #0
100071da:	d014      	beq.n	10007206 <prvCreateTask+0x4a>
100071dc:	2270      	movs	r2, #112	@ 0x70
100071de:	2100      	movs	r1, #0
100071e0:	f7fb fa5e 	bl	100026a0 <__wrap_memset>
100071e4:	6326      	str	r6, [r4, #48]	@ 0x30
100071e6:	2300      	movs	r3, #0
100071e8:	9303      	str	r3, [sp, #12]
100071ea:	9402      	str	r4, [sp, #8]
100071ec:	9b0d      	ldr	r3, [sp, #52]	@ 0x34
100071ee:	9301      	str	r3, [sp, #4]
100071f0:	9b0c      	ldr	r3, [sp, #48]	@ 0x30
100071f2:	9300      	str	r3, [sp, #0]
100071f4:	003b      	movs	r3, r7
100071f6:	002a      	movs	r2, r5
100071f8:	9905      	ldr	r1, [sp, #20]
100071fa:	9804      	ldr	r0, [sp, #16]
100071fc:	f7ff ff80 	bl	10007100 <prvInitialiseNewTask>
10007200:	0020      	movs	r0, r4
10007202:	b007      	add	sp, #28
10007204:	bdf0      	pop	{r4, r5, r6, r7, pc}
10007206:	0030      	movs	r0, r6
10007208:	f001 f974 	bl	100084f4 <vPortFree>
1000720c:	e7f8      	b.n	10007200 <prvCreateTask+0x44>
1000720e:	0004      	movs	r4, r0
10007210:	e7f6      	b.n	10007200 <prvCreateTask+0x44>
	...

10007214 <prvInitialiseTaskLists>:
10007214:	b570      	push	{r4, r5, r6, lr}
10007216:	2400      	movs	r4, #0
10007218:	e007      	b.n	1000722a <prvInitialiseTaskLists+0x16>
1000721a:	00a0      	lsls	r0, r4, #2
1000721c:	1900      	adds	r0, r0, r4
1000721e:	0080      	lsls	r0, r0, #2
10007220:	4b0e      	ldr	r3, [pc, #56]	@ (1000725c <prvInitialiseTaskLists+0x48>)
10007222:	18c0      	adds	r0, r0, r3
10007224:	f7ff fc5c 	bl	10006ae0 <vListInitialise>
10007228:	3401      	adds	r4, #1
1000722a:	2c07      	cmp	r4, #7
1000722c:	d9f5      	bls.n	1000721a <prvInitialiseTaskLists+0x6>
1000722e:	4d0c      	ldr	r5, [pc, #48]	@ (10007260 <prvInitialiseTaskLists+0x4c>)
10007230:	0028      	movs	r0, r5
10007232:	f7ff fc55 	bl	10006ae0 <vListInitialise>
10007236:	4c0b      	ldr	r4, [pc, #44]	@ (10007264 <prvInitialiseTaskLists+0x50>)
10007238:	0020      	movs	r0, r4
1000723a:	f7ff fc51 	bl	10006ae0 <vListInitialise>
1000723e:	480a      	ldr	r0, [pc, #40]	@ (10007268 <prvInitialiseTaskLists+0x54>)
10007240:	f7ff fc4e 	bl	10006ae0 <vListInitialise>
10007244:	4809      	ldr	r0, [pc, #36]	@ (1000726c <prvInitialiseTaskLists+0x58>)
10007246:	f7ff fc4b 	bl	10006ae0 <vListInitialise>
1000724a:	4809      	ldr	r0, [pc, #36]	@ (10007270 <prvInitialiseTaskLists+0x5c>)
1000724c:	f7ff fc48 	bl	10006ae0 <vListInitialise>
10007250:	4b08      	ldr	r3, [pc, #32]	@ (10007274 <prvInitialiseTaskLists+0x60>)
10007252:	601d      	str	r5, [r3, #0]
10007254:	4b08      	ldr	r3, [pc, #32]	@ (10007278 <prvInitialiseTaskLists+0x64>)
10007256:	601c      	str	r4, [r3, #0]
10007258:	bd70      	pop	{r4, r5, r6, pc}
1000725a:	46c0      	nop			@ (mov r8, r8)
1000725c:	200016bc 	.word	0x200016bc
10007260:	200119d0 	.word	0x200119d0
10007264:	200119e4 	.word	0x200119e4
10007268:	20011a20 	.word	0x20011a20
1000726c:	20011a94 	.word	0x20011a94
10007270:	20011a80 	.word	0x20011a80
10007274:	200016ac 	.word	0x200016ac
10007278:	200016b4 	.word	0x200016b4

1000727c <prvAddNewTaskToReadyList>:
1000727c:	b510      	push	{r4, lr}
1000727e:	0004      	movs	r4, r0
10007280:	f7ff f988 	bl	10006594 <vPortEnterCritical>
10007284:	4a28      	ldr	r2, [pc, #160]	@ (10007328 <prvAddNewTaskToReadyList+0xac>)
10007286:	6813      	ldr	r3, [r2, #0]
10007288:	3301      	adds	r3, #1
1000728a:	6013      	str	r3, [r2, #0]
1000728c:	4b27      	ldr	r3, [pc, #156]	@ (1000732c <prvAddNewTaskToReadyList+0xb0>)
1000728e:	681b      	ldr	r3, [r3, #0]
10007290:	2b00      	cmp	r3, #0
10007292:	d00c      	beq.n	100072ae <prvAddNewTaskToReadyList+0x32>
10007294:	4b26      	ldr	r3, [pc, #152]	@ (10007330 <prvAddNewTaskToReadyList+0xb4>)
10007296:	681b      	ldr	r3, [r3, #0]
10007298:	2b00      	cmp	r3, #0
1000729a:	d10d      	bne.n	100072b8 <prvAddNewTaskToReadyList+0x3c>
1000729c:	4b23      	ldr	r3, [pc, #140]	@ (1000732c <prvAddNewTaskToReadyList+0xb0>)
1000729e:	681b      	ldr	r3, [r3, #0]
100072a0:	6ada      	ldr	r2, [r3, #44]	@ 0x2c
100072a2:	6ae3      	ldr	r3, [r4, #44]	@ 0x2c
100072a4:	429a      	cmp	r2, r3
100072a6:	d807      	bhi.n	100072b8 <prvAddNewTaskToReadyList+0x3c>
100072a8:	4b20      	ldr	r3, [pc, #128]	@ (1000732c <prvAddNewTaskToReadyList+0xb0>)
100072aa:	601c      	str	r4, [r3, #0]
100072ac:	e004      	b.n	100072b8 <prvAddNewTaskToReadyList+0x3c>
100072ae:	4b1f      	ldr	r3, [pc, #124]	@ (1000732c <prvAddNewTaskToReadyList+0xb0>)
100072b0:	601c      	str	r4, [r3, #0]
100072b2:	6813      	ldr	r3, [r2, #0]
100072b4:	2b01      	cmp	r3, #1
100072b6:	d031      	beq.n	1000731c <prvAddNewTaskToReadyList+0xa0>
100072b8:	4a1e      	ldr	r2, [pc, #120]	@ (10007334 <prvAddNewTaskToReadyList+0xb8>)
100072ba:	6813      	ldr	r3, [r2, #0]
100072bc:	3301      	adds	r3, #1
100072be:	6013      	str	r3, [r2, #0]
100072c0:	6463      	str	r3, [r4, #68]	@ 0x44
100072c2:	6ae1      	ldr	r1, [r4, #44]	@ 0x2c
100072c4:	4b1c      	ldr	r3, [pc, #112]	@ (10007338 <prvAddNewTaskToReadyList+0xbc>)
100072c6:	681b      	ldr	r3, [r3, #0]
100072c8:	4299      	cmp	r1, r3
100072ca:	d901      	bls.n	100072d0 <prvAddNewTaskToReadyList+0x54>
100072cc:	4b1a      	ldr	r3, [pc, #104]	@ (10007338 <prvAddNewTaskToReadyList+0xbc>)
100072ce:	6019      	str	r1, [r3, #0]
100072d0:	4a1a      	ldr	r2, [pc, #104]	@ (1000733c <prvAddNewTaskToReadyList+0xc0>)
100072d2:	008b      	lsls	r3, r1, #2
100072d4:	185b      	adds	r3, r3, r1
100072d6:	009b      	lsls	r3, r3, #2
100072d8:	18d3      	adds	r3, r2, r3
100072da:	685b      	ldr	r3, [r3, #4]
100072dc:	60a3      	str	r3, [r4, #8]
100072de:	6898      	ldr	r0, [r3, #8]
100072e0:	60e0      	str	r0, [r4, #12]
100072e2:	1d21      	adds	r1, r4, #4
100072e4:	6041      	str	r1, [r0, #4]
100072e6:	6099      	str	r1, [r3, #8]
100072e8:	6ae0      	ldr	r0, [r4, #44]	@ 0x2c
100072ea:	0083      	lsls	r3, r0, #2
100072ec:	1819      	adds	r1, r3, r0
100072ee:	0089      	lsls	r1, r1, #2
100072f0:	1889      	adds	r1, r1, r2
100072f2:	6161      	str	r1, [r4, #20]
100072f4:	1819      	adds	r1, r3, r0
100072f6:	0089      	lsls	r1, r1, #2
100072f8:	5889      	ldr	r1, [r1, r2]
100072fa:	3101      	adds	r1, #1
100072fc:	181b      	adds	r3, r3, r0
100072fe:	009b      	lsls	r3, r3, #2
10007300:	5099      	str	r1, [r3, r2]
10007302:	f7ff f953 	bl	100065ac <vPortExitCritical>
10007306:	4b0a      	ldr	r3, [pc, #40]	@ (10007330 <prvAddNewTaskToReadyList+0xb4>)
10007308:	681b      	ldr	r3, [r3, #0]
1000730a:	2b00      	cmp	r3, #0
1000730c:	d005      	beq.n	1000731a <prvAddNewTaskToReadyList+0x9e>
1000730e:	4b07      	ldr	r3, [pc, #28]	@ (1000732c <prvAddNewTaskToReadyList+0xb0>)
10007310:	681b      	ldr	r3, [r3, #0]
10007312:	6ada      	ldr	r2, [r3, #44]	@ 0x2c
10007314:	6ae3      	ldr	r3, [r4, #44]	@ 0x2c
10007316:	429a      	cmp	r2, r3
10007318:	d303      	bcc.n	10007322 <prvAddNewTaskToReadyList+0xa6>
1000731a:	bd10      	pop	{r4, pc}
1000731c:	f7ff ff7a 	bl	10007214 <prvInitialiseTaskLists>
10007320:	e7ca      	b.n	100072b8 <prvAddNewTaskToReadyList+0x3c>
10007322:	f7ff f92b 	bl	1000657c <vPortYield>
10007326:	e7f8      	b.n	1000731a <prvAddNewTaskToReadyList+0x9e>
10007328:	20011994 	.word	0x20011994
1000732c:	200016a4 	.word	0x200016a4
10007330:	20011a74 	.word	0x20011a74
10007334:	200119a0 	.word	0x200119a0
10007338:	200119a4 	.word	0x200119a4
1000733c:	200016bc 	.word	0x200016bc

10007340 <prvCheckTasksWaitingTermination>:
10007340:	b510      	push	{r4, lr}
10007342:	e014      	b.n	1000736e <prvCheckTasksWaitingTermination+0x2e>
10007344:	f7ff f926 	bl	10006594 <vPortEnterCritical>
10007348:	4b0b      	ldr	r3, [pc, #44]	@ (10007378 <prvCheckTasksWaitingTermination+0x38>)
1000734a:	68db      	ldr	r3, [r3, #12]
1000734c:	68dc      	ldr	r4, [r3, #12]
1000734e:	1d20      	adds	r0, r4, #4
10007350:	f7ff fbed 	bl	10006b2e <uxListRemove>
10007354:	4a09      	ldr	r2, [pc, #36]	@ (1000737c <prvCheckTasksWaitingTermination+0x3c>)
10007356:	6813      	ldr	r3, [r2, #0]
10007358:	3b01      	subs	r3, #1
1000735a:	6013      	str	r3, [r2, #0]
1000735c:	4a08      	ldr	r2, [pc, #32]	@ (10007380 <prvCheckTasksWaitingTermination+0x40>)
1000735e:	6813      	ldr	r3, [r2, #0]
10007360:	3b01      	subs	r3, #1
10007362:	6013      	str	r3, [r2, #0]
10007364:	f7ff f922 	bl	100065ac <vPortExitCritical>
10007368:	0020      	movs	r0, r4
1000736a:	f7ff febf 	bl	100070ec <prvDeleteTCB>
1000736e:	4b04      	ldr	r3, [pc, #16]	@ (10007380 <prvCheckTasksWaitingTermination+0x40>)
10007370:	681b      	ldr	r3, [r3, #0]
10007372:	2b00      	cmp	r3, #0
10007374:	d1e6      	bne.n	10007344 <prvCheckTasksWaitingTermination+0x4>
10007376:	bd10      	pop	{r4, pc}
10007378:	20011a94 	.word	0x20011a94
1000737c:	20011994 	.word	0x20011994
10007380:	20011998 	.word	0x20011998

10007384 <prvIdleTask>:
10007384:	b510      	push	{r4, lr}
10007386:	f7ff ffdb 	bl	10007340 <prvCheckTasksWaitingTermination>
1000738a:	4b03      	ldr	r3, [pc, #12]	@ (10007398 <prvIdleTask+0x14>)
1000738c:	681b      	ldr	r3, [r3, #0]
1000738e:	2b01      	cmp	r3, #1
10007390:	d9f9      	bls.n	10007386 <prvIdleTask+0x2>
10007392:	f7ff f8f3 	bl	1000657c <vPortYield>
10007396:	e7f6      	b.n	10007386 <prvIdleTask+0x2>
10007398:	200016bc 	.word	0x200016bc

1000739c <prvAddCurrentTaskToDelayedList>:
1000739c:	b5f0      	push	{r4, r5, r6, r7, lr}
1000739e:	b083      	sub	sp, #12
100073a0:	0004      	movs	r4, r0
100073a2:	9101      	str	r1, [sp, #4]
100073a4:	4b22      	ldr	r3, [pc, #136]	@ (10007430 <prvAddCurrentTaskToDelayedList+0x94>)
100073a6:	681d      	ldr	r5, [r3, #0]
100073a8:	4b22      	ldr	r3, [pc, #136]	@ (10007434 <prvAddCurrentTaskToDelayedList+0x98>)
100073aa:	681b      	ldr	r3, [r3, #0]
100073ac:	001e      	movs	r6, r3
100073ae:	4b22      	ldr	r3, [pc, #136]	@ (10007438 <prvAddCurrentTaskToDelayedList+0x9c>)
100073b0:	681b      	ldr	r3, [r3, #0]
100073b2:	001f      	movs	r7, r3
100073b4:	4b21      	ldr	r3, [pc, #132]	@ (1000743c <prvAddCurrentTaskToDelayedList+0xa0>)
100073b6:	6819      	ldr	r1, [r3, #0]
100073b8:	226d      	movs	r2, #109	@ 0x6d
100073ba:	2000      	movs	r0, #0
100073bc:	5488      	strb	r0, [r1, r2]
100073be:	6818      	ldr	r0, [r3, #0]
100073c0:	3004      	adds	r0, #4
100073c2:	f7ff fbb4 	bl	10006b2e <uxListRemove>
100073c6:	1c63      	adds	r3, r4, #1
100073c8:	d00d      	beq.n	100073e6 <prvAddCurrentTaskToDelayedList+0x4a>
100073ca:	192c      	adds	r4, r5, r4
100073cc:	4b1b      	ldr	r3, [pc, #108]	@ (1000743c <prvAddCurrentTaskToDelayedList+0xa0>)
100073ce:	681b      	ldr	r3, [r3, #0]
100073d0:	605c      	str	r4, [r3, #4]
100073d2:	42a5      	cmp	r5, r4
100073d4:	d91e      	bls.n	10007414 <prvAddCurrentTaskToDelayedList+0x78>
100073d6:	4b19      	ldr	r3, [pc, #100]	@ (1000743c <prvAddCurrentTaskToDelayedList+0xa0>)
100073d8:	6819      	ldr	r1, [r3, #0]
100073da:	3104      	adds	r1, #4
100073dc:	0038      	movs	r0, r7
100073de:	f7ff fb8d 	bl	10006afc <vListInsert>
100073e2:	b003      	add	sp, #12
100073e4:	bdf0      	pop	{r4, r5, r6, r7, pc}
100073e6:	9b01      	ldr	r3, [sp, #4]
100073e8:	2b00      	cmp	r3, #0
100073ea:	d0ee      	beq.n	100073ca <prvAddCurrentTaskToDelayedList+0x2e>
100073ec:	4a14      	ldr	r2, [pc, #80]	@ (10007440 <prvAddCurrentTaskToDelayedList+0xa4>)
100073ee:	6851      	ldr	r1, [r2, #4]
100073f0:	4b12      	ldr	r3, [pc, #72]	@ (1000743c <prvAddCurrentTaskToDelayedList+0xa0>)
100073f2:	6818      	ldr	r0, [r3, #0]
100073f4:	6081      	str	r1, [r0, #8]
100073f6:	6818      	ldr	r0, [r3, #0]
100073f8:	688c      	ldr	r4, [r1, #8]
100073fa:	60c4      	str	r4, [r0, #12]
100073fc:	6818      	ldr	r0, [r3, #0]
100073fe:	3004      	adds	r0, #4
10007400:	6060      	str	r0, [r4, #4]
10007402:	6818      	ldr	r0, [r3, #0]
10007404:	3004      	adds	r0, #4
10007406:	6088      	str	r0, [r1, #8]
10007408:	681b      	ldr	r3, [r3, #0]
1000740a:	615a      	str	r2, [r3, #20]
1000740c:	6813      	ldr	r3, [r2, #0]
1000740e:	3301      	adds	r3, #1
10007410:	6013      	str	r3, [r2, #0]
10007412:	e7e6      	b.n	100073e2 <prvAddCurrentTaskToDelayedList+0x46>
10007414:	4b09      	ldr	r3, [pc, #36]	@ (1000743c <prvAddCurrentTaskToDelayedList+0xa0>)
10007416:	6819      	ldr	r1, [r3, #0]
10007418:	3104      	adds	r1, #4
1000741a:	0030      	movs	r0, r6
1000741c:	f7ff fb6e 	bl	10006afc <vListInsert>
10007420:	4b08      	ldr	r3, [pc, #32]	@ (10007444 <prvAddCurrentTaskToDelayedList+0xa8>)
10007422:	681b      	ldr	r3, [r3, #0]
10007424:	42a3      	cmp	r3, r4
10007426:	d9dc      	bls.n	100073e2 <prvAddCurrentTaskToDelayedList+0x46>
10007428:	4b06      	ldr	r3, [pc, #24]	@ (10007444 <prvAddCurrentTaskToDelayedList+0xa8>)
1000742a:	601c      	str	r4, [r3, #0]
1000742c:	e7d9      	b.n	100073e2 <prvAddCurrentTaskToDelayedList+0x46>
1000742e:	46c0      	nop			@ (mov r8, r8)
10007430:	20011aa8 	.word	0x20011aa8
10007434:	200016ac 	.word	0x200016ac
10007438:	200016b4 	.word	0x200016b4
1000743c:	200016a4 	.word	0x200016a4
10007440:	20011a80 	.word	0x20011a80
10007444:	20011a0c 	.word	0x20011a0c

10007448 <xTaskCreate>:
10007448:	b510      	push	{r4, lr}
1000744a:	b082      	sub	sp, #8
1000744c:	9c05      	ldr	r4, [sp, #20]
1000744e:	9401      	str	r4, [sp, #4]
10007450:	9c04      	ldr	r4, [sp, #16]
10007452:	9400      	str	r4, [sp, #0]
10007454:	f7ff feb2 	bl	100071bc <prvCreateTask>
10007458:	2800      	cmp	r0, #0
1000745a:	d004      	beq.n	10007466 <xTaskCreate+0x1e>
1000745c:	f7ff ff0e 	bl	1000727c <prvAddNewTaskToReadyList>
10007460:	2001      	movs	r0, #1
10007462:	b002      	add	sp, #8
10007464:	bd10      	pop	{r4, pc}
10007466:	2001      	movs	r0, #1
10007468:	4240      	negs	r0, r0
1000746a:	e7fa      	b.n	10007462 <xTaskCreate+0x1a>

1000746c <prvCreateIdleTasks>:
1000746c:	b510      	push	{r4, lr}
1000746e:	b086      	sub	sp, #24
10007470:	2210      	movs	r2, #16
10007472:	2100      	movs	r1, #0
10007474:	a802      	add	r0, sp, #8
10007476:	f7fb f913 	bl	100026a0 <__wrap_memset>
1000747a:	2300      	movs	r3, #0
1000747c:	2b0e      	cmp	r3, #14
1000747e:	d807      	bhi.n	10007490 <prvCreateIdleTasks+0x24>
10007480:	4a10      	ldr	r2, [pc, #64]	@ (100074c4 <prvCreateIdleTasks+0x58>)
10007482:	5cd2      	ldrb	r2, [r2, r3]
10007484:	a902      	add	r1, sp, #8
10007486:	54ca      	strb	r2, [r1, r3]
10007488:	2a00      	cmp	r2, #0
1000748a:	d001      	beq.n	10007490 <prvCreateIdleTasks+0x24>
1000748c:	3301      	adds	r3, #1
1000748e:	e7f5      	b.n	1000747c <prvCreateIdleTasks+0x10>
10007490:	aa02      	add	r2, sp, #8
10007492:	2100      	movs	r1, #0
10007494:	54d1      	strb	r1, [r2, r3]
10007496:	2400      	movs	r4, #0
10007498:	2001      	movs	r0, #1
1000749a:	2c00      	cmp	r4, #0
1000749c:	dd01      	ble.n	100074a2 <prvCreateIdleTasks+0x36>
1000749e:	b006      	add	sp, #24
100074a0:	bd10      	pop	{r4, pc}
100074a2:	00a3      	lsls	r3, r4, #2
100074a4:	4a08      	ldr	r2, [pc, #32]	@ (100074c8 <prvCreateIdleTasks+0x5c>)
100074a6:	189b      	adds	r3, r3, r2
100074a8:	2280      	movs	r2, #128	@ 0x80
100074aa:	4808      	ldr	r0, [pc, #32]	@ (100074cc <prvCreateIdleTasks+0x60>)
100074ac:	9301      	str	r3, [sp, #4]
100074ae:	2300      	movs	r3, #0
100074b0:	9300      	str	r3, [sp, #0]
100074b2:	0052      	lsls	r2, r2, #1
100074b4:	a902      	add	r1, sp, #8
100074b6:	f7ff ffc7 	bl	10007448 <xTaskCreate>
100074ba:	2801      	cmp	r0, #1
100074bc:	d1ef      	bne.n	1000749e <prvCreateIdleTasks+0x32>
100074be:	3401      	adds	r4, #1
100074c0:	e7eb      	b.n	1000749a <prvCreateIdleTasks+0x2e>
100074c2:	46c0      	nop			@ (mov r8, r8)
100074c4:	10009568 	.word	0x10009568
100074c8:	20011a00 	.word	0x20011a00
100074cc:	10007385 	.word	0x10007385

100074d0 <vTaskStartScheduler>:
100074d0:	b510      	push	{r4, lr}
100074d2:	f7ff ffcb 	bl	1000746c <prvCreateIdleTasks>
100074d6:	2801      	cmp	r0, #1
100074d8:	d004      	beq.n	100074e4 <vTaskStartScheduler+0x14>
100074da:	3001      	adds	r0, #1
100074dc:	d014      	beq.n	10007508 <vTaskStartScheduler+0x38>
100074de:	4b0d      	ldr	r3, [pc, #52]	@ (10007514 <vTaskStartScheduler+0x44>)
100074e0:	681b      	ldr	r3, [r3, #0]
100074e2:	bd10      	pop	{r4, pc}
100074e4:	f000 fe50 	bl	10008188 <xTimerCreateTimerTask>
100074e8:	2801      	cmp	r0, #1
100074ea:	d1f6      	bne.n	100074da <vTaskStartScheduler+0xa>
100074ec:	b672      	cpsid	i
100074ee:	4b0a      	ldr	r3, [pc, #40]	@ (10007518 <vTaskStartScheduler+0x48>)
100074f0:	2201      	movs	r2, #1
100074f2:	4252      	negs	r2, r2
100074f4:	601a      	str	r2, [r3, #0]
100074f6:	4b09      	ldr	r3, [pc, #36]	@ (1000751c <vTaskStartScheduler+0x4c>)
100074f8:	3202      	adds	r2, #2
100074fa:	601a      	str	r2, [r3, #0]
100074fc:	4b08      	ldr	r3, [pc, #32]	@ (10007520 <vTaskStartScheduler+0x50>)
100074fe:	2200      	movs	r2, #0
10007500:	601a      	str	r2, [r3, #0]
10007502:	f7ff f89f 	bl	10006644 <xPortStartScheduler>
10007506:	e7ea      	b.n	100074de <vTaskStartScheduler+0xe>
10007508:	4806      	ldr	r0, [pc, #24]	@ (10007524 <vTaskStartScheduler+0x54>)
1000750a:	4907      	ldr	r1, [pc, #28]	@ (10007528 <vTaskStartScheduler+0x58>)
1000750c:	f7f8 fec2 	bl	10000294 <vAssertCalled>
10007510:	e7e5      	b.n	100074de <vTaskStartScheduler+0xe>
10007512:	46c0      	nop			@ (mov r8, r8)
10007514:	10009c0c 	.word	0x10009c0c
10007518:	20011a0c 	.word	0x20011a0c
1000751c:	20011a74 	.word	0x20011a74
10007520:	20011aa8 	.word	0x20011aa8
10007524:	10009520 	.word	0x10009520
10007528:	00000ef8 	.word	0x00000ef8

1000752c <vTaskSuspendAll>:
1000752c:	4a02      	ldr	r2, [pc, #8]	@ (10007538 <vTaskSuspendAll+0xc>)
1000752e:	6813      	ldr	r3, [r2, #0]
10007530:	3301      	adds	r3, #1
10007532:	6013      	str	r3, [r2, #0]
10007534:	4770      	bx	lr
10007536:	46c0      	nop			@ (mov r8, r8)
10007538:	2001199c 	.word	0x2001199c

1000753c <xTaskGetTickCount>:
1000753c:	4b01      	ldr	r3, [pc, #4]	@ (10007544 <xTaskGetTickCount+0x8>)
1000753e:	6818      	ldr	r0, [r3, #0]
10007540:	4770      	bx	lr
10007542:	46c0      	nop			@ (mov r8, r8)
10007544:	20011aa8 	.word	0x20011aa8

10007548 <uxTaskGetNumberOfTasks>:
10007548:	4b01      	ldr	r3, [pc, #4]	@ (10007550 <uxTaskGetNumberOfTasks+0x8>)
1000754a:	6818      	ldr	r0, [r3, #0]
1000754c:	4770      	bx	lr
1000754e:	46c0      	nop			@ (mov r8, r8)
10007550:	20011994 	.word	0x20011994

10007554 <xTaskIncrementTick>:
10007554:	b570      	push	{r4, r5, r6, lr}
10007556:	4b53      	ldr	r3, [pc, #332]	@ (100076a4 <xTaskIncrementTick+0x150>)
10007558:	681b      	ldr	r3, [r3, #0]
1000755a:	2b00      	cmp	r3, #0
1000755c:	d000      	beq.n	10007560 <xTaskIncrementTick+0xc>
1000755e:	e099      	b.n	10007694 <xTaskIncrementTick+0x140>
10007560:	4b51      	ldr	r3, [pc, #324]	@ (100076a8 <xTaskIncrementTick+0x154>)
10007562:	681c      	ldr	r4, [r3, #0]
10007564:	3401      	adds	r4, #1
10007566:	601c      	str	r4, [r3, #0]
10007568:	2c00      	cmp	r4, #0
1000756a:	d110      	bne.n	1000758e <xTaskIncrementTick+0x3a>
1000756c:	4b4f      	ldr	r3, [pc, #316]	@ (100076ac <xTaskIncrementTick+0x158>)
1000756e:	681b      	ldr	r3, [r3, #0]
10007570:	681b      	ldr	r3, [r3, #0]
10007572:	2b00      	cmp	r3, #0
10007574:	d124      	bne.n	100075c0 <xTaskIncrementTick+0x6c>
10007576:	4a4d      	ldr	r2, [pc, #308]	@ (100076ac <xTaskIncrementTick+0x158>)
10007578:	6811      	ldr	r1, [r2, #0]
1000757a:	4b4d      	ldr	r3, [pc, #308]	@ (100076b0 <xTaskIncrementTick+0x15c>)
1000757c:	6818      	ldr	r0, [r3, #0]
1000757e:	6010      	str	r0, [r2, #0]
10007580:	6019      	str	r1, [r3, #0]
10007582:	4a4c      	ldr	r2, [pc, #304]	@ (100076b4 <xTaskIncrementTick+0x160>)
10007584:	6813      	ldr	r3, [r2, #0]
10007586:	3301      	adds	r3, #1
10007588:	6013      	str	r3, [r2, #0]
1000758a:	f7ff fd99 	bl	100070c0 <prvResetNextTaskUnblockTime>
1000758e:	4b4a      	ldr	r3, [pc, #296]	@ (100076b8 <xTaskIncrementTick+0x164>)
10007590:	681b      	ldr	r3, [r3, #0]
10007592:	42a3      	cmp	r3, r4
10007594:	d919      	bls.n	100075ca <xTaskIncrementTick+0x76>
10007596:	2300      	movs	r3, #0
10007598:	469c      	mov	ip, r3
1000759a:	4b48      	ldr	r3, [pc, #288]	@ (100076bc <xTaskIncrementTick+0x168>)
1000759c:	681b      	ldr	r3, [r3, #0]
1000759e:	6ad9      	ldr	r1, [r3, #44]	@ 0x2c
100075a0:	4a47      	ldr	r2, [pc, #284]	@ (100076c0 <xTaskIncrementTick+0x16c>)
100075a2:	008b      	lsls	r3, r1, #2
100075a4:	185b      	adds	r3, r3, r1
100075a6:	009b      	lsls	r3, r3, #2
100075a8:	589b      	ldr	r3, [r3, r2]
100075aa:	2b01      	cmp	r3, #1
100075ac:	d901      	bls.n	100075b2 <xTaskIncrementTick+0x5e>
100075ae:	2301      	movs	r3, #1
100075b0:	469c      	mov	ip, r3
100075b2:	4b44      	ldr	r3, [pc, #272]	@ (100076c4 <xTaskIncrementTick+0x170>)
100075b4:	681b      	ldr	r3, [r3, #0]
100075b6:	2b00      	cmp	r3, #0
100075b8:	d072      	beq.n	100076a0 <xTaskIncrementTick+0x14c>
100075ba:	2301      	movs	r3, #1
100075bc:	469c      	mov	ip, r3
100075be:	e06f      	b.n	100076a0 <xTaskIncrementTick+0x14c>
100075c0:	4841      	ldr	r0, [pc, #260]	@ (100076c8 <xTaskIncrementTick+0x174>)
100075c2:	4942      	ldr	r1, [pc, #264]	@ (100076cc <xTaskIncrementTick+0x178>)
100075c4:	f7f8 fe66 	bl	10000294 <vAssertCalled>
100075c8:	e7d5      	b.n	10007576 <xTaskIncrementTick+0x22>
100075ca:	2300      	movs	r3, #0
100075cc:	469c      	mov	ip, r3
100075ce:	e036      	b.n	1000763e <xTaskIncrementTick+0xea>
100075d0:	4b39      	ldr	r3, [pc, #228]	@ (100076b8 <xTaskIncrementTick+0x164>)
100075d2:	2201      	movs	r2, #1
100075d4:	4252      	negs	r2, r2
100075d6:	601a      	str	r2, [r3, #0]
100075d8:	e7df      	b.n	1000759a <xTaskIncrementTick+0x46>
100075da:	4b37      	ldr	r3, [pc, #220]	@ (100076b8 <xTaskIncrementTick+0x164>)
100075dc:	601a      	str	r2, [r3, #0]
100075de:	e7dc      	b.n	1000759a <xTaskIncrementTick+0x46>
100075e0:	68d9      	ldr	r1, [r3, #12]
100075e2:	6051      	str	r1, [r2, #4]
100075e4:	e041      	b.n	1000766a <xTaskIncrementTick+0x116>
100075e6:	2100      	movs	r1, #0
100075e8:	6299      	str	r1, [r3, #40]	@ 0x28
100075ea:	6811      	ldr	r1, [r2, #0]
100075ec:	3901      	subs	r1, #1
100075ee:	6011      	str	r1, [r2, #0]
100075f0:	6ad8      	ldr	r0, [r3, #44]	@ 0x2c
100075f2:	4a37      	ldr	r2, [pc, #220]	@ (100076d0 <xTaskIncrementTick+0x17c>)
100075f4:	6812      	ldr	r2, [r2, #0]
100075f6:	4290      	cmp	r0, r2
100075f8:	d901      	bls.n	100075fe <xTaskIncrementTick+0xaa>
100075fa:	4a35      	ldr	r2, [pc, #212]	@ (100076d0 <xTaskIncrementTick+0x17c>)
100075fc:	6010      	str	r0, [r2, #0]
100075fe:	4930      	ldr	r1, [pc, #192]	@ (100076c0 <xTaskIncrementTick+0x16c>)
10007600:	0082      	lsls	r2, r0, #2
10007602:	1812      	adds	r2, r2, r0
10007604:	0092      	lsls	r2, r2, #2
10007606:	188a      	adds	r2, r1, r2
10007608:	6852      	ldr	r2, [r2, #4]
1000760a:	609a      	str	r2, [r3, #8]
1000760c:	6890      	ldr	r0, [r2, #8]
1000760e:	60d8      	str	r0, [r3, #12]
10007610:	6045      	str	r5, [r0, #4]
10007612:	6095      	str	r5, [r2, #8]
10007614:	6add      	ldr	r5, [r3, #44]	@ 0x2c
10007616:	00aa      	lsls	r2, r5, #2
10007618:	1950      	adds	r0, r2, r5
1000761a:	0080      	lsls	r0, r0, #2
1000761c:	1840      	adds	r0, r0, r1
1000761e:	6158      	str	r0, [r3, #20]
10007620:	1950      	adds	r0, r2, r5
10007622:	0080      	lsls	r0, r0, #2
10007624:	5840      	ldr	r0, [r0, r1]
10007626:	3001      	adds	r0, #1
10007628:	1952      	adds	r2, r2, r5
1000762a:	0092      	lsls	r2, r2, #2
1000762c:	5050      	str	r0, [r2, r1]
1000762e:	6ada      	ldr	r2, [r3, #44]	@ 0x2c
10007630:	4b22      	ldr	r3, [pc, #136]	@ (100076bc <xTaskIncrementTick+0x168>)
10007632:	681b      	ldr	r3, [r3, #0]
10007634:	6adb      	ldr	r3, [r3, #44]	@ 0x2c
10007636:	429a      	cmp	r2, r3
10007638:	d901      	bls.n	1000763e <xTaskIncrementTick+0xea>
1000763a:	2301      	movs	r3, #1
1000763c:	469c      	mov	ip, r3
1000763e:	4b1b      	ldr	r3, [pc, #108]	@ (100076ac <xTaskIncrementTick+0x158>)
10007640:	681b      	ldr	r3, [r3, #0]
10007642:	681b      	ldr	r3, [r3, #0]
10007644:	2b00      	cmp	r3, #0
10007646:	d0c3      	beq.n	100075d0 <xTaskIncrementTick+0x7c>
10007648:	4b18      	ldr	r3, [pc, #96]	@ (100076ac <xTaskIncrementTick+0x158>)
1000764a:	681b      	ldr	r3, [r3, #0]
1000764c:	68db      	ldr	r3, [r3, #12]
1000764e:	68db      	ldr	r3, [r3, #12]
10007650:	685a      	ldr	r2, [r3, #4]
10007652:	4294      	cmp	r4, r2
10007654:	d3c1      	bcc.n	100075da <xTaskIncrementTick+0x86>
10007656:	695a      	ldr	r2, [r3, #20]
10007658:	6898      	ldr	r0, [r3, #8]
1000765a:	68d9      	ldr	r1, [r3, #12]
1000765c:	6081      	str	r1, [r0, #8]
1000765e:	6898      	ldr	r0, [r3, #8]
10007660:	6048      	str	r0, [r1, #4]
10007662:	6851      	ldr	r1, [r2, #4]
10007664:	1d1d      	adds	r5, r3, #4
10007666:	42a9      	cmp	r1, r5
10007668:	d0ba      	beq.n	100075e0 <xTaskIncrementTick+0x8c>
1000766a:	2100      	movs	r1, #0
1000766c:	6159      	str	r1, [r3, #20]
1000766e:	6811      	ldr	r1, [r2, #0]
10007670:	3901      	subs	r1, #1
10007672:	6011      	str	r1, [r2, #0]
10007674:	6a9a      	ldr	r2, [r3, #40]	@ 0x28
10007676:	2a00      	cmp	r2, #0
10007678:	d0ba      	beq.n	100075f0 <xTaskIncrementTick+0x9c>
1000767a:	69d8      	ldr	r0, [r3, #28]
1000767c:	6a19      	ldr	r1, [r3, #32]
1000767e:	6081      	str	r1, [r0, #8]
10007680:	69d8      	ldr	r0, [r3, #28]
10007682:	6048      	str	r0, [r1, #4]
10007684:	6850      	ldr	r0, [r2, #4]
10007686:	0019      	movs	r1, r3
10007688:	3118      	adds	r1, #24
1000768a:	4288      	cmp	r0, r1
1000768c:	d1ab      	bne.n	100075e6 <xTaskIncrementTick+0x92>
1000768e:	6a19      	ldr	r1, [r3, #32]
10007690:	6051      	str	r1, [r2, #4]
10007692:	e7a8      	b.n	100075e6 <xTaskIncrementTick+0x92>
10007694:	4a0f      	ldr	r2, [pc, #60]	@ (100076d4 <xTaskIncrementTick+0x180>)
10007696:	6813      	ldr	r3, [r2, #0]
10007698:	3301      	adds	r3, #1
1000769a:	6013      	str	r3, [r2, #0]
1000769c:	2300      	movs	r3, #0
1000769e:	469c      	mov	ip, r3
100076a0:	4660      	mov	r0, ip
100076a2:	bd70      	pop	{r4, r5, r6, pc}
100076a4:	2001199c 	.word	0x2001199c
100076a8:	20011aa8 	.word	0x20011aa8
100076ac:	200016ac 	.word	0x200016ac
100076b0:	200016b4 	.word	0x200016b4
100076b4:	20011a10 	.word	0x20011a10
100076b8:	20011a0c 	.word	0x20011a0c
100076bc:	200016a4 	.word	0x200016a4
100076c0:	200016bc 	.word	0x200016bc
100076c4:	20011ab4 	.word	0x20011ab4
100076c8:	10009520 	.word	0x10009520
100076cc:	000012fc 	.word	0x000012fc
100076d0:	200119a4 	.word	0x200119a4
100076d4:	20011a1c 	.word	0x20011a1c

100076d8 <xTaskResumeAll>:
100076d8:	b510      	push	{r4, lr}
100076da:	f7fe ff5b 	bl	10006594 <vPortEnterCritical>
100076de:	4b49      	ldr	r3, [pc, #292]	@ (10007804 <xTaskResumeAll+0x12c>)
100076e0:	681b      	ldr	r3, [r3, #0]
100076e2:	2b00      	cmp	r3, #0
100076e4:	d00d      	beq.n	10007702 <xTaskResumeAll+0x2a>
100076e6:	4b47      	ldr	r3, [pc, #284]	@ (10007804 <xTaskResumeAll+0x12c>)
100076e8:	681a      	ldr	r2, [r3, #0]
100076ea:	3a01      	subs	r2, #1
100076ec:	601a      	str	r2, [r3, #0]
100076ee:	681b      	ldr	r3, [r3, #0]
100076f0:	2b00      	cmp	r3, #0
100076f2:	d000      	beq.n	100076f6 <xTaskResumeAll+0x1e>
100076f4:	e081      	b.n	100077fa <xTaskResumeAll+0x122>
100076f6:	4b44      	ldr	r3, [pc, #272]	@ (10007808 <xTaskResumeAll+0x130>)
100076f8:	681b      	ldr	r3, [r3, #0]
100076fa:	2b00      	cmp	r3, #0
100076fc:	d10c      	bne.n	10007718 <xTaskResumeAll+0x40>
100076fe:	2400      	movs	r4, #0
10007700:	e07c      	b.n	100077fc <xTaskResumeAll+0x124>
10007702:	4842      	ldr	r0, [pc, #264]	@ (1000780c <xTaskResumeAll+0x134>)
10007704:	4942      	ldr	r1, [pc, #264]	@ (10007810 <xTaskResumeAll+0x138>)
10007706:	f7f8 fdc5 	bl	10000294 <vAssertCalled>
1000770a:	e7ec      	b.n	100076e6 <xTaskResumeAll+0xe>
1000770c:	6a19      	ldr	r1, [r3, #32]
1000770e:	6051      	str	r1, [r2, #4]
10007710:	e015      	b.n	1000773e <xTaskResumeAll+0x66>
10007712:	68d9      	ldr	r1, [r3, #12]
10007714:	6051      	str	r1, [r2, #4]
10007716:	e021      	b.n	1000775c <xTaskResumeAll+0x84>
10007718:	2300      	movs	r3, #0
1000771a:	4a3e      	ldr	r2, [pc, #248]	@ (10007814 <xTaskResumeAll+0x13c>)
1000771c:	6812      	ldr	r2, [r2, #0]
1000771e:	2a00      	cmp	r2, #0
10007720:	d04a      	beq.n	100077b8 <xTaskResumeAll+0xe0>
10007722:	4b3c      	ldr	r3, [pc, #240]	@ (10007814 <xTaskResumeAll+0x13c>)
10007724:	68db      	ldr	r3, [r3, #12]
10007726:	68db      	ldr	r3, [r3, #12]
10007728:	6a9a      	ldr	r2, [r3, #40]	@ 0x28
1000772a:	69d8      	ldr	r0, [r3, #28]
1000772c:	6a19      	ldr	r1, [r3, #32]
1000772e:	6081      	str	r1, [r0, #8]
10007730:	69d8      	ldr	r0, [r3, #28]
10007732:	6048      	str	r0, [r1, #4]
10007734:	6850      	ldr	r0, [r2, #4]
10007736:	0019      	movs	r1, r3
10007738:	3118      	adds	r1, #24
1000773a:	4288      	cmp	r0, r1
1000773c:	d0e6      	beq.n	1000770c <xTaskResumeAll+0x34>
1000773e:	2100      	movs	r1, #0
10007740:	6299      	str	r1, [r3, #40]	@ 0x28
10007742:	6811      	ldr	r1, [r2, #0]
10007744:	3901      	subs	r1, #1
10007746:	6011      	str	r1, [r2, #0]
10007748:	695a      	ldr	r2, [r3, #20]
1000774a:	6898      	ldr	r0, [r3, #8]
1000774c:	68d9      	ldr	r1, [r3, #12]
1000774e:	6081      	str	r1, [r0, #8]
10007750:	6898      	ldr	r0, [r3, #8]
10007752:	6048      	str	r0, [r1, #4]
10007754:	6851      	ldr	r1, [r2, #4]
10007756:	1d1c      	adds	r4, r3, #4
10007758:	42a1      	cmp	r1, r4
1000775a:	d0da      	beq.n	10007712 <xTaskResumeAll+0x3a>
1000775c:	2100      	movs	r1, #0
1000775e:	6159      	str	r1, [r3, #20]
10007760:	6811      	ldr	r1, [r2, #0]
10007762:	3901      	subs	r1, #1
10007764:	6011      	str	r1, [r2, #0]
10007766:	6ad8      	ldr	r0, [r3, #44]	@ 0x2c
10007768:	4a2b      	ldr	r2, [pc, #172]	@ (10007818 <xTaskResumeAll+0x140>)
1000776a:	6812      	ldr	r2, [r2, #0]
1000776c:	4290      	cmp	r0, r2
1000776e:	d901      	bls.n	10007774 <xTaskResumeAll+0x9c>
10007770:	4a29      	ldr	r2, [pc, #164]	@ (10007818 <xTaskResumeAll+0x140>)
10007772:	6010      	str	r0, [r2, #0]
10007774:	4929      	ldr	r1, [pc, #164]	@ (1000781c <xTaskResumeAll+0x144>)
10007776:	0082      	lsls	r2, r0, #2
10007778:	1812      	adds	r2, r2, r0
1000777a:	0092      	lsls	r2, r2, #2
1000777c:	188a      	adds	r2, r1, r2
1000777e:	6852      	ldr	r2, [r2, #4]
10007780:	609a      	str	r2, [r3, #8]
10007782:	6890      	ldr	r0, [r2, #8]
10007784:	60d8      	str	r0, [r3, #12]
10007786:	6044      	str	r4, [r0, #4]
10007788:	6094      	str	r4, [r2, #8]
1000778a:	6adc      	ldr	r4, [r3, #44]	@ 0x2c
1000778c:	00a2      	lsls	r2, r4, #2
1000778e:	1910      	adds	r0, r2, r4
10007790:	0080      	lsls	r0, r0, #2
10007792:	1840      	adds	r0, r0, r1
10007794:	6158      	str	r0, [r3, #20]
10007796:	1910      	adds	r0, r2, r4
10007798:	0080      	lsls	r0, r0, #2
1000779a:	5840      	ldr	r0, [r0, r1]
1000779c:	3001      	adds	r0, #1
1000779e:	1912      	adds	r2, r2, r4
100077a0:	0092      	lsls	r2, r2, #2
100077a2:	5050      	str	r0, [r2, r1]
100077a4:	6ad9      	ldr	r1, [r3, #44]	@ 0x2c
100077a6:	4a1e      	ldr	r2, [pc, #120]	@ (10007820 <xTaskResumeAll+0x148>)
100077a8:	6812      	ldr	r2, [r2, #0]
100077aa:	6ad2      	ldr	r2, [r2, #44]	@ 0x2c
100077ac:	4291      	cmp	r1, r2
100077ae:	d9b4      	bls.n	1000771a <xTaskResumeAll+0x42>
100077b0:	4a1c      	ldr	r2, [pc, #112]	@ (10007824 <xTaskResumeAll+0x14c>)
100077b2:	2101      	movs	r1, #1
100077b4:	6011      	str	r1, [r2, #0]
100077b6:	e7b0      	b.n	1000771a <xTaskResumeAll+0x42>
100077b8:	2b00      	cmp	r3, #0
100077ba:	d001      	beq.n	100077c0 <xTaskResumeAll+0xe8>
100077bc:	f7ff fc80 	bl	100070c0 <prvResetNextTaskUnblockTime>
100077c0:	4b19      	ldr	r3, [pc, #100]	@ (10007828 <xTaskResumeAll+0x150>)
100077c2:	681c      	ldr	r4, [r3, #0]
100077c4:	2c00      	cmp	r4, #0
100077c6:	d10c      	bne.n	100077e2 <xTaskResumeAll+0x10a>
100077c8:	4b16      	ldr	r3, [pc, #88]	@ (10007824 <xTaskResumeAll+0x14c>)
100077ca:	681c      	ldr	r4, [r3, #0]
100077cc:	2c00      	cmp	r4, #0
100077ce:	d015      	beq.n	100077fc <xTaskResumeAll+0x124>
100077d0:	4b13      	ldr	r3, [pc, #76]	@ (10007820 <xTaskResumeAll+0x148>)
100077d2:	681b      	ldr	r3, [r3, #0]
100077d4:	f7fe fed2 	bl	1000657c <vPortYield>
100077d8:	2401      	movs	r4, #1
100077da:	e00f      	b.n	100077fc <xTaskResumeAll+0x124>
100077dc:	3c01      	subs	r4, #1
100077de:	2c00      	cmp	r4, #0
100077e0:	d007      	beq.n	100077f2 <xTaskResumeAll+0x11a>
100077e2:	f7ff feb7 	bl	10007554 <xTaskIncrementTick>
100077e6:	2800      	cmp	r0, #0
100077e8:	d0f8      	beq.n	100077dc <xTaskResumeAll+0x104>
100077ea:	4b0e      	ldr	r3, [pc, #56]	@ (10007824 <xTaskResumeAll+0x14c>)
100077ec:	2201      	movs	r2, #1
100077ee:	601a      	str	r2, [r3, #0]
100077f0:	e7f4      	b.n	100077dc <xTaskResumeAll+0x104>
100077f2:	4b0d      	ldr	r3, [pc, #52]	@ (10007828 <xTaskResumeAll+0x150>)
100077f4:	2200      	movs	r2, #0
100077f6:	601a      	str	r2, [r3, #0]
100077f8:	e7e6      	b.n	100077c8 <xTaskResumeAll+0xf0>
100077fa:	2400      	movs	r4, #0
100077fc:	f7fe fed6 	bl	100065ac <vPortExitCritical>
10007800:	0020      	movs	r0, r4
10007802:	bd10      	pop	{r4, pc}
10007804:	2001199c 	.word	0x2001199c
10007808:	20011994 	.word	0x20011994
1000780c:	10009520 	.word	0x10009520
10007810:	00000ff6 	.word	0x00000ff6
10007814:	20011a20 	.word	0x20011a20
10007818:	200119a4 	.word	0x200119a4
1000781c:	200016bc 	.word	0x200016bc
10007820:	200016a4 	.word	0x200016a4
10007824:	20011ab4 	.word	0x20011ab4
10007828:	20011a1c 	.word	0x20011a1c

1000782c <xTaskDelayUntil>:
1000782c:	b570      	push	{r4, r5, r6, lr}
1000782e:	0005      	movs	r5, r0
10007830:	000c      	movs	r4, r1
10007832:	2800      	cmp	r0, #0
10007834:	d012      	beq.n	1000785c <xTaskDelayUntil+0x30>
10007836:	2c00      	cmp	r4, #0
10007838:	d015      	beq.n	10007866 <xTaskDelayUntil+0x3a>
1000783a:	f7ff fe77 	bl	1000752c <vTaskSuspendAll>
1000783e:	4b1d      	ldr	r3, [pc, #116]	@ (100078b4 <xTaskDelayUntil+0x88>)
10007840:	681e      	ldr	r6, [r3, #0]
10007842:	4b1d      	ldr	r3, [pc, #116]	@ (100078b8 <xTaskDelayUntil+0x8c>)
10007844:	681b      	ldr	r3, [r3, #0]
10007846:	2b01      	cmp	r3, #1
10007848:	d112      	bne.n	10007870 <xTaskDelayUntil+0x44>
1000784a:	682a      	ldr	r2, [r5, #0]
1000784c:	1914      	adds	r4, r2, r4
1000784e:	42b2      	cmp	r2, r6
10007850:	d91a      	bls.n	10007888 <xTaskDelayUntil+0x5c>
10007852:	42a2      	cmp	r2, r4
10007854:	d811      	bhi.n	1000787a <xTaskDelayUntil+0x4e>
10007856:	602c      	str	r4, [r5, #0]
10007858:	2400      	movs	r4, #0
1000785a:	e01f      	b.n	1000789c <xTaskDelayUntil+0x70>
1000785c:	4817      	ldr	r0, [pc, #92]	@ (100078bc <xTaskDelayUntil+0x90>)
1000785e:	4918      	ldr	r1, [pc, #96]	@ (100078c0 <xTaskDelayUntil+0x94>)
10007860:	f7f8 fd18 	bl	10000294 <vAssertCalled>
10007864:	e7e7      	b.n	10007836 <xTaskDelayUntil+0xa>
10007866:	4815      	ldr	r0, [pc, #84]	@ (100078bc <xTaskDelayUntil+0x90>)
10007868:	4916      	ldr	r1, [pc, #88]	@ (100078c4 <xTaskDelayUntil+0x98>)
1000786a:	f7f8 fd13 	bl	10000294 <vAssertCalled>
1000786e:	e7e4      	b.n	1000783a <xTaskDelayUntil+0xe>
10007870:	4812      	ldr	r0, [pc, #72]	@ (100078bc <xTaskDelayUntil+0x90>)
10007872:	4915      	ldr	r1, [pc, #84]	@ (100078c8 <xTaskDelayUntil+0x9c>)
10007874:	f7f8 fd0e 	bl	10000294 <vAssertCalled>
10007878:	e7e7      	b.n	1000784a <xTaskDelayUntil+0x1e>
1000787a:	42a6      	cmp	r6, r4
1000787c:	d302      	bcc.n	10007884 <xTaskDelayUntil+0x58>
1000787e:	602c      	str	r4, [r5, #0]
10007880:	2400      	movs	r4, #0
10007882:	e00b      	b.n	1000789c <xTaskDelayUntil+0x70>
10007884:	602c      	str	r4, [r5, #0]
10007886:	e004      	b.n	10007892 <xTaskDelayUntil+0x66>
10007888:	42a2      	cmp	r2, r4
1000788a:	d801      	bhi.n	10007890 <xTaskDelayUntil+0x64>
1000788c:	42a6      	cmp	r6, r4
1000788e:	d20b      	bcs.n	100078a8 <xTaskDelayUntil+0x7c>
10007890:	602c      	str	r4, [r5, #0]
10007892:	1ba0      	subs	r0, r4, r6
10007894:	2100      	movs	r1, #0
10007896:	f7ff fd81 	bl	1000739c <prvAddCurrentTaskToDelayedList>
1000789a:	2401      	movs	r4, #1
1000789c:	f7ff ff1c 	bl	100076d8 <xTaskResumeAll>
100078a0:	2800      	cmp	r0, #0
100078a2:	d004      	beq.n	100078ae <xTaskDelayUntil+0x82>
100078a4:	0020      	movs	r0, r4
100078a6:	bd70      	pop	{r4, r5, r6, pc}
100078a8:	602c      	str	r4, [r5, #0]
100078aa:	2400      	movs	r4, #0
100078ac:	e7f6      	b.n	1000789c <xTaskDelayUntil+0x70>
100078ae:	f7fe fe65 	bl	1000657c <vPortYield>
100078b2:	e7f7      	b.n	100078a4 <xTaskDelayUntil+0x78>
100078b4:	20011aa8 	.word	0x20011aa8
100078b8:	2001199c 	.word	0x2001199c
100078bc:	10009520 	.word	0x10009520
100078c0:	00000976 	.word	0x00000976
100078c4:	00000977 	.word	0x00000977
100078c8:	0000097f 	.word	0x0000097f

100078cc <vTaskSwitchContext>:
100078cc:	b510      	push	{r4, lr}
100078ce:	4b2e      	ldr	r3, [pc, #184]	@ (10007988 <vTaskSwitchContext+0xbc>)
100078d0:	681b      	ldr	r3, [r3, #0]
100078d2:	2b00      	cmp	r3, #0
100078d4:	d003      	beq.n	100078de <vTaskSwitchContext+0x12>
100078d6:	4b2d      	ldr	r3, [pc, #180]	@ (1000798c <vTaskSwitchContext+0xc0>)
100078d8:	2201      	movs	r2, #1
100078da:	601a      	str	r2, [r3, #0]
100078dc:	bd10      	pop	{r4, pc}
100078de:	4b2b      	ldr	r3, [pc, #172]	@ (1000798c <vTaskSwitchContext+0xc0>)
100078e0:	2200      	movs	r2, #0
100078e2:	601a      	str	r2, [r3, #0]
100078e4:	4b2a      	ldr	r3, [pc, #168]	@ (10007990 <vTaskSwitchContext+0xc4>)
100078e6:	681a      	ldr	r2, [r3, #0]
100078e8:	6b11      	ldr	r1, [r2, #48]	@ 0x30
100078ea:	681a      	ldr	r2, [r3, #0]
100078ec:	6812      	ldr	r2, [r2, #0]
100078ee:	681b      	ldr	r3, [r3, #0]
100078f0:	6b1b      	ldr	r3, [r3, #48]	@ 0x30
100078f2:	3310      	adds	r3, #16
100078f4:	429a      	cmp	r2, r3
100078f6:	d903      	bls.n	10007900 <vTaskSwitchContext+0x34>
100078f8:	680a      	ldr	r2, [r1, #0]
100078fa:	4b26      	ldr	r3, [pc, #152]	@ (10007994 <vTaskSwitchContext+0xc8>)
100078fc:	429a      	cmp	r2, r3
100078fe:	d008      	beq.n	10007912 <vTaskSwitchContext+0x46>
10007900:	4b23      	ldr	r3, [pc, #140]	@ (10007990 <vTaskSwitchContext+0xc4>)
10007902:	6819      	ldr	r1, [r3, #0]
10007904:	3134      	adds	r1, #52	@ 0x34
10007906:	6818      	ldr	r0, [r3, #0]
10007908:	f7f8 fcd4 	bl	100002b4 <vApplicationStackOverflowHook>
1000790c:	4b22      	ldr	r3, [pc, #136]	@ (10007998 <vTaskSwitchContext+0xcc>)
1000790e:	681c      	ldr	r4, [r3, #0]
10007910:	e00a      	b.n	10007928 <vTaskSwitchContext+0x5c>
10007912:	684a      	ldr	r2, [r1, #4]
10007914:	429a      	cmp	r2, r3
10007916:	d1f3      	bne.n	10007900 <vTaskSwitchContext+0x34>
10007918:	688a      	ldr	r2, [r1, #8]
1000791a:	429a      	cmp	r2, r3
1000791c:	d1f0      	bne.n	10007900 <vTaskSwitchContext+0x34>
1000791e:	68ca      	ldr	r2, [r1, #12]
10007920:	429a      	cmp	r2, r3
10007922:	d1ed      	bne.n	10007900 <vTaskSwitchContext+0x34>
10007924:	e7f2      	b.n	1000790c <vTaskSwitchContext+0x40>
10007926:	3c01      	subs	r4, #1
10007928:	4a1c      	ldr	r2, [pc, #112]	@ (1000799c <vTaskSwitchContext+0xd0>)
1000792a:	00a3      	lsls	r3, r4, #2
1000792c:	191b      	adds	r3, r3, r4
1000792e:	009b      	lsls	r3, r3, #2
10007930:	589b      	ldr	r3, [r3, r2]
10007932:	2b00      	cmp	r3, #0
10007934:	d106      	bne.n	10007944 <vTaskSwitchContext+0x78>
10007936:	2c00      	cmp	r4, #0
10007938:	d1f5      	bne.n	10007926 <vTaskSwitchContext+0x5a>
1000793a:	4819      	ldr	r0, [pc, #100]	@ (100079a0 <vTaskSwitchContext+0xd4>)
1000793c:	4919      	ldr	r1, [pc, #100]	@ (100079a4 <vTaskSwitchContext+0xd8>)
1000793e:	f7f8 fca9 	bl	10000294 <vAssertCalled>
10007942:	e7f0      	b.n	10007926 <vTaskSwitchContext+0x5a>
10007944:	0011      	movs	r1, r2
10007946:	00a3      	lsls	r3, r4, #2
10007948:	191a      	adds	r2, r3, r4
1000794a:	0092      	lsls	r2, r2, #2
1000794c:	188a      	adds	r2, r1, r2
1000794e:	6850      	ldr	r0, [r2, #4]
10007950:	6840      	ldr	r0, [r0, #4]
10007952:	6050      	str	r0, [r2, #4]
10007954:	191b      	adds	r3, r3, r4
10007956:	009b      	lsls	r3, r3, #2
10007958:	3308      	adds	r3, #8
1000795a:	185b      	adds	r3, r3, r1
1000795c:	4298      	cmp	r0, r3
1000795e:	d00c      	beq.n	1000797a <vTaskSwitchContext+0xae>
10007960:	4b0e      	ldr	r3, [pc, #56]	@ (1000799c <vTaskSwitchContext+0xd0>)
10007962:	00a2      	lsls	r2, r4, #2
10007964:	1912      	adds	r2, r2, r4
10007966:	0092      	lsls	r2, r2, #2
10007968:	189b      	adds	r3, r3, r2
1000796a:	685b      	ldr	r3, [r3, #4]
1000796c:	68da      	ldr	r2, [r3, #12]
1000796e:	4b08      	ldr	r3, [pc, #32]	@ (10007990 <vTaskSwitchContext+0xc4>)
10007970:	601a      	str	r2, [r3, #0]
10007972:	4a09      	ldr	r2, [pc, #36]	@ (10007998 <vTaskSwitchContext+0xcc>)
10007974:	6014      	str	r4, [r2, #0]
10007976:	681b      	ldr	r3, [r3, #0]
10007978:	e7b0      	b.n	100078dc <vTaskSwitchContext+0x10>
1000797a:	00a2      	lsls	r2, r4, #2
1000797c:	1912      	adds	r2, r2, r4
1000797e:	0092      	lsls	r2, r2, #2
10007980:	188b      	adds	r3, r1, r2
10007982:	68da      	ldr	r2, [r3, #12]
10007984:	605a      	str	r2, [r3, #4]
10007986:	e7eb      	b.n	10007960 <vTaskSwitchContext+0x94>
10007988:	2001199c 	.word	0x2001199c
1000798c:	20011ab4 	.word	0x20011ab4
10007990:	200016a4 	.word	0x200016a4
10007994:	a5a5a5a5 	.word	0xa5a5a5a5
10007998:	200119a4 	.word	0x200119a4
1000799c:	200016bc 	.word	0x200016bc
100079a0:	10009520 	.word	0x10009520
100079a4:	00001499 	.word	0x00001499

100079a8 <vTaskPlaceOnEventList>:
100079a8:	b570      	push	{r4, r5, r6, lr}
100079aa:	0004      	movs	r4, r0
100079ac:	000d      	movs	r5, r1
100079ae:	2800      	cmp	r0, #0
100079b0:	d00a      	beq.n	100079c8 <vTaskPlaceOnEventList+0x20>
100079b2:	4b08      	ldr	r3, [pc, #32]	@ (100079d4 <vTaskPlaceOnEventList+0x2c>)
100079b4:	6819      	ldr	r1, [r3, #0]
100079b6:	3118      	adds	r1, #24
100079b8:	0020      	movs	r0, r4
100079ba:	f7ff f89f 	bl	10006afc <vListInsert>
100079be:	2101      	movs	r1, #1
100079c0:	0028      	movs	r0, r5
100079c2:	f7ff fceb 	bl	1000739c <prvAddCurrentTaskToDelayedList>
100079c6:	bd70      	pop	{r4, r5, r6, pc}
100079c8:	4803      	ldr	r0, [pc, #12]	@ (100079d8 <vTaskPlaceOnEventList+0x30>)
100079ca:	4904      	ldr	r1, [pc, #16]	@ (100079dc <vTaskPlaceOnEventList+0x34>)
100079cc:	f7f8 fc62 	bl	10000294 <vAssertCalled>
100079d0:	e7ef      	b.n	100079b2 <vTaskPlaceOnEventList+0xa>
100079d2:	46c0      	nop			@ (mov r8, r8)
100079d4:	200016a4 	.word	0x200016a4
100079d8:	10009520 	.word	0x10009520
100079dc:	0000151f 	.word	0x0000151f

100079e0 <vTaskPlaceOnUnorderedEventList>:
100079e0:	b570      	push	{r4, r5, r6, lr}
100079e2:	0004      	movs	r4, r0
100079e4:	000d      	movs	r5, r1
100079e6:	0016      	movs	r6, r2
100079e8:	2800      	cmp	r0, #0
100079ea:	d01f      	beq.n	10007a2c <vTaskPlaceOnUnorderedEventList+0x4c>
100079ec:	4b14      	ldr	r3, [pc, #80]	@ (10007a40 <vTaskPlaceOnUnorderedEventList+0x60>)
100079ee:	681b      	ldr	r3, [r3, #0]
100079f0:	2b00      	cmp	r3, #0
100079f2:	d020      	beq.n	10007a36 <vTaskPlaceOnUnorderedEventList+0x56>
100079f4:	4b13      	ldr	r3, [pc, #76]	@ (10007a44 <vTaskPlaceOnUnorderedEventList+0x64>)
100079f6:	681a      	ldr	r2, [r3, #0]
100079f8:	2180      	movs	r1, #128	@ 0x80
100079fa:	0609      	lsls	r1, r1, #24
100079fc:	4329      	orrs	r1, r5
100079fe:	6191      	str	r1, [r2, #24]
10007a00:	6862      	ldr	r2, [r4, #4]
10007a02:	6819      	ldr	r1, [r3, #0]
10007a04:	61ca      	str	r2, [r1, #28]
10007a06:	6819      	ldr	r1, [r3, #0]
10007a08:	6890      	ldr	r0, [r2, #8]
10007a0a:	6208      	str	r0, [r1, #32]
10007a0c:	6819      	ldr	r1, [r3, #0]
10007a0e:	3118      	adds	r1, #24
10007a10:	6041      	str	r1, [r0, #4]
10007a12:	6819      	ldr	r1, [r3, #0]
10007a14:	3118      	adds	r1, #24
10007a16:	6091      	str	r1, [r2, #8]
10007a18:	681b      	ldr	r3, [r3, #0]
10007a1a:	629c      	str	r4, [r3, #40]	@ 0x28
10007a1c:	6823      	ldr	r3, [r4, #0]
10007a1e:	3301      	adds	r3, #1
10007a20:	6023      	str	r3, [r4, #0]
10007a22:	2101      	movs	r1, #1
10007a24:	0030      	movs	r0, r6
10007a26:	f7ff fcb9 	bl	1000739c <prvAddCurrentTaskToDelayedList>
10007a2a:	bd70      	pop	{r4, r5, r6, pc}
10007a2c:	4806      	ldr	r0, [pc, #24]	@ (10007a48 <vTaskPlaceOnUnorderedEventList+0x68>)
10007a2e:	4907      	ldr	r1, [pc, #28]	@ (10007a4c <vTaskPlaceOnUnorderedEventList+0x6c>)
10007a30:	f7f8 fc30 	bl	10000294 <vAssertCalled>
10007a34:	e7da      	b.n	100079ec <vTaskPlaceOnUnorderedEventList+0xc>
10007a36:	4804      	ldr	r0, [pc, #16]	@ (10007a48 <vTaskPlaceOnUnorderedEventList+0x68>)
10007a38:	4905      	ldr	r1, [pc, #20]	@ (10007a50 <vTaskPlaceOnUnorderedEventList+0x70>)
10007a3a:	f7f8 fc2b 	bl	10000294 <vAssertCalled>
10007a3e:	e7d9      	b.n	100079f4 <vTaskPlaceOnUnorderedEventList+0x14>
10007a40:	2001199c 	.word	0x2001199c
10007a44:	200016a4 	.word	0x200016a4
10007a48:	10009520 	.word	0x10009520
10007a4c:	0000153d 	.word	0x0000153d
10007a50:	00001541 	.word	0x00001541

10007a54 <vTaskPlaceOnEventListRestricted>:
10007a54:	b570      	push	{r4, r5, r6, lr}
10007a56:	0004      	movs	r4, r0
10007a58:	000e      	movs	r6, r1
10007a5a:	0015      	movs	r5, r2
10007a5c:	2800      	cmp	r0, #0
10007a5e:	d01b      	beq.n	10007a98 <vTaskPlaceOnEventListRestricted+0x44>
10007a60:	6862      	ldr	r2, [r4, #4]
10007a62:	4b10      	ldr	r3, [pc, #64]	@ (10007aa4 <vTaskPlaceOnEventListRestricted+0x50>)
10007a64:	6819      	ldr	r1, [r3, #0]
10007a66:	61ca      	str	r2, [r1, #28]
10007a68:	6819      	ldr	r1, [r3, #0]
10007a6a:	6890      	ldr	r0, [r2, #8]
10007a6c:	6208      	str	r0, [r1, #32]
10007a6e:	6819      	ldr	r1, [r3, #0]
10007a70:	3118      	adds	r1, #24
10007a72:	6041      	str	r1, [r0, #4]
10007a74:	6819      	ldr	r1, [r3, #0]
10007a76:	3118      	adds	r1, #24
10007a78:	6091      	str	r1, [r2, #8]
10007a7a:	681b      	ldr	r3, [r3, #0]
10007a7c:	629c      	str	r4, [r3, #40]	@ 0x28
10007a7e:	6823      	ldr	r3, [r4, #0]
10007a80:	3301      	adds	r3, #1
10007a82:	6023      	str	r3, [r4, #0]
10007a84:	2d00      	cmp	r5, #0
10007a86:	d002      	beq.n	10007a8e <vTaskPlaceOnEventListRestricted+0x3a>
10007a88:	2301      	movs	r3, #1
10007a8a:	425b      	negs	r3, r3
10007a8c:	001e      	movs	r6, r3
10007a8e:	0029      	movs	r1, r5
10007a90:	0030      	movs	r0, r6
10007a92:	f7ff fc83 	bl	1000739c <prvAddCurrentTaskToDelayedList>
10007a96:	bd70      	pop	{r4, r5, r6, pc}
10007a98:	4803      	ldr	r0, [pc, #12]	@ (10007aa8 <vTaskPlaceOnEventListRestricted+0x54>)
10007a9a:	4904      	ldr	r1, [pc, #16]	@ (10007aac <vTaskPlaceOnEventListRestricted+0x58>)
10007a9c:	f7f8 fbfa 	bl	10000294 <vAssertCalled>
10007aa0:	e7de      	b.n	10007a60 <vTaskPlaceOnEventListRestricted+0xc>
10007aa2:	46c0      	nop			@ (mov r8, r8)
10007aa4:	200016a4 	.word	0x200016a4
10007aa8:	10009520 	.word	0x10009520
10007aac:	0000155d 	.word	0x0000155d

10007ab0 <xTaskRemoveFromEventList>:
10007ab0:	b510      	push	{r4, lr}
10007ab2:	68c3      	ldr	r3, [r0, #12]
10007ab4:	68dc      	ldr	r4, [r3, #12]
10007ab6:	2c00      	cmp	r4, #0
10007ab8:	d04c      	beq.n	10007b54 <xTaskRemoveFromEventList+0xa4>
10007aba:	6aa3      	ldr	r3, [r4, #40]	@ 0x28
10007abc:	69e1      	ldr	r1, [r4, #28]
10007abe:	6a22      	ldr	r2, [r4, #32]
10007ac0:	608a      	str	r2, [r1, #8]
10007ac2:	69e1      	ldr	r1, [r4, #28]
10007ac4:	6051      	str	r1, [r2, #4]
10007ac6:	685a      	ldr	r2, [r3, #4]
10007ac8:	0021      	movs	r1, r4
10007aca:	3118      	adds	r1, #24
10007acc:	428a      	cmp	r2, r1
10007ace:	d046      	beq.n	10007b5e <xTaskRemoveFromEventList+0xae>
10007ad0:	2200      	movs	r2, #0
10007ad2:	62a2      	str	r2, [r4, #40]	@ 0x28
10007ad4:	681a      	ldr	r2, [r3, #0]
10007ad6:	3a01      	subs	r2, #1
10007ad8:	601a      	str	r2, [r3, #0]
10007ada:	4b2b      	ldr	r3, [pc, #172]	@ (10007b88 <xTaskRemoveFromEventList+0xd8>)
10007adc:	681b      	ldr	r3, [r3, #0]
10007ade:	2b00      	cmp	r3, #0
10007ae0:	d143      	bne.n	10007b6a <xTaskRemoveFromEventList+0xba>
10007ae2:	6963      	ldr	r3, [r4, #20]
10007ae4:	68a1      	ldr	r1, [r4, #8]
10007ae6:	68e2      	ldr	r2, [r4, #12]
10007ae8:	608a      	str	r2, [r1, #8]
10007aea:	68a1      	ldr	r1, [r4, #8]
10007aec:	6051      	str	r1, [r2, #4]
10007aee:	685a      	ldr	r2, [r3, #4]
10007af0:	1d20      	adds	r0, r4, #4
10007af2:	4282      	cmp	r2, r0
10007af4:	d036      	beq.n	10007b64 <xTaskRemoveFromEventList+0xb4>
10007af6:	2200      	movs	r2, #0
10007af8:	6162      	str	r2, [r4, #20]
10007afa:	681a      	ldr	r2, [r3, #0]
10007afc:	3a01      	subs	r2, #1
10007afe:	601a      	str	r2, [r3, #0]
10007b00:	6ae1      	ldr	r1, [r4, #44]	@ 0x2c
10007b02:	4b22      	ldr	r3, [pc, #136]	@ (10007b8c <xTaskRemoveFromEventList+0xdc>)
10007b04:	681b      	ldr	r3, [r3, #0]
10007b06:	4299      	cmp	r1, r3
10007b08:	d901      	bls.n	10007b0e <xTaskRemoveFromEventList+0x5e>
10007b0a:	4b20      	ldr	r3, [pc, #128]	@ (10007b8c <xTaskRemoveFromEventList+0xdc>)
10007b0c:	6019      	str	r1, [r3, #0]
10007b0e:	4a20      	ldr	r2, [pc, #128]	@ (10007b90 <xTaskRemoveFromEventList+0xe0>)
10007b10:	008b      	lsls	r3, r1, #2
10007b12:	185b      	adds	r3, r3, r1
10007b14:	009b      	lsls	r3, r3, #2
10007b16:	18d3      	adds	r3, r2, r3
10007b18:	685b      	ldr	r3, [r3, #4]
10007b1a:	60a3      	str	r3, [r4, #8]
10007b1c:	6899      	ldr	r1, [r3, #8]
10007b1e:	60e1      	str	r1, [r4, #12]
10007b20:	6048      	str	r0, [r1, #4]
10007b22:	6098      	str	r0, [r3, #8]
10007b24:	6ae0      	ldr	r0, [r4, #44]	@ 0x2c
10007b26:	0083      	lsls	r3, r0, #2
10007b28:	1819      	adds	r1, r3, r0
10007b2a:	0089      	lsls	r1, r1, #2
10007b2c:	1889      	adds	r1, r1, r2
10007b2e:	6161      	str	r1, [r4, #20]
10007b30:	1819      	adds	r1, r3, r0
10007b32:	0089      	lsls	r1, r1, #2
10007b34:	5889      	ldr	r1, [r1, r2]
10007b36:	3101      	adds	r1, #1
10007b38:	181b      	adds	r3, r3, r0
10007b3a:	009b      	lsls	r3, r3, #2
10007b3c:	5099      	str	r1, [r3, r2]
10007b3e:	6ae2      	ldr	r2, [r4, #44]	@ 0x2c
10007b40:	4b14      	ldr	r3, [pc, #80]	@ (10007b94 <xTaskRemoveFromEventList+0xe4>)
10007b42:	681b      	ldr	r3, [r3, #0]
10007b44:	6adb      	ldr	r3, [r3, #44]	@ 0x2c
10007b46:	429a      	cmp	r2, r3
10007b48:	d91b      	bls.n	10007b82 <xTaskRemoveFromEventList+0xd2>
10007b4a:	4b13      	ldr	r3, [pc, #76]	@ (10007b98 <xTaskRemoveFromEventList+0xe8>)
10007b4c:	2201      	movs	r2, #1
10007b4e:	601a      	str	r2, [r3, #0]
10007b50:	2001      	movs	r0, #1
10007b52:	bd10      	pop	{r4, pc}
10007b54:	4811      	ldr	r0, [pc, #68]	@ (10007b9c <xTaskRemoveFromEventList+0xec>)
10007b56:	4912      	ldr	r1, [pc, #72]	@ (10007ba0 <xTaskRemoveFromEventList+0xf0>)
10007b58:	f7f8 fb9c 	bl	10000294 <vAssertCalled>
10007b5c:	e7ad      	b.n	10007aba <xTaskRemoveFromEventList+0xa>
10007b5e:	6a22      	ldr	r2, [r4, #32]
10007b60:	605a      	str	r2, [r3, #4]
10007b62:	e7b5      	b.n	10007ad0 <xTaskRemoveFromEventList+0x20>
10007b64:	68e2      	ldr	r2, [r4, #12]
10007b66:	605a      	str	r2, [r3, #4]
10007b68:	e7c5      	b.n	10007af6 <xTaskRemoveFromEventList+0x46>
10007b6a:	4b0e      	ldr	r3, [pc, #56]	@ (10007ba4 <xTaskRemoveFromEventList+0xf4>)
10007b6c:	685a      	ldr	r2, [r3, #4]
10007b6e:	61e2      	str	r2, [r4, #28]
10007b70:	6890      	ldr	r0, [r2, #8]
10007b72:	6220      	str	r0, [r4, #32]
10007b74:	6041      	str	r1, [r0, #4]
10007b76:	6091      	str	r1, [r2, #8]
10007b78:	62a3      	str	r3, [r4, #40]	@ 0x28
10007b7a:	681a      	ldr	r2, [r3, #0]
10007b7c:	3201      	adds	r2, #1
10007b7e:	601a      	str	r2, [r3, #0]
10007b80:	e7dd      	b.n	10007b3e <xTaskRemoveFromEventList+0x8e>
10007b82:	2000      	movs	r0, #0
10007b84:	e7e5      	b.n	10007b52 <xTaskRemoveFromEventList+0xa2>
10007b86:	46c0      	nop			@ (mov r8, r8)
10007b88:	2001199c 	.word	0x2001199c
10007b8c:	200119a4 	.word	0x200119a4
10007b90:	200016bc 	.word	0x200016bc
10007b94:	200016a4 	.word	0x200016a4
10007b98:	20011ab4 	.word	0x20011ab4
10007b9c:	10009520 	.word	0x10009520
10007ba0:	00001594 	.word	0x00001594
10007ba4:	20011a20 	.word	0x20011a20

10007ba8 <vTaskRemoveFromUnorderedEventList>:
10007ba8:	b570      	push	{r4, r5, r6, lr}
10007baa:	0005      	movs	r5, r0
10007bac:	000c      	movs	r4, r1
10007bae:	4b30      	ldr	r3, [pc, #192]	@ (10007c70 <vTaskRemoveFromUnorderedEventList+0xc8>)
10007bb0:	681b      	ldr	r3, [r3, #0]
10007bb2:	2b00      	cmp	r3, #0
10007bb4:	d04c      	beq.n	10007c50 <vTaskRemoveFromUnorderedEventList+0xa8>
10007bb6:	2180      	movs	r1, #128	@ 0x80
10007bb8:	0609      	lsls	r1, r1, #24
10007bba:	4321      	orrs	r1, r4
10007bbc:	6029      	str	r1, [r5, #0]
10007bbe:	68ec      	ldr	r4, [r5, #12]
10007bc0:	2c00      	cmp	r4, #0
10007bc2:	d04a      	beq.n	10007c5a <vTaskRemoveFromUnorderedEventList+0xb2>
10007bc4:	692b      	ldr	r3, [r5, #16]
10007bc6:	6869      	ldr	r1, [r5, #4]
10007bc8:	68aa      	ldr	r2, [r5, #8]
10007bca:	608a      	str	r2, [r1, #8]
10007bcc:	6869      	ldr	r1, [r5, #4]
10007bce:	6051      	str	r1, [r2, #4]
10007bd0:	685a      	ldr	r2, [r3, #4]
10007bd2:	42aa      	cmp	r2, r5
10007bd4:	d046      	beq.n	10007c64 <vTaskRemoveFromUnorderedEventList+0xbc>
10007bd6:	2200      	movs	r2, #0
10007bd8:	612a      	str	r2, [r5, #16]
10007bda:	681a      	ldr	r2, [r3, #0]
10007bdc:	3a01      	subs	r2, #1
10007bde:	601a      	str	r2, [r3, #0]
10007be0:	6963      	ldr	r3, [r4, #20]
10007be2:	68a1      	ldr	r1, [r4, #8]
10007be4:	68e2      	ldr	r2, [r4, #12]
10007be6:	608a      	str	r2, [r1, #8]
10007be8:	68a1      	ldr	r1, [r4, #8]
10007bea:	6051      	str	r1, [r2, #4]
10007bec:	685a      	ldr	r2, [r3, #4]
10007bee:	1d20      	adds	r0, r4, #4
10007bf0:	4282      	cmp	r2, r0
10007bf2:	d03a      	beq.n	10007c6a <vTaskRemoveFromUnorderedEventList+0xc2>
10007bf4:	2200      	movs	r2, #0
10007bf6:	6162      	str	r2, [r4, #20]
10007bf8:	681a      	ldr	r2, [r3, #0]
10007bfa:	3a01      	subs	r2, #1
10007bfc:	601a      	str	r2, [r3, #0]
10007bfe:	6ae1      	ldr	r1, [r4, #44]	@ 0x2c
10007c00:	4b1c      	ldr	r3, [pc, #112]	@ (10007c74 <vTaskRemoveFromUnorderedEventList+0xcc>)
10007c02:	681b      	ldr	r3, [r3, #0]
10007c04:	4299      	cmp	r1, r3
10007c06:	d901      	bls.n	10007c0c <vTaskRemoveFromUnorderedEventList+0x64>
10007c08:	4b1a      	ldr	r3, [pc, #104]	@ (10007c74 <vTaskRemoveFromUnorderedEventList+0xcc>)
10007c0a:	6019      	str	r1, [r3, #0]
10007c0c:	4a1a      	ldr	r2, [pc, #104]	@ (10007c78 <vTaskRemoveFromUnorderedEventList+0xd0>)
10007c0e:	008b      	lsls	r3, r1, #2
10007c10:	185b      	adds	r3, r3, r1
10007c12:	009b      	lsls	r3, r3, #2
10007c14:	18d3      	adds	r3, r2, r3
10007c16:	685b      	ldr	r3, [r3, #4]
10007c18:	60a3      	str	r3, [r4, #8]
10007c1a:	6899      	ldr	r1, [r3, #8]
10007c1c:	60e1      	str	r1, [r4, #12]
10007c1e:	6048      	str	r0, [r1, #4]
10007c20:	6098      	str	r0, [r3, #8]
10007c22:	6ae0      	ldr	r0, [r4, #44]	@ 0x2c
10007c24:	0083      	lsls	r3, r0, #2
10007c26:	1819      	adds	r1, r3, r0
10007c28:	0089      	lsls	r1, r1, #2
10007c2a:	1889      	adds	r1, r1, r2
10007c2c:	6161      	str	r1, [r4, #20]
10007c2e:	1819      	adds	r1, r3, r0
10007c30:	0089      	lsls	r1, r1, #2
10007c32:	5889      	ldr	r1, [r1, r2]
10007c34:	3101      	adds	r1, #1
10007c36:	181b      	adds	r3, r3, r0
10007c38:	009b      	lsls	r3, r3, #2
10007c3a:	5099      	str	r1, [r3, r2]
10007c3c:	6ae2      	ldr	r2, [r4, #44]	@ 0x2c
10007c3e:	4b0f      	ldr	r3, [pc, #60]	@ (10007c7c <vTaskRemoveFromUnorderedEventList+0xd4>)
10007c40:	681b      	ldr	r3, [r3, #0]
10007c42:	6adb      	ldr	r3, [r3, #44]	@ 0x2c
10007c44:	429a      	cmp	r2, r3
10007c46:	d902      	bls.n	10007c4e <vTaskRemoveFromUnorderedEventList+0xa6>
10007c48:	4b0d      	ldr	r3, [pc, #52]	@ (10007c80 <vTaskRemoveFromUnorderedEventList+0xd8>)
10007c4a:	2201      	movs	r2, #1
10007c4c:	601a      	str	r2, [r3, #0]
10007c4e:	bd70      	pop	{r4, r5, r6, pc}
10007c50:	480c      	ldr	r0, [pc, #48]	@ (10007c84 <vTaskRemoveFromUnorderedEventList+0xdc>)
10007c52:	490d      	ldr	r1, [pc, #52]	@ (10007c88 <vTaskRemoveFromUnorderedEventList+0xe0>)
10007c54:	f7f8 fb1e 	bl	10000294 <vAssertCalled>
10007c58:	e7ad      	b.n	10007bb6 <vTaskRemoveFromUnorderedEventList+0xe>
10007c5a:	480a      	ldr	r0, [pc, #40]	@ (10007c84 <vTaskRemoveFromUnorderedEventList+0xdc>)
10007c5c:	490b      	ldr	r1, [pc, #44]	@ (10007c8c <vTaskRemoveFromUnorderedEventList+0xe4>)
10007c5e:	f7f8 fb19 	bl	10000294 <vAssertCalled>
10007c62:	e7af      	b.n	10007bc4 <vTaskRemoveFromUnorderedEventList+0x1c>
10007c64:	68aa      	ldr	r2, [r5, #8]
10007c66:	605a      	str	r2, [r3, #4]
10007c68:	e7b5      	b.n	10007bd6 <vTaskRemoveFromUnorderedEventList+0x2e>
10007c6a:	68e2      	ldr	r2, [r4, #12]
10007c6c:	605a      	str	r2, [r3, #4]
10007c6e:	e7c1      	b.n	10007bf4 <vTaskRemoveFromUnorderedEventList+0x4c>
10007c70:	2001199c 	.word	0x2001199c
10007c74:	200119a4 	.word	0x200119a4
10007c78:	200016bc 	.word	0x200016bc
10007c7c:	200016a4 	.word	0x200016a4
10007c80:	20011ab4 	.word	0x20011ab4
10007c84:	10009520 	.word	0x10009520
10007c88:	000015e2 	.word	0x000015e2
10007c8c:	000015ed 	.word	0x000015ed

10007c90 <vTaskInternalSetTimeOutState>:
10007c90:	4b03      	ldr	r3, [pc, #12]	@ (10007ca0 <vTaskInternalSetTimeOutState+0x10>)
10007c92:	681b      	ldr	r3, [r3, #0]
10007c94:	6003      	str	r3, [r0, #0]
10007c96:	4b03      	ldr	r3, [pc, #12]	@ (10007ca4 <vTaskInternalSetTimeOutState+0x14>)
10007c98:	681b      	ldr	r3, [r3, #0]
10007c9a:	6043      	str	r3, [r0, #4]
10007c9c:	4770      	bx	lr
10007c9e:	46c0      	nop			@ (mov r8, r8)
10007ca0:	20011a10 	.word	0x20011a10
10007ca4:	20011aa8 	.word	0x20011aa8

10007ca8 <xTaskCheckForTimeOut>:
10007ca8:	b570      	push	{r4, r5, r6, lr}
10007caa:	0004      	movs	r4, r0
10007cac:	000d      	movs	r5, r1
10007cae:	2800      	cmp	r0, #0
10007cb0:	d018      	beq.n	10007ce4 <xTaskCheckForTimeOut+0x3c>
10007cb2:	2d00      	cmp	r5, #0
10007cb4:	d01b      	beq.n	10007cee <xTaskCheckForTimeOut+0x46>
10007cb6:	f7fe fc6d 	bl	10006594 <vPortEnterCritical>
10007cba:	4b1e      	ldr	r3, [pc, #120]	@ (10007d34 <xTaskCheckForTimeOut+0x8c>)
10007cbc:	681a      	ldr	r2, [r3, #0]
10007cbe:	6863      	ldr	r3, [r4, #4]
10007cc0:	1ad1      	subs	r1, r2, r3
10007cc2:	468c      	mov	ip, r1
10007cc4:	491c      	ldr	r1, [pc, #112]	@ (10007d38 <xTaskCheckForTimeOut+0x90>)
10007cc6:	6808      	ldr	r0, [r1, #0]
10007cc8:	216d      	movs	r1, #109	@ 0x6d
10007cca:	5c41      	ldrb	r1, [r0, r1]
10007ccc:	2900      	cmp	r1, #0
10007cce:	d013      	beq.n	10007cf8 <xTaskCheckForTimeOut+0x50>
10007cd0:	4b19      	ldr	r3, [pc, #100]	@ (10007d38 <xTaskCheckForTimeOut+0x90>)
10007cd2:	681a      	ldr	r2, [r3, #0]
10007cd4:	236d      	movs	r3, #109	@ 0x6d
10007cd6:	2100      	movs	r1, #0
10007cd8:	54d1      	strb	r1, [r2, r3]
10007cda:	2401      	movs	r4, #1
10007cdc:	f7fe fc66 	bl	100065ac <vPortExitCritical>
10007ce0:	0020      	movs	r0, r4
10007ce2:	bd70      	pop	{r4, r5, r6, pc}
10007ce4:	4815      	ldr	r0, [pc, #84]	@ (10007d3c <xTaskCheckForTimeOut+0x94>)
10007ce6:	4916      	ldr	r1, [pc, #88]	@ (10007d40 <xTaskCheckForTimeOut+0x98>)
10007ce8:	f7f8 fad4 	bl	10000294 <vAssertCalled>
10007cec:	e7e1      	b.n	10007cb2 <xTaskCheckForTimeOut+0xa>
10007cee:	4813      	ldr	r0, [pc, #76]	@ (10007d3c <xTaskCheckForTimeOut+0x94>)
10007cf0:	4914      	ldr	r1, [pc, #80]	@ (10007d44 <xTaskCheckForTimeOut+0x9c>)
10007cf2:	f7f8 facf 	bl	10000294 <vAssertCalled>
10007cf6:	e7de      	b.n	10007cb6 <xTaskCheckForTimeOut+0xe>
10007cf8:	6829      	ldr	r1, [r5, #0]
10007cfa:	1c48      	adds	r0, r1, #1
10007cfc:	d018      	beq.n	10007d30 <xTaskCheckForTimeOut+0x88>
10007cfe:	6826      	ldr	r6, [r4, #0]
10007d00:	4811      	ldr	r0, [pc, #68]	@ (10007d48 <xTaskCheckForTimeOut+0xa0>)
10007d02:	6800      	ldr	r0, [r0, #0]
10007d04:	4286      	cmp	r6, r0
10007d06:	d005      	beq.n	10007d14 <xTaskCheckForTimeOut+0x6c>
10007d08:	4293      	cmp	r3, r2
10007d0a:	d803      	bhi.n	10007d14 <xTaskCheckForTimeOut+0x6c>
10007d0c:	2300      	movs	r3, #0
10007d0e:	602b      	str	r3, [r5, #0]
10007d10:	2401      	movs	r4, #1
10007d12:	e7e3      	b.n	10007cdc <xTaskCheckForTimeOut+0x34>
10007d14:	4561      	cmp	r1, ip
10007d16:	d803      	bhi.n	10007d20 <xTaskCheckForTimeOut+0x78>
10007d18:	2300      	movs	r3, #0
10007d1a:	602b      	str	r3, [r5, #0]
10007d1c:	2401      	movs	r4, #1
10007d1e:	e7dd      	b.n	10007cdc <xTaskCheckForTimeOut+0x34>
10007d20:	1a9b      	subs	r3, r3, r2
10007d22:	185b      	adds	r3, r3, r1
10007d24:	602b      	str	r3, [r5, #0]
10007d26:	0020      	movs	r0, r4
10007d28:	f7ff ffb2 	bl	10007c90 <vTaskInternalSetTimeOutState>
10007d2c:	2400      	movs	r4, #0
10007d2e:	e7d5      	b.n	10007cdc <xTaskCheckForTimeOut+0x34>
10007d30:	2400      	movs	r4, #0
10007d32:	e7d3      	b.n	10007cdc <xTaskCheckForTimeOut+0x34>
10007d34:	20011aa8 	.word	0x20011aa8
10007d38:	200016a4 	.word	0x200016a4
10007d3c:	10009520 	.word	0x10009520
10007d40:	00001644 	.word	0x00001644
10007d44:	00001645 	.word	0x00001645
10007d48:	20011a10 	.word	0x20011a10

10007d4c <vTaskMissedYield>:
10007d4c:	4b01      	ldr	r3, [pc, #4]	@ (10007d54 <vTaskMissedYield+0x8>)
10007d4e:	2201      	movs	r2, #1
10007d50:	601a      	str	r2, [r3, #0]
10007d52:	4770      	bx	lr
10007d54:	20011ab4 	.word	0x20011ab4

10007d58 <xTaskGetCurrentTaskHandle>:
10007d58:	4b01      	ldr	r3, [pc, #4]	@ (10007d60 <xTaskGetCurrentTaskHandle+0x8>)
10007d5a:	6818      	ldr	r0, [r3, #0]
10007d5c:	4770      	bx	lr
10007d5e:	46c0      	nop			@ (mov r8, r8)
10007d60:	200016a4 	.word	0x200016a4

10007d64 <xTaskGetSchedulerState>:
10007d64:	4b06      	ldr	r3, [pc, #24]	@ (10007d80 <xTaskGetSchedulerState+0x1c>)
10007d66:	681b      	ldr	r3, [r3, #0]
10007d68:	2b00      	cmp	r3, #0
10007d6a:	d007      	beq.n	10007d7c <xTaskGetSchedulerState+0x18>
10007d6c:	4b05      	ldr	r3, [pc, #20]	@ (10007d84 <xTaskGetSchedulerState+0x20>)
10007d6e:	681b      	ldr	r3, [r3, #0]
10007d70:	2b00      	cmp	r3, #0
10007d72:	d001      	beq.n	10007d78 <xTaskGetSchedulerState+0x14>
10007d74:	2000      	movs	r0, #0
10007d76:	e002      	b.n	10007d7e <xTaskGetSchedulerState+0x1a>
10007d78:	2002      	movs	r0, #2
10007d7a:	e000      	b.n	10007d7e <xTaskGetSchedulerState+0x1a>
10007d7c:	2001      	movs	r0, #1
10007d7e:	4770      	bx	lr
10007d80:	20011a74 	.word	0x20011a74
10007d84:	2001199c 	.word	0x2001199c

10007d88 <xTaskPriorityDisinherit>:
10007d88:	b570      	push	{r4, r5, r6, lr}
10007d8a:	1e04      	subs	r4, r0, #0
10007d8c:	d044      	beq.n	10007e18 <xTaskPriorityDisinherit+0x90>
10007d8e:	4b24      	ldr	r3, [pc, #144]	@ (10007e20 <xTaskPriorityDisinherit+0x98>)
10007d90:	681b      	ldr	r3, [r3, #0]
10007d92:	4283      	cmp	r3, r0
10007d94:	d003      	beq.n	10007d9e <xTaskPriorityDisinherit+0x16>
10007d96:	4823      	ldr	r0, [pc, #140]	@ (10007e24 <xTaskPriorityDisinherit+0x9c>)
10007d98:	4923      	ldr	r1, [pc, #140]	@ (10007e28 <xTaskPriorityDisinherit+0xa0>)
10007d9a:	f7f8 fa7b 	bl	10000294 <vAssertCalled>
10007d9e:	6d23      	ldr	r3, [r4, #80]	@ 0x50
10007da0:	2b00      	cmp	r3, #0
10007da2:	d00a      	beq.n	10007dba <xTaskPriorityDisinherit+0x32>
10007da4:	6d23      	ldr	r3, [r4, #80]	@ 0x50
10007da6:	3b01      	subs	r3, #1
10007da8:	6523      	str	r3, [r4, #80]	@ 0x50
10007daa:	6ae1      	ldr	r1, [r4, #44]	@ 0x2c
10007dac:	6ce2      	ldr	r2, [r4, #76]	@ 0x4c
10007dae:	4291      	cmp	r1, r2
10007db0:	d034      	beq.n	10007e1c <xTaskPriorityDisinherit+0x94>
10007db2:	2b00      	cmp	r3, #0
10007db4:	d006      	beq.n	10007dc4 <xTaskPriorityDisinherit+0x3c>
10007db6:	2000      	movs	r0, #0
10007db8:	bd70      	pop	{r4, r5, r6, pc}
10007dba:	481a      	ldr	r0, [pc, #104]	@ (10007e24 <xTaskPriorityDisinherit+0x9c>)
10007dbc:	491b      	ldr	r1, [pc, #108]	@ (10007e2c <xTaskPriorityDisinherit+0xa4>)
10007dbe:	f7f8 fa69 	bl	10000294 <vAssertCalled>
10007dc2:	e7ef      	b.n	10007da4 <xTaskPriorityDisinherit+0x1c>
10007dc4:	1d23      	adds	r3, r4, #4
10007dc6:	001d      	movs	r5, r3
10007dc8:	0018      	movs	r0, r3
10007dca:	f7fe feb0 	bl	10006b2e <uxListRemove>
10007dce:	6ce1      	ldr	r1, [r4, #76]	@ 0x4c
10007dd0:	62e1      	str	r1, [r4, #44]	@ 0x2c
10007dd2:	2308      	movs	r3, #8
10007dd4:	1a5b      	subs	r3, r3, r1
10007dd6:	61a3      	str	r3, [r4, #24]
10007dd8:	4b15      	ldr	r3, [pc, #84]	@ (10007e30 <xTaskPriorityDisinherit+0xa8>)
10007dda:	681b      	ldr	r3, [r3, #0]
10007ddc:	4299      	cmp	r1, r3
10007dde:	d901      	bls.n	10007de4 <xTaskPriorityDisinherit+0x5c>
10007de0:	4b13      	ldr	r3, [pc, #76]	@ (10007e30 <xTaskPriorityDisinherit+0xa8>)
10007de2:	6019      	str	r1, [r3, #0]
10007de4:	4a13      	ldr	r2, [pc, #76]	@ (10007e34 <xTaskPriorityDisinherit+0xac>)
10007de6:	008b      	lsls	r3, r1, #2
10007de8:	185b      	adds	r3, r3, r1
10007dea:	009b      	lsls	r3, r3, #2
10007dec:	18d3      	adds	r3, r2, r3
10007dee:	685b      	ldr	r3, [r3, #4]
10007df0:	60a3      	str	r3, [r4, #8]
10007df2:	6899      	ldr	r1, [r3, #8]
10007df4:	60e1      	str	r1, [r4, #12]
10007df6:	604d      	str	r5, [r1, #4]
10007df8:	609d      	str	r5, [r3, #8]
10007dfa:	6ae0      	ldr	r0, [r4, #44]	@ 0x2c
10007dfc:	0083      	lsls	r3, r0, #2
10007dfe:	1819      	adds	r1, r3, r0
10007e00:	0089      	lsls	r1, r1, #2
10007e02:	1889      	adds	r1, r1, r2
10007e04:	6161      	str	r1, [r4, #20]
10007e06:	1819      	adds	r1, r3, r0
10007e08:	0089      	lsls	r1, r1, #2
10007e0a:	5889      	ldr	r1, [r1, r2]
10007e0c:	3101      	adds	r1, #1
10007e0e:	181b      	adds	r3, r3, r0
10007e10:	009b      	lsls	r3, r3, #2
10007e12:	5099      	str	r1, [r3, r2]
10007e14:	2001      	movs	r0, #1
10007e16:	e7cf      	b.n	10007db8 <xTaskPriorityDisinherit+0x30>
10007e18:	2000      	movs	r0, #0
10007e1a:	e7cd      	b.n	10007db8 <xTaskPriorityDisinherit+0x30>
10007e1c:	2000      	movs	r0, #0
10007e1e:	e7cb      	b.n	10007db8 <xTaskPriorityDisinherit+0x30>
10007e20:	200016a4 	.word	0x200016a4
10007e24:	10009520 	.word	0x10009520
10007e28:	00001acd 	.word	0x00001acd
10007e2c:	00001ace 	.word	0x00001ace
10007e30:	200119a4 	.word	0x200119a4
10007e34:	200016bc 	.word	0x200016bc

10007e38 <uxTaskResetEventItemValue>:
10007e38:	4b04      	ldr	r3, [pc, #16]	@ (10007e4c <uxTaskResetEventItemValue+0x14>)
10007e3a:	681a      	ldr	r2, [r3, #0]
10007e3c:	6990      	ldr	r0, [r2, #24]
10007e3e:	681a      	ldr	r2, [r3, #0]
10007e40:	6ad1      	ldr	r1, [r2, #44]	@ 0x2c
10007e42:	681a      	ldr	r2, [r3, #0]
10007e44:	2308      	movs	r3, #8
10007e46:	1a5b      	subs	r3, r3, r1
10007e48:	6193      	str	r3, [r2, #24]
10007e4a:	4770      	bx	lr
10007e4c:	200016a4 	.word	0x200016a4

10007e50 <prvGetNextExpireTime>:
10007e50:	4b07      	ldr	r3, [pc, #28]	@ (10007e70 <prvGetNextExpireTime+0x20>)
10007e52:	681a      	ldr	r2, [r3, #0]
10007e54:	6813      	ldr	r3, [r2, #0]
10007e56:	2b00      	cmp	r3, #0
10007e58:	d106      	bne.n	10007e68 <prvGetNextExpireTime+0x18>
10007e5a:	3301      	adds	r3, #1
10007e5c:	6003      	str	r3, [r0, #0]
10007e5e:	2b00      	cmp	r3, #0
10007e60:	d104      	bne.n	10007e6c <prvGetNextExpireTime+0x1c>
10007e62:	68d3      	ldr	r3, [r2, #12]
10007e64:	6818      	ldr	r0, [r3, #0]
10007e66:	4770      	bx	lr
10007e68:	2300      	movs	r3, #0
10007e6a:	e7f7      	b.n	10007e5c <prvGetNextExpireTime+0xc>
10007e6c:	2000      	movs	r0, #0
10007e6e:	e7fa      	b.n	10007e66 <prvGetNextExpireTime+0x16>
10007e70:	200016a8 	.word	0x200016a8

10007e74 <prvInsertTimerInActiveList>:
10007e74:	b510      	push	{r4, lr}
10007e76:	6041      	str	r1, [r0, #4]
10007e78:	6100      	str	r0, [r0, #16]
10007e7a:	4291      	cmp	r1, r2
10007e7c:	d80c      	bhi.n	10007e98 <prvInsertTimerInActiveList+0x24>
10007e7e:	1ad2      	subs	r2, r2, r3
10007e80:	6983      	ldr	r3, [r0, #24]
10007e82:	429a      	cmp	r2, r3
10007e84:	d301      	bcc.n	10007e8a <prvInsertTimerInActiveList+0x16>
10007e86:	2001      	movs	r0, #1
10007e88:	bd10      	pop	{r4, pc}
10007e8a:	1d01      	adds	r1, r0, #4
10007e8c:	4b09      	ldr	r3, [pc, #36]	@ (10007eb4 <prvInsertTimerInActiveList+0x40>)
10007e8e:	6818      	ldr	r0, [r3, #0]
10007e90:	f7fe fe34 	bl	10006afc <vListInsert>
10007e94:	2000      	movs	r0, #0
10007e96:	e7f7      	b.n	10007e88 <prvInsertTimerInActiveList+0x14>
10007e98:	429a      	cmp	r2, r3
10007e9a:	d201      	bcs.n	10007ea0 <prvInsertTimerInActiveList+0x2c>
10007e9c:	4299      	cmp	r1, r3
10007e9e:	d206      	bcs.n	10007eae <prvInsertTimerInActiveList+0x3a>
10007ea0:	1d01      	adds	r1, r0, #4
10007ea2:	4b05      	ldr	r3, [pc, #20]	@ (10007eb8 <prvInsertTimerInActiveList+0x44>)
10007ea4:	6818      	ldr	r0, [r3, #0]
10007ea6:	f7fe fe29 	bl	10006afc <vListInsert>
10007eaa:	2000      	movs	r0, #0
10007eac:	e7ec      	b.n	10007e88 <prvInsertTimerInActiveList+0x14>
10007eae:	2001      	movs	r0, #1
10007eb0:	e7ea      	b.n	10007e88 <prvInsertTimerInActiveList+0x14>
10007eb2:	46c0      	nop			@ (mov r8, r8)
10007eb4:	200016b8 	.word	0x200016b8
10007eb8:	200016a8 	.word	0x200016a8

10007ebc <prvReloadTimer>:
10007ebc:	b570      	push	{r4, r5, r6, lr}
10007ebe:	0004      	movs	r4, r0
10007ec0:	000d      	movs	r5, r1
10007ec2:	0016      	movs	r6, r2
10007ec4:	e004      	b.n	10007ed0 <prvReloadTimer+0x14>
10007ec6:	69a3      	ldr	r3, [r4, #24]
10007ec8:	18ed      	adds	r5, r5, r3
10007eca:	6a23      	ldr	r3, [r4, #32]
10007ecc:	0020      	movs	r0, r4
10007ece:	4798      	blx	r3
10007ed0:	69a1      	ldr	r1, [r4, #24]
10007ed2:	1949      	adds	r1, r1, r5
10007ed4:	002b      	movs	r3, r5
10007ed6:	0032      	movs	r2, r6
10007ed8:	0020      	movs	r0, r4
10007eda:	f7ff ffcb 	bl	10007e74 <prvInsertTimerInActiveList>
10007ede:	2800      	cmp	r0, #0
10007ee0:	d1f1      	bne.n	10007ec6 <prvReloadTimer+0xa>
10007ee2:	bd70      	pop	{r4, r5, r6, pc}

10007ee4 <prvProcessExpiredTimer>:
10007ee4:	b570      	push	{r4, r5, r6, lr}
10007ee6:	0005      	movs	r5, r0
10007ee8:	000e      	movs	r6, r1
10007eea:	4b0c      	ldr	r3, [pc, #48]	@ (10007f1c <prvProcessExpiredTimer+0x38>)
10007eec:	681b      	ldr	r3, [r3, #0]
10007eee:	68db      	ldr	r3, [r3, #12]
10007ef0:	68dc      	ldr	r4, [r3, #12]
10007ef2:	1d20      	adds	r0, r4, #4
10007ef4:	f7fe fe1b 	bl	10006b2e <uxListRemove>
10007ef8:	2328      	movs	r3, #40	@ 0x28
10007efa:	5ce3      	ldrb	r3, [r4, r3]
10007efc:	075a      	lsls	r2, r3, #29
10007efe:	d407      	bmi.n	10007f10 <prvProcessExpiredTimer+0x2c>
10007f00:	2201      	movs	r2, #1
10007f02:	4393      	bics	r3, r2
10007f04:	3227      	adds	r2, #39	@ 0x27
10007f06:	54a3      	strb	r3, [r4, r2]
10007f08:	6a23      	ldr	r3, [r4, #32]
10007f0a:	0020      	movs	r0, r4
10007f0c:	4798      	blx	r3
10007f0e:	bd70      	pop	{r4, r5, r6, pc}
10007f10:	0032      	movs	r2, r6
10007f12:	0029      	movs	r1, r5
10007f14:	0020      	movs	r0, r4
10007f16:	f7ff ffd1 	bl	10007ebc <prvReloadTimer>
10007f1a:	e7f5      	b.n	10007f08 <prvProcessExpiredTimer+0x24>
10007f1c:	200016a8 	.word	0x200016a8

10007f20 <prvSwitchTimerLists>:
10007f20:	b510      	push	{r4, lr}
10007f22:	e005      	b.n	10007f30 <prvSwitchTimerLists+0x10>
10007f24:	68db      	ldr	r3, [r3, #12]
10007f26:	6818      	ldr	r0, [r3, #0]
10007f28:	2101      	movs	r1, #1
10007f2a:	4249      	negs	r1, r1
10007f2c:	f7ff ffda 	bl	10007ee4 <prvProcessExpiredTimer>
10007f30:	4b05      	ldr	r3, [pc, #20]	@ (10007f48 <prvSwitchTimerLists+0x28>)
10007f32:	681b      	ldr	r3, [r3, #0]
10007f34:	681a      	ldr	r2, [r3, #0]
10007f36:	2a00      	cmp	r2, #0
10007f38:	d1f4      	bne.n	10007f24 <prvSwitchTimerLists+0x4>
10007f3a:	4a03      	ldr	r2, [pc, #12]	@ (10007f48 <prvSwitchTimerLists+0x28>)
10007f3c:	4903      	ldr	r1, [pc, #12]	@ (10007f4c <prvSwitchTimerLists+0x2c>)
10007f3e:	6808      	ldr	r0, [r1, #0]
10007f40:	6010      	str	r0, [r2, #0]
10007f42:	600b      	str	r3, [r1, #0]
10007f44:	bd10      	pop	{r4, pc}
10007f46:	46c0      	nop			@ (mov r8, r8)
10007f48:	200016a8 	.word	0x200016a8
10007f4c:	200016b8 	.word	0x200016b8

10007f50 <prvSampleTimeNow>:
10007f50:	b570      	push	{r4, r5, r6, lr}
10007f52:	0005      	movs	r5, r0
10007f54:	f7ff faf2 	bl	1000753c <xTaskGetTickCount>
10007f58:	0004      	movs	r4, r0
10007f5a:	4b07      	ldr	r3, [pc, #28]	@ (10007f78 <prvSampleTimeNow+0x28>)
10007f5c:	681b      	ldr	r3, [r3, #0]
10007f5e:	4283      	cmp	r3, r0
10007f60:	d805      	bhi.n	10007f6e <prvSampleTimeNow+0x1e>
10007f62:	2300      	movs	r3, #0
10007f64:	602b      	str	r3, [r5, #0]
10007f66:	4b04      	ldr	r3, [pc, #16]	@ (10007f78 <prvSampleTimeNow+0x28>)
10007f68:	601c      	str	r4, [r3, #0]
10007f6a:	0020      	movs	r0, r4
10007f6c:	bd70      	pop	{r4, r5, r6, pc}
10007f6e:	f7ff ffd7 	bl	10007f20 <prvSwitchTimerLists>
10007f72:	2301      	movs	r3, #1
10007f74:	602b      	str	r3, [r5, #0]
10007f76:	e7f6      	b.n	10007f66 <prvSampleTimeNow+0x16>
10007f78:	20011a04 	.word	0x20011a04

10007f7c <prvProcessTimerOrBlockTask>:
10007f7c:	b570      	push	{r4, r5, r6, lr}
10007f7e:	b082      	sub	sp, #8
10007f80:	0005      	movs	r5, r0
10007f82:	000c      	movs	r4, r1
10007f84:	f7ff fad2 	bl	1000752c <vTaskSuspendAll>
10007f88:	a801      	add	r0, sp, #4
10007f8a:	f7ff ffe1 	bl	10007f50 <prvSampleTimeNow>
10007f8e:	0006      	movs	r6, r0
10007f90:	9b01      	ldr	r3, [sp, #4]
10007f92:	2b00      	cmp	r3, #0
10007f94:	d123      	bne.n	10007fde <prvProcessTimerOrBlockTask+0x62>
10007f96:	2c00      	cmp	r4, #0
10007f98:	d114      	bne.n	10007fc4 <prvProcessTimerOrBlockTask+0x48>
10007f9a:	42a8      	cmp	r0, r5
10007f9c:	d20b      	bcs.n	10007fb6 <prvProcessTimerOrBlockTask+0x3a>
10007f9e:	1ba9      	subs	r1, r5, r6
10007fa0:	4b10      	ldr	r3, [pc, #64]	@ (10007fe4 <prvProcessTimerOrBlockTask+0x68>)
10007fa2:	6818      	ldr	r0, [r3, #0]
10007fa4:	0022      	movs	r2, r4
10007fa6:	f7ff f863 	bl	10007070 <vQueueWaitForMessageRestricted>
10007faa:	f7ff fb95 	bl	100076d8 <xTaskResumeAll>
10007fae:	2800      	cmp	r0, #0
10007fb0:	d012      	beq.n	10007fd8 <prvProcessTimerOrBlockTask+0x5c>
10007fb2:	b002      	add	sp, #8
10007fb4:	bd70      	pop	{r4, r5, r6, pc}
10007fb6:	f7ff fb8f 	bl	100076d8 <xTaskResumeAll>
10007fba:	0031      	movs	r1, r6
10007fbc:	0028      	movs	r0, r5
10007fbe:	f7ff ff91 	bl	10007ee4 <prvProcessExpiredTimer>
10007fc2:	e7f6      	b.n	10007fb2 <prvProcessTimerOrBlockTask+0x36>
10007fc4:	4a08      	ldr	r2, [pc, #32]	@ (10007fe8 <prvProcessTimerOrBlockTask+0x6c>)
10007fc6:	6812      	ldr	r2, [r2, #0]
10007fc8:	6812      	ldr	r2, [r2, #0]
10007fca:	2a00      	cmp	r2, #0
10007fcc:	d102      	bne.n	10007fd4 <prvProcessTimerOrBlockTask+0x58>
10007fce:	2301      	movs	r3, #1
10007fd0:	001c      	movs	r4, r3
10007fd2:	e7e4      	b.n	10007f9e <prvProcessTimerOrBlockTask+0x22>
10007fd4:	001c      	movs	r4, r3
10007fd6:	e7e2      	b.n	10007f9e <prvProcessTimerOrBlockTask+0x22>
10007fd8:	f7fe fad0 	bl	1000657c <vPortYield>
10007fdc:	e7e9      	b.n	10007fb2 <prvProcessTimerOrBlockTask+0x36>
10007fde:	f7ff fb7b 	bl	100076d8 <xTaskResumeAll>
10007fe2:	e7e6      	b.n	10007fb2 <prvProcessTimerOrBlockTask+0x36>
10007fe4:	20011aac 	.word	0x20011aac
10007fe8:	200016b8 	.word	0x200016b8

10007fec <prvProcessReceivedCommands>:
10007fec:	b530      	push	{r4, r5, lr}
10007fee:	b087      	sub	sp, #28
10007ff0:	2210      	movs	r2, #16
10007ff2:	2100      	movs	r1, #0
10007ff4:	a802      	add	r0, sp, #8
10007ff6:	f7fa fb53 	bl	100026a0 <__wrap_memset>
10007ffa:	4b42      	ldr	r3, [pc, #264]	@ (10008104 <prvProcessReceivedCommands+0x118>)
10007ffc:	6818      	ldr	r0, [r3, #0]
10007ffe:	2200      	movs	r2, #0
10008000:	a902      	add	r1, sp, #8
10008002:	f7fe ff69 	bl	10006ed8 <xQueueReceive>
10008006:	2800      	cmp	r0, #0
10008008:	d079      	beq.n	100080fe <prvProcessReceivedCommands+0x112>
1000800a:	9b02      	ldr	r3, [sp, #8]
1000800c:	2b00      	cmp	r3, #0
1000800e:	db29      	blt.n	10008064 <prvProcessReceivedCommands+0x78>
10008010:	9b02      	ldr	r3, [sp, #8]
10008012:	2b00      	cmp	r3, #0
10008014:	dbf1      	blt.n	10007ffa <prvProcessReceivedCommands+0xe>
10008016:	9c04      	ldr	r4, [sp, #16]
10008018:	2c00      	cmp	r4, #0
1000801a:	d0ee      	beq.n	10007ffa <prvProcessReceivedCommands+0xe>
1000801c:	6963      	ldr	r3, [r4, #20]
1000801e:	2b00      	cmp	r3, #0
10008020:	d002      	beq.n	10008028 <prvProcessReceivedCommands+0x3c>
10008022:	1d20      	adds	r0, r4, #4
10008024:	f7fe fd83 	bl	10006b2e <uxListRemove>
10008028:	a801      	add	r0, sp, #4
1000802a:	f7ff ff91 	bl	10007f50 <prvSampleTimeNow>
1000802e:	0005      	movs	r5, r0
10008030:	9902      	ldr	r1, [sp, #8]
10008032:	2905      	cmp	r1, #5
10008034:	d056      	beq.n	100080e4 <prvProcessReceivedCommands+0xf8>
10008036:	dc37      	bgt.n	100080a8 <prvProcessReceivedCommands+0xbc>
10008038:	2903      	cmp	r1, #3
1000803a:	d047      	beq.n	100080cc <prvProcessReceivedCommands+0xe0>
1000803c:	dd17      	ble.n	1000806e <prvProcessReceivedCommands+0x82>
1000803e:	2904      	cmp	r1, #4
10008040:	d1db      	bne.n	10007ffa <prvProcessReceivedCommands+0xe>
10008042:	2228      	movs	r2, #40	@ 0x28
10008044:	5ca3      	ldrb	r3, [r4, r2]
10008046:	2101      	movs	r1, #1
10008048:	430b      	orrs	r3, r1
1000804a:	54a3      	strb	r3, [r4, r2]
1000804c:	9b03      	ldr	r3, [sp, #12]
1000804e:	61a3      	str	r3, [r4, #24]
10008050:	2b00      	cmp	r3, #0
10008052:	d041      	beq.n	100080d8 <prvProcessReceivedCommands+0xec>
10008054:	69a1      	ldr	r1, [r4, #24]
10008056:	1949      	adds	r1, r1, r5
10008058:	002b      	movs	r3, r5
1000805a:	002a      	movs	r2, r5
1000805c:	0020      	movs	r0, r4
1000805e:	f7ff ff09 	bl	10007e74 <prvInsertTimerInActiveList>
10008062:	e7ca      	b.n	10007ffa <prvProcessReceivedCommands+0xe>
10008064:	9a03      	ldr	r2, [sp, #12]
10008066:	9804      	ldr	r0, [sp, #16]
10008068:	9905      	ldr	r1, [sp, #20]
1000806a:	4790      	blx	r2
1000806c:	e7d0      	b.n	10008010 <prvProcessReceivedCommands+0x24>
1000806e:	3901      	subs	r1, #1
10008070:	2901      	cmp	r1, #1
10008072:	d8c2      	bhi.n	10007ffa <prvProcessReceivedCommands+0xe>
10008074:	2228      	movs	r2, #40	@ 0x28
10008076:	5ca3      	ldrb	r3, [r4, r2]
10008078:	2101      	movs	r1, #1
1000807a:	430b      	orrs	r3, r1
1000807c:	54a3      	strb	r3, [r4, r2]
1000807e:	9b03      	ldr	r3, [sp, #12]
10008080:	69a1      	ldr	r1, [r4, #24]
10008082:	1859      	adds	r1, r3, r1
10008084:	002a      	movs	r2, r5
10008086:	0020      	movs	r0, r4
10008088:	f7ff fef4 	bl	10007e74 <prvInsertTimerInActiveList>
1000808c:	2800      	cmp	r0, #0
1000808e:	d0b4      	beq.n	10007ffa <prvProcessReceivedCommands+0xe>
10008090:	2328      	movs	r3, #40	@ 0x28
10008092:	5ce3      	ldrb	r3, [r4, r3]
10008094:	075a      	lsls	r2, r3, #29
10008096:	d411      	bmi.n	100080bc <prvProcessReceivedCommands+0xd0>
10008098:	2201      	movs	r2, #1
1000809a:	4393      	bics	r3, r2
1000809c:	3227      	adds	r2, #39	@ 0x27
1000809e:	54a3      	strb	r3, [r4, r2]
100080a0:	6a23      	ldr	r3, [r4, #32]
100080a2:	0020      	movs	r0, r4
100080a4:	4798      	blx	r3
100080a6:	e7a8      	b.n	10007ffa <prvProcessReceivedCommands+0xe>
100080a8:	2908      	cmp	r1, #8
100080aa:	d00f      	beq.n	100080cc <prvProcessReceivedCommands+0xe0>
100080ac:	dd02      	ble.n	100080b4 <prvProcessReceivedCommands+0xc8>
100080ae:	2909      	cmp	r1, #9
100080b0:	d0c7      	beq.n	10008042 <prvProcessReceivedCommands+0x56>
100080b2:	e7a2      	b.n	10007ffa <prvProcessReceivedCommands+0xe>
100080b4:	3906      	subs	r1, #6
100080b6:	2901      	cmp	r1, #1
100080b8:	d9dc      	bls.n	10008074 <prvProcessReceivedCommands+0x88>
100080ba:	e79e      	b.n	10007ffa <prvProcessReceivedCommands+0xe>
100080bc:	9903      	ldr	r1, [sp, #12]
100080be:	69a3      	ldr	r3, [r4, #24]
100080c0:	18c9      	adds	r1, r1, r3
100080c2:	002a      	movs	r2, r5
100080c4:	0020      	movs	r0, r4
100080c6:	f7ff fef9 	bl	10007ebc <prvReloadTimer>
100080ca:	e7e9      	b.n	100080a0 <prvProcessReceivedCommands+0xb4>
100080cc:	2228      	movs	r2, #40	@ 0x28
100080ce:	5ca3      	ldrb	r3, [r4, r2]
100080d0:	2101      	movs	r1, #1
100080d2:	438b      	bics	r3, r1
100080d4:	54a3      	strb	r3, [r4, r2]
100080d6:	e790      	b.n	10007ffa <prvProcessReceivedCommands+0xe>
100080d8:	2182      	movs	r1, #130	@ 0x82
100080da:	480b      	ldr	r0, [pc, #44]	@ (10008108 <prvProcessReceivedCommands+0x11c>)
100080dc:	00c9      	lsls	r1, r1, #3
100080de:	f7f8 f8d9 	bl	10000294 <vAssertCalled>
100080e2:	e7b7      	b.n	10008054 <prvProcessReceivedCommands+0x68>
100080e4:	2328      	movs	r3, #40	@ 0x28
100080e6:	5ce3      	ldrb	r3, [r4, r3]
100080e8:	079a      	lsls	r2, r3, #30
100080ea:	d504      	bpl.n	100080f6 <prvProcessReceivedCommands+0x10a>
100080ec:	2201      	movs	r2, #1
100080ee:	4393      	bics	r3, r2
100080f0:	3227      	adds	r2, #39	@ 0x27
100080f2:	54a3      	strb	r3, [r4, r2]
100080f4:	e781      	b.n	10007ffa <prvProcessReceivedCommands+0xe>
100080f6:	0020      	movs	r0, r4
100080f8:	f000 f9fc 	bl	100084f4 <vPortFree>
100080fc:	e77d      	b.n	10007ffa <prvProcessReceivedCommands+0xe>
100080fe:	b007      	add	sp, #28
10008100:	bd30      	pop	{r4, r5, pc}
10008102:	46c0      	nop			@ (mov r8, r8)
10008104:	20011aac 	.word	0x20011aac
10008108:	10009570 	.word	0x10009570

1000810c <prvTimerTask>:
1000810c:	b500      	push	{lr}
1000810e:	b083      	sub	sp, #12
10008110:	a801      	add	r0, sp, #4
10008112:	f7ff fe9d 	bl	10007e50 <prvGetNextExpireTime>
10008116:	9901      	ldr	r1, [sp, #4]
10008118:	f7ff ff30 	bl	10007f7c <prvProcessTimerOrBlockTask>
1000811c:	f7ff ff66 	bl	10007fec <prvProcessReceivedCommands>
10008120:	e7f6      	b.n	10008110 <prvTimerTask+0x4>
	...

10008124 <prvCheckForValidListAndQueue>:
10008124:	b570      	push	{r4, r5, r6, lr}
10008126:	f7fe fa35 	bl	10006594 <vPortEnterCritical>
1000812a:	4b11      	ldr	r3, [pc, #68]	@ (10008170 <prvCheckForValidListAndQueue+0x4c>)
1000812c:	681b      	ldr	r3, [r3, #0]
1000812e:	2b00      	cmp	r3, #0
10008130:	d002      	beq.n	10008138 <prvCheckForValidListAndQueue+0x14>
10008132:	f7fe fa3b 	bl	100065ac <vPortExitCritical>
10008136:	bd70      	pop	{r4, r5, r6, pc}
10008138:	4b0e      	ldr	r3, [pc, #56]	@ (10008174 <prvCheckForValidListAndQueue+0x50>)
1000813a:	001d      	movs	r5, r3
1000813c:	0018      	movs	r0, r3
1000813e:	f7fe fccf 	bl	10006ae0 <vListInitialise>
10008142:	4a0d      	ldr	r2, [pc, #52]	@ (10008178 <prvCheckForValidListAndQueue+0x54>)
10008144:	0014      	movs	r4, r2
10008146:	0010      	movs	r0, r2
10008148:	f7fe fcca 	bl	10006ae0 <vListInitialise>
1000814c:	4b0b      	ldr	r3, [pc, #44]	@ (1000817c <prvCheckForValidListAndQueue+0x58>)
1000814e:	601d      	str	r5, [r3, #0]
10008150:	4b0b      	ldr	r3, [pc, #44]	@ (10008180 <prvCheckForValidListAndQueue+0x5c>)
10008152:	601c      	str	r4, [r3, #0]
10008154:	2200      	movs	r2, #0
10008156:	2110      	movs	r1, #16
10008158:	2008      	movs	r0, #8
1000815a:	f7fe fe0b 	bl	10006d74 <xQueueGenericCreate>
1000815e:	4b04      	ldr	r3, [pc, #16]	@ (10008170 <prvCheckForValidListAndQueue+0x4c>)
10008160:	6018      	str	r0, [r3, #0]
10008162:	2800      	cmp	r0, #0
10008164:	d0e5      	beq.n	10008132 <prvCheckForValidListAndQueue+0xe>
10008166:	4907      	ldr	r1, [pc, #28]	@ (10008184 <prvCheckForValidListAndQueue+0x60>)
10008168:	f7fe ff52 	bl	10007010 <vQueueAddToRegistry>
1000816c:	e7e1      	b.n	10008132 <prvCheckForValidListAndQueue+0xe>
1000816e:	46c0      	nop			@ (mov r8, r8)
10008170:	20011aac 	.word	0x20011aac
10008174:	200119a8 	.word	0x200119a8
10008178:	200119bc 	.word	0x200119bc
1000817c:	200016a8 	.word	0x200016a8
10008180:	200016b8 	.word	0x200016b8
10008184:	100095b8 	.word	0x100095b8

10008188 <xTimerCreateTimerTask>:
10008188:	b510      	push	{r4, lr}
1000818a:	b082      	sub	sp, #8
1000818c:	f7ff ffca 	bl	10008124 <prvCheckForValidListAndQueue>
10008190:	4b0d      	ldr	r3, [pc, #52]	@ (100081c8 <xTimerCreateTimerTask+0x40>)
10008192:	681b      	ldr	r3, [r3, #0]
10008194:	2b00      	cmp	r3, #0
10008196:	d014      	beq.n	100081c2 <xTimerCreateTimerTask+0x3a>
10008198:	2280      	movs	r2, #128	@ 0x80
1000819a:	490c      	ldr	r1, [pc, #48]	@ (100081cc <xTimerCreateTimerTask+0x44>)
1000819c:	480c      	ldr	r0, [pc, #48]	@ (100081d0 <xTimerCreateTimerTask+0x48>)
1000819e:	4b0d      	ldr	r3, [pc, #52]	@ (100081d4 <xTimerCreateTimerTask+0x4c>)
100081a0:	9301      	str	r3, [sp, #4]
100081a2:	2302      	movs	r3, #2
100081a4:	9300      	str	r3, [sp, #0]
100081a6:	2300      	movs	r3, #0
100081a8:	0092      	lsls	r2, r2, #2
100081aa:	f7ff f94d 	bl	10007448 <xTaskCreate>
100081ae:	1e04      	subs	r4, r0, #0
100081b0:	d104      	bne.n	100081bc <xTimerCreateTimerTask+0x34>
100081b2:	21a3      	movs	r1, #163	@ 0xa3
100081b4:	4808      	ldr	r0, [pc, #32]	@ (100081d8 <xTimerCreateTimerTask+0x50>)
100081b6:	0049      	lsls	r1, r1, #1
100081b8:	f7f8 f86c 	bl	10000294 <vAssertCalled>
100081bc:	0020      	movs	r0, r4
100081be:	b002      	add	sp, #8
100081c0:	bd10      	pop	{r4, pc}
100081c2:	001c      	movs	r4, r3
100081c4:	e7f5      	b.n	100081b2 <xTimerCreateTimerTask+0x2a>
100081c6:	46c0      	nop			@ (mov r8, r8)
100081c8:	20011aac 	.word	0x20011aac
100081cc:	100095c0 	.word	0x100095c0
100081d0:	1000810d 	.word	0x1000810d
100081d4:	20011ab0 	.word	0x20011ab0
100081d8:	10009570 	.word	0x10009570

100081dc <xTimerPendFunctionCallFromISR>:
100081dc:	b510      	push	{r4, lr}
100081de:	b084      	sub	sp, #16
100081e0:	000c      	movs	r4, r1
100081e2:	4694      	mov	ip, r2
100081e4:	001a      	movs	r2, r3
100081e6:	4669      	mov	r1, sp
100081e8:	2302      	movs	r3, #2
100081ea:	425b      	negs	r3, r3
100081ec:	9300      	str	r3, [sp, #0]
100081ee:	9001      	str	r0, [sp, #4]
100081f0:	9402      	str	r4, [sp, #8]
100081f2:	4663      	mov	r3, ip
100081f4:	9303      	str	r3, [sp, #12]
100081f6:	4b03      	ldr	r3, [pc, #12]	@ (10008204 <xTimerPendFunctionCallFromISR+0x28>)
100081f8:	6818      	ldr	r0, [r3, #0]
100081fa:	2300      	movs	r3, #0
100081fc:	f7fe fdfc 	bl	10006df8 <xQueueGenericSendFromISR>
10008200:	b004      	add	sp, #16
10008202:	bd10      	pop	{r4, pc}
10008204:	20011aac 	.word	0x20011aac

10008208 <exception_is_compile_time_default>:
10008208:	4b05      	ldr	r3, [pc, #20]	@ (10008220 <exception_is_compile_time_default+0x18>)
1000820a:	4298      	cmp	r0, r3
1000820c:	d304      	bcc.n	10008218 <exception_is_compile_time_default+0x10>
1000820e:	4b05      	ldr	r3, [pc, #20]	@ (10008224 <exception_is_compile_time_default+0x1c>)
10008210:	4298      	cmp	r0, r3
10008212:	d303      	bcc.n	1000821c <exception_is_compile_time_default+0x14>
10008214:	2000      	movs	r0, #0
10008216:	e000      	b.n	1000821a <exception_is_compile_time_default+0x12>
10008218:	2000      	movs	r0, #0
1000821a:	4770      	bx	lr
1000821c:	2001      	movs	r0, #1
1000821e:	e7fc      	b.n	1000821a <exception_is_compile_time_default+0x12>
10008220:	100001c0 	.word	0x100001c0
10008224:	100001d4 	.word	0x100001d4

10008228 <set_raw_exception_handler_and_restore_interrupts>:
10008228:	4b04      	ldr	r3, [pc, #16]	@ (1000823c <set_raw_exception_handler_and_restore_interrupts+0x14>)
1000822a:	689b      	ldr	r3, [r3, #8]
1000822c:	0080      	lsls	r0, r0, #2
1000822e:	5019      	str	r1, [r3, r0]
10008230:	f3bf 8f5f 	dmb	sy
10008234:	f382 8810 	msr	PRIMASK, r2
10008238:	4770      	bx	lr
1000823a:	46c0      	nop			@ (mov r8, r8)
1000823c:	e000ed00 	.word	0xe000ed00

10008240 <exception_get_vtable_handler>:
10008240:	4b02      	ldr	r3, [pc, #8]	@ (1000824c <exception_get_vtable_handler+0xc>)
10008242:	689b      	ldr	r3, [r3, #8]
10008244:	0080      	lsls	r0, r0, #2
10008246:	58c0      	ldr	r0, [r0, r3]
10008248:	4770      	bx	lr
1000824a:	46c0      	nop			@ (mov r8, r8)
1000824c:	e000ed00 	.word	0xe000ed00

10008250 <exception_set_exclusive_handler>:
10008250:	b5f8      	push	{r3, r4, r5, r6, r7, lr}
10008252:	0007      	movs	r7, r0
10008254:	000d      	movs	r5, r1
10008256:	f3ef 8610 	mrs	r6, PRIMASK
1000825a:	b672      	cpsid	i
1000825c:	f7ff fff0 	bl	10008240 <exception_get_vtable_handler>
10008260:	0004      	movs	r4, r0
10008262:	42a8      	cmp	r0, r5
10008264:	d003      	beq.n	1000826e <exception_set_exclusive_handler+0x1e>
10008266:	f7ff ffcf 	bl	10008208 <exception_is_compile_time_default>
1000826a:	2800      	cmp	r0, #0
1000826c:	d006      	beq.n	1000827c <exception_set_exclusive_handler+0x2c>
1000826e:	0032      	movs	r2, r6
10008270:	0029      	movs	r1, r5
10008272:	0038      	movs	r0, r7
10008274:	f7ff ffd8 	bl	10008228 <set_raw_exception_handler_and_restore_interrupts>
10008278:	0020      	movs	r0, r4
1000827a:	bdf8      	pop	{r3, r4, r5, r6, r7, pc}
1000827c:	4b02      	ldr	r3, [pc, #8]	@ (10008288 <exception_set_exclusive_handler+0x38>)
1000827e:	4a03      	ldr	r2, [pc, #12]	@ (1000828c <exception_set_exclusive_handler+0x3c>)
10008280:	4803      	ldr	r0, [pc, #12]	@ (10008290 <exception_set_exclusive_handler+0x40>)
10008282:	2139      	movs	r1, #57	@ 0x39
10008284:	f7fb fb12 	bl	100038ac <__assert_func>
10008288:	100095c8 	.word	0x100095c8
1000828c:	10009c10 	.word	0x10009c10
10008290:	1000960c 	.word	0x1000960c

10008294 <prvHeapInit>:
10008294:	4a10      	ldr	r2, [pc, #64]	@ (100082d8 <prvHeapInit+0x44>)
10008296:	0753      	lsls	r3, r2, #29
10008298:	d01b      	beq.n	100082d2 <prvHeapInit+0x3e>
1000829a:	1dd1      	adds	r1, r2, #7
1000829c:	2307      	movs	r3, #7
1000829e:	4399      	bics	r1, r3
100082a0:	2380      	movs	r3, #128	@ 0x80
100082a2:	025b      	lsls	r3, r3, #9
100082a4:	1a5b      	subs	r3, r3, r1
100082a6:	189b      	adds	r3, r3, r2
100082a8:	000a      	movs	r2, r1
100082aa:	480c      	ldr	r0, [pc, #48]	@ (100082dc <prvHeapInit+0x48>)
100082ac:	6002      	str	r2, [r0, #0]
100082ae:	2100      	movs	r1, #0
100082b0:	6041      	str	r1, [r0, #4]
100082b2:	18d3      	adds	r3, r2, r3
100082b4:	3b08      	subs	r3, #8
100082b6:	2007      	movs	r0, #7
100082b8:	4383      	bics	r3, r0
100082ba:	4809      	ldr	r0, [pc, #36]	@ (100082e0 <prvHeapInit+0x4c>)
100082bc:	6003      	str	r3, [r0, #0]
100082be:	6059      	str	r1, [r3, #4]
100082c0:	6019      	str	r1, [r3, #0]
100082c2:	1a99      	subs	r1, r3, r2
100082c4:	6051      	str	r1, [r2, #4]
100082c6:	6013      	str	r3, [r2, #0]
100082c8:	4b06      	ldr	r3, [pc, #24]	@ (100082e4 <prvHeapInit+0x50>)
100082ca:	6019      	str	r1, [r3, #0]
100082cc:	4b06      	ldr	r3, [pc, #24]	@ (100082e8 <prvHeapInit+0x54>)
100082ce:	6019      	str	r1, [r3, #0]
100082d0:	4770      	bx	lr
100082d2:	2380      	movs	r3, #128	@ 0x80
100082d4:	025b      	lsls	r3, r3, #9
100082d6:	e7e8      	b.n	100082aa <prvHeapInit+0x16>
100082d8:	20001978 	.word	0x20001978
100082dc:	20011a78 	.word	0x20011a78
100082e0:	200016b0 	.word	0x200016b0
100082e4:	20011a08 	.word	0x20011a08
100082e8:	200119fc 	.word	0x200119fc

100082ec <prvInsertBlockIntoFreeList>:
100082ec:	b570      	push	{r4, r5, r6, lr}
100082ee:	0004      	movs	r4, r0
100082f0:	4b18      	ldr	r3, [pc, #96]	@ (10008354 <prvInsertBlockIntoFreeList+0x68>)
100082f2:	001d      	movs	r5, r3
100082f4:	681b      	ldr	r3, [r3, #0]
100082f6:	42a3      	cmp	r3, r4
100082f8:	d3fb      	bcc.n	100082f2 <prvInsertBlockIntoFreeList+0x6>
100082fa:	4b16      	ldr	r3, [pc, #88]	@ (10008354 <prvInsertBlockIntoFreeList+0x68>)
100082fc:	429d      	cmp	r5, r3
100082fe:	d009      	beq.n	10008314 <prvInsertBlockIntoFreeList+0x28>
10008300:	4b15      	ldr	r3, [pc, #84]	@ (10008358 <prvInsertBlockIntoFreeList+0x6c>)
10008302:	429d      	cmp	r5, r3
10008304:	d302      	bcc.n	1000830c <prvInsertBlockIntoFreeList+0x20>
10008306:	4b15      	ldr	r3, [pc, #84]	@ (1000835c <prvInsertBlockIntoFreeList+0x70>)
10008308:	429d      	cmp	r5, r3
1000830a:	d903      	bls.n	10008314 <prvInsertBlockIntoFreeList+0x28>
1000830c:	4814      	ldr	r0, [pc, #80]	@ (10008360 <prvInsertBlockIntoFreeList+0x74>)
1000830e:	4915      	ldr	r1, [pc, #84]	@ (10008364 <prvInsertBlockIntoFreeList+0x78>)
10008310:	f7f7 ffc0 	bl	10000294 <vAssertCalled>
10008314:	686b      	ldr	r3, [r5, #4]
10008316:	18ea      	adds	r2, r5, r3
10008318:	42a2      	cmp	r2, r4
1000831a:	d009      	beq.n	10008330 <prvInsertBlockIntoFreeList+0x44>
1000831c:	6862      	ldr	r2, [r4, #4]
1000831e:	18a1      	adds	r1, r4, r2
10008320:	682b      	ldr	r3, [r5, #0]
10008322:	4299      	cmp	r1, r3
10008324:	d009      	beq.n	1000833a <prvInsertBlockIntoFreeList+0x4e>
10008326:	6023      	str	r3, [r4, #0]
10008328:	42ac      	cmp	r4, r5
1000832a:	d000      	beq.n	1000832e <prvInsertBlockIntoFreeList+0x42>
1000832c:	602c      	str	r4, [r5, #0]
1000832e:	bd70      	pop	{r4, r5, r6, pc}
10008330:	6862      	ldr	r2, [r4, #4]
10008332:	189b      	adds	r3, r3, r2
10008334:	606b      	str	r3, [r5, #4]
10008336:	002c      	movs	r4, r5
10008338:	e7f0      	b.n	1000831c <prvInsertBlockIntoFreeList+0x30>
1000833a:	490b      	ldr	r1, [pc, #44]	@ (10008368 <prvInsertBlockIntoFreeList+0x7c>)
1000833c:	6809      	ldr	r1, [r1, #0]
1000833e:	428b      	cmp	r3, r1
10008340:	d006      	beq.n	10008350 <prvInsertBlockIntoFreeList+0x64>
10008342:	685b      	ldr	r3, [r3, #4]
10008344:	18d2      	adds	r2, r2, r3
10008346:	6062      	str	r2, [r4, #4]
10008348:	682b      	ldr	r3, [r5, #0]
1000834a:	681b      	ldr	r3, [r3, #0]
1000834c:	6023      	str	r3, [r4, #0]
1000834e:	e7eb      	b.n	10008328 <prvInsertBlockIntoFreeList+0x3c>
10008350:	6021      	str	r1, [r4, #0]
10008352:	e7e9      	b.n	10008328 <prvInsertBlockIntoFreeList+0x3c>
10008354:	20011a78 	.word	0x20011a78
10008358:	20001978 	.word	0x20001978
1000835c:	20011977 	.word	0x20011977
10008360:	10009674 	.word	0x10009674
10008364:	00000206 	.word	0x00000206
10008368:	200016b0 	.word	0x200016b0

1000836c <pvPortMalloc>:
1000836c:	b5f0      	push	{r4, r5, r6, r7, lr}
1000836e:	46c6      	mov	lr, r8
10008370:	b500      	push	{lr}
10008372:	1e06      	subs	r6, r0, #0
10008374:	d010      	beq.n	10008398 <pvPortMalloc+0x2c>
10008376:	0003      	movs	r3, r0
10008378:	3309      	adds	r3, #9
1000837a:	d80c      	bhi.n	10008396 <pvPortMalloc+0x2a>
1000837c:	3608      	adds	r6, #8
1000837e:	2207      	movs	r2, #7
10008380:	0013      	movs	r3, r2
10008382:	4033      	ands	r3, r6
10008384:	4232      	tst	r2, r6
10008386:	d007      	beq.n	10008398 <pvPortMalloc+0x2c>
10008388:	3201      	adds	r2, #1
1000838a:	1ad2      	subs	r2, r2, r3
1000838c:	3b09      	subs	r3, #9
1000838e:	42b3      	cmp	r3, r6
10008390:	d31d      	bcc.n	100083ce <pvPortMalloc+0x62>
10008392:	18b6      	adds	r6, r6, r2
10008394:	e000      	b.n	10008398 <pvPortMalloc+0x2c>
10008396:	2600      	movs	r6, #0
10008398:	f7ff f8c8 	bl	1000752c <vTaskSuspendAll>
1000839c:	4b4d      	ldr	r3, [pc, #308]	@ (100084d4 <pvPortMalloc+0x168>)
1000839e:	681b      	ldr	r3, [r3, #0]
100083a0:	2b00      	cmp	r3, #0
100083a2:	d016      	beq.n	100083d2 <pvPortMalloc+0x66>
100083a4:	2e00      	cmp	r6, #0
100083a6:	db17      	blt.n	100083d8 <pvPortMalloc+0x6c>
100083a8:	d022      	beq.n	100083f0 <pvPortMalloc+0x84>
100083aa:	4b4b      	ldr	r3, [pc, #300]	@ (100084d8 <pvPortMalloc+0x16c>)
100083ac:	681b      	ldr	r3, [r3, #0]
100083ae:	42b3      	cmp	r3, r6
100083b0:	d322      	bcc.n	100083f8 <pvPortMalloc+0x8c>
100083b2:	4b4a      	ldr	r3, [pc, #296]	@ (100084dc <pvPortMalloc+0x170>)
100083b4:	681c      	ldr	r4, [r3, #0]
100083b6:	4b4a      	ldr	r3, [pc, #296]	@ (100084e0 <pvPortMalloc+0x174>)
100083b8:	429c      	cmp	r4, r3
100083ba:	d302      	bcc.n	100083c2 <pvPortMalloc+0x56>
100083bc:	4b49      	ldr	r3, [pc, #292]	@ (100084e4 <pvPortMalloc+0x178>)
100083be:	429c      	cmp	r4, r3
100083c0:	d903      	bls.n	100083ca <pvPortMalloc+0x5e>
100083c2:	4849      	ldr	r0, [pc, #292]	@ (100084e8 <pvPortMalloc+0x17c>)
100083c4:	21f6      	movs	r1, #246	@ 0xf6
100083c6:	f7f7 ff65 	bl	10000294 <vAssertCalled>
100083ca:	4f44      	ldr	r7, [pc, #272]	@ (100084dc <pvPortMalloc+0x170>)
100083cc:	e01e      	b.n	1000840c <pvPortMalloc+0xa0>
100083ce:	2600      	movs	r6, #0
100083d0:	e7e2      	b.n	10008398 <pvPortMalloc+0x2c>
100083d2:	f7ff ff5f 	bl	10008294 <prvHeapInit>
100083d6:	e7e5      	b.n	100083a4 <pvPortMalloc+0x38>
100083d8:	f7ff f97e 	bl	100076d8 <xTaskResumeAll>
100083dc:	2500      	movs	r5, #0
100083de:	f7f7 ff5f 	bl	100002a0 <vApplicationMallocFailedHook>
100083e2:	076b      	lsls	r3, r5, #29
100083e4:	d000      	beq.n	100083e8 <pvPortMalloc+0x7c>
100083e6:	e06e      	b.n	100084c6 <pvPortMalloc+0x15a>
100083e8:	0028      	movs	r0, r5
100083ea:	bc80      	pop	{r7}
100083ec:	46b8      	mov	r8, r7
100083ee:	bdf0      	pop	{r4, r5, r6, r7, pc}
100083f0:	f7ff f972 	bl	100076d8 <xTaskResumeAll>
100083f4:	2500      	movs	r5, #0
100083f6:	e7f2      	b.n	100083de <pvPortMalloc+0x72>
100083f8:	f7ff f96e 	bl	100076d8 <xTaskResumeAll>
100083fc:	2500      	movs	r5, #0
100083fe:	e7ee      	b.n	100083de <pvPortMalloc+0x72>
10008400:	4839      	ldr	r0, [pc, #228]	@ (100084e8 <pvPortMalloc+0x17c>)
10008402:	21fc      	movs	r1, #252	@ 0xfc
10008404:	f7f7 ff46 	bl	10000294 <vAssertCalled>
10008408:	0027      	movs	r7, r4
1000840a:	002c      	movs	r4, r5
1000840c:	6863      	ldr	r3, [r4, #4]
1000840e:	42b3      	cmp	r3, r6
10008410:	d209      	bcs.n	10008426 <pvPortMalloc+0xba>
10008412:	6825      	ldr	r5, [r4, #0]
10008414:	2d00      	cmp	r5, #0
10008416:	d006      	beq.n	10008426 <pvPortMalloc+0xba>
10008418:	4b31      	ldr	r3, [pc, #196]	@ (100084e0 <pvPortMalloc+0x174>)
1000841a:	429d      	cmp	r5, r3
1000841c:	d3f0      	bcc.n	10008400 <pvPortMalloc+0x94>
1000841e:	4b31      	ldr	r3, [pc, #196]	@ (100084e4 <pvPortMalloc+0x178>)
10008420:	429d      	cmp	r5, r3
10008422:	d9f1      	bls.n	10008408 <pvPortMalloc+0x9c>
10008424:	e7ec      	b.n	10008400 <pvPortMalloc+0x94>
10008426:	4b2b      	ldr	r3, [pc, #172]	@ (100084d4 <pvPortMalloc+0x168>)
10008428:	681b      	ldr	r3, [r3, #0]
1000842a:	42a3      	cmp	r3, r4
1000842c:	d03b      	beq.n	100084a6 <pvPortMalloc+0x13a>
1000842e:	683d      	ldr	r5, [r7, #0]
10008430:	3508      	adds	r5, #8
10008432:	4b2b      	ldr	r3, [pc, #172]	@ (100084e0 <pvPortMalloc+0x174>)
10008434:	429d      	cmp	r5, r3
10008436:	d302      	bcc.n	1000843e <pvPortMalloc+0xd2>
10008438:	4b2a      	ldr	r3, [pc, #168]	@ (100084e4 <pvPortMalloc+0x178>)
1000843a:	429d      	cmp	r5, r3
1000843c:	d904      	bls.n	10008448 <pvPortMalloc+0xdc>
1000843e:	2183      	movs	r1, #131	@ 0x83
10008440:	4829      	ldr	r0, [pc, #164]	@ (100084e8 <pvPortMalloc+0x17c>)
10008442:	0049      	lsls	r1, r1, #1
10008444:	f7f7 ff26 	bl	10000294 <vAssertCalled>
10008448:	6823      	ldr	r3, [r4, #0]
1000844a:	603b      	str	r3, [r7, #0]
1000844c:	6863      	ldr	r3, [r4, #4]
1000844e:	42b3      	cmp	r3, r6
10008450:	d32d      	bcc.n	100084ae <pvPortMalloc+0x142>
10008452:	6863      	ldr	r3, [r4, #4]
10008454:	1b9b      	subs	r3, r3, r6
10008456:	2b10      	cmp	r3, #16
10008458:	d90b      	bls.n	10008472 <pvPortMalloc+0x106>
1000845a:	19a3      	adds	r3, r4, r6
1000845c:	4698      	mov	r8, r3
1000845e:	075b      	lsls	r3, r3, #29
10008460:	d12b      	bne.n	100084ba <pvPortMalloc+0x14e>
10008462:	6863      	ldr	r3, [r4, #4]
10008464:	1b9b      	subs	r3, r3, r6
10008466:	4642      	mov	r2, r8
10008468:	6053      	str	r3, [r2, #4]
1000846a:	6066      	str	r6, [r4, #4]
1000846c:	683b      	ldr	r3, [r7, #0]
1000846e:	6013      	str	r3, [r2, #0]
10008470:	603a      	str	r2, [r7, #0]
10008472:	6862      	ldr	r2, [r4, #4]
10008474:	4918      	ldr	r1, [pc, #96]	@ (100084d8 <pvPortMalloc+0x16c>)
10008476:	680b      	ldr	r3, [r1, #0]
10008478:	1a9b      	subs	r3, r3, r2
1000847a:	600b      	str	r3, [r1, #0]
1000847c:	491b      	ldr	r1, [pc, #108]	@ (100084ec <pvPortMalloc+0x180>)
1000847e:	6809      	ldr	r1, [r1, #0]
10008480:	428b      	cmp	r3, r1
10008482:	d201      	bcs.n	10008488 <pvPortMalloc+0x11c>
10008484:	4919      	ldr	r1, [pc, #100]	@ (100084ec <pvPortMalloc+0x180>)
10008486:	600b      	str	r3, [r1, #0]
10008488:	2380      	movs	r3, #128	@ 0x80
1000848a:	061b      	lsls	r3, r3, #24
1000848c:	4313      	orrs	r3, r2
1000848e:	6063      	str	r3, [r4, #4]
10008490:	2300      	movs	r3, #0
10008492:	6023      	str	r3, [r4, #0]
10008494:	4a16      	ldr	r2, [pc, #88]	@ (100084f0 <pvPortMalloc+0x184>)
10008496:	6813      	ldr	r3, [r2, #0]
10008498:	3301      	adds	r3, #1
1000849a:	6013      	str	r3, [r2, #0]
1000849c:	f7ff f91c 	bl	100076d8 <xTaskResumeAll>
100084a0:	2d00      	cmp	r5, #0
100084a2:	d19e      	bne.n	100083e2 <pvPortMalloc+0x76>
100084a4:	e79b      	b.n	100083de <pvPortMalloc+0x72>
100084a6:	f7ff f917 	bl	100076d8 <xTaskResumeAll>
100084aa:	2500      	movs	r5, #0
100084ac:	e797      	b.n	100083de <pvPortMalloc+0x72>
100084ae:	2187      	movs	r1, #135	@ 0x87
100084b0:	480d      	ldr	r0, [pc, #52]	@ (100084e8 <pvPortMalloc+0x17c>)
100084b2:	0049      	lsls	r1, r1, #1
100084b4:	f7f7 feee 	bl	10000294 <vAssertCalled>
100084b8:	e7cb      	b.n	10008452 <pvPortMalloc+0xe6>
100084ba:	2118      	movs	r1, #24
100084bc:	480a      	ldr	r0, [pc, #40]	@ (100084e8 <pvPortMalloc+0x17c>)
100084be:	31ff      	adds	r1, #255	@ 0xff
100084c0:	f7f7 fee8 	bl	10000294 <vAssertCalled>
100084c4:	e7cd      	b.n	10008462 <pvPortMalloc+0xf6>
100084c6:	215e      	movs	r1, #94	@ 0x5e
100084c8:	4807      	ldr	r0, [pc, #28]	@ (100084e8 <pvPortMalloc+0x17c>)
100084ca:	31ff      	adds	r1, #255	@ 0xff
100084cc:	f7f7 fee2 	bl	10000294 <vAssertCalled>
100084d0:	e78a      	b.n	100083e8 <pvPortMalloc+0x7c>
100084d2:	46c0      	nop			@ (mov r8, r8)
100084d4:	200016b0 	.word	0x200016b0
100084d8:	200119fc 	.word	0x200119fc
100084dc:	20011a78 	.word	0x20011a78
100084e0:	20001978 	.word	0x20001978
100084e4:	20011977 	.word	0x20011977
100084e8:	10009674 	.word	0x10009674
100084ec:	20011a08 	.word	0x20011a08
100084f0:	20011a14 	.word	0x20011a14

100084f4 <vPortFree>:
100084f4:	b570      	push	{r4, r5, r6, lr}
100084f6:	1e04      	subs	r4, r0, #0
100084f8:	d020      	beq.n	1000853c <vPortFree+0x48>
100084fa:	0005      	movs	r5, r0
100084fc:	3d08      	subs	r5, #8
100084fe:	4b20      	ldr	r3, [pc, #128]	@ (10008580 <vPortFree+0x8c>)
10008500:	429d      	cmp	r5, r3
10008502:	d302      	bcc.n	1000850a <vPortFree+0x16>
10008504:	4b1f      	ldr	r3, [pc, #124]	@ (10008584 <vPortFree+0x90>)
10008506:	429d      	cmp	r5, r3
10008508:	d904      	bls.n	10008514 <vPortFree+0x20>
1000850a:	21b8      	movs	r1, #184	@ 0xb8
1000850c:	481e      	ldr	r0, [pc, #120]	@ (10008588 <vPortFree+0x94>)
1000850e:	0049      	lsls	r1, r1, #1
10008510:	f7f7 fec0 	bl	10000294 <vAssertCalled>
10008514:	0023      	movs	r3, r4
10008516:	3b08      	subs	r3, #8
10008518:	685b      	ldr	r3, [r3, #4]
1000851a:	2b00      	cmp	r3, #0
1000851c:	da0f      	bge.n	1000853e <vPortFree+0x4a>
1000851e:	0023      	movs	r3, r4
10008520:	3b08      	subs	r3, #8
10008522:	681b      	ldr	r3, [r3, #0]
10008524:	2b00      	cmp	r3, #0
10008526:	d004      	beq.n	10008532 <vPortFree+0x3e>
10008528:	21b9      	movs	r1, #185	@ 0xb9
1000852a:	4817      	ldr	r0, [pc, #92]	@ (10008588 <vPortFree+0x94>)
1000852c:	0049      	lsls	r1, r1, #1
1000852e:	f7f7 feb1 	bl	10000294 <vAssertCalled>
10008532:	0023      	movs	r3, r4
10008534:	3b08      	subs	r3, #8
10008536:	685b      	ldr	r3, [r3, #4]
10008538:	2b00      	cmp	r3, #0
1000853a:	db06      	blt.n	1000854a <vPortFree+0x56>
1000853c:	bd70      	pop	{r4, r5, r6, pc}
1000853e:	2172      	movs	r1, #114	@ 0x72
10008540:	4811      	ldr	r0, [pc, #68]	@ (10008588 <vPortFree+0x94>)
10008542:	31ff      	adds	r1, #255	@ 0xff
10008544:	f7f7 fea6 	bl	10000294 <vAssertCalled>
10008548:	e7e9      	b.n	1000851e <vPortFree+0x2a>
1000854a:	0022      	movs	r2, r4
1000854c:	3a08      	subs	r2, #8
1000854e:	6812      	ldr	r2, [r2, #0]
10008550:	2a00      	cmp	r2, #0
10008552:	d1f3      	bne.n	1000853c <vPortFree+0x48>
10008554:	3c08      	subs	r4, #8
10008556:	005b      	lsls	r3, r3, #1
10008558:	085b      	lsrs	r3, r3, #1
1000855a:	6063      	str	r3, [r4, #4]
1000855c:	f7fe ffe6 	bl	1000752c <vTaskSuspendAll>
10008560:	6861      	ldr	r1, [r4, #4]
10008562:	4a0a      	ldr	r2, [pc, #40]	@ (1000858c <vPortFree+0x98>)
10008564:	6813      	ldr	r3, [r2, #0]
10008566:	185b      	adds	r3, r3, r1
10008568:	6013      	str	r3, [r2, #0]
1000856a:	0028      	movs	r0, r5
1000856c:	f7ff febe 	bl	100082ec <prvInsertBlockIntoFreeList>
10008570:	4a07      	ldr	r2, [pc, #28]	@ (10008590 <vPortFree+0x9c>)
10008572:	6813      	ldr	r3, [r2, #0]
10008574:	3301      	adds	r3, #1
10008576:	6013      	str	r3, [r2, #0]
10008578:	f7ff f8ae 	bl	100076d8 <xTaskResumeAll>
1000857c:	e7de      	b.n	1000853c <vPortFree+0x48>
1000857e:	46c0      	nop			@ (mov r8, r8)
10008580:	20001978 	.word	0x20001978
10008584:	20011977 	.word	0x20011977
10008588:	10009674 	.word	0x10009674
1000858c:	200119fc 	.word	0x200119fc
10008590:	20011a18 	.word	0x20011a18

10008594 <strlen>:
10008594:	0003      	movs	r3, r0
10008596:	4684      	mov	ip, r0
10008598:	079b      	lsls	r3, r3, #30
1000859a:	d00b      	beq.n	100085b4 <strlen+0x20>
1000859c:	0003      	movs	r3, r0
1000859e:	2103      	movs	r1, #3
100085a0:	e002      	b.n	100085a8 <strlen+0x14>
100085a2:	3301      	adds	r3, #1
100085a4:	420b      	tst	r3, r1
100085a6:	d006      	beq.n	100085b6 <strlen+0x22>
100085a8:	781a      	ldrb	r2, [r3, #0]
100085aa:	2a00      	cmp	r2, #0
100085ac:	d1f9      	bne.n	100085a2 <strlen+0xe>
100085ae:	4662      	mov	r2, ip
100085b0:	1a98      	subs	r0, r3, r2
100085b2:	4770      	bx	lr
100085b4:	0003      	movs	r3, r0
100085b6:	6819      	ldr	r1, [r3, #0]
100085b8:	4a0c      	ldr	r2, [pc, #48]	@ (100085ec <strlen+0x58>)
100085ba:	480d      	ldr	r0, [pc, #52]	@ (100085f0 <strlen+0x5c>)
100085bc:	188a      	adds	r2, r1, r2
100085be:	438a      	bics	r2, r1
100085c0:	4202      	tst	r2, r0
100085c2:	d10f      	bne.n	100085e4 <strlen+0x50>
100085c4:	6859      	ldr	r1, [r3, #4]
100085c6:	4a09      	ldr	r2, [pc, #36]	@ (100085ec <strlen+0x58>)
100085c8:	3304      	adds	r3, #4
100085ca:	188a      	adds	r2, r1, r2
100085cc:	438a      	bics	r2, r1
100085ce:	4202      	tst	r2, r0
100085d0:	d108      	bne.n	100085e4 <strlen+0x50>
100085d2:	6859      	ldr	r1, [r3, #4]
100085d4:	4a05      	ldr	r2, [pc, #20]	@ (100085ec <strlen+0x58>)
100085d6:	3304      	adds	r3, #4
100085d8:	188a      	adds	r2, r1, r2
100085da:	438a      	bics	r2, r1
100085dc:	4202      	tst	r2, r0
100085de:	d0f1      	beq.n	100085c4 <strlen+0x30>
100085e0:	e000      	b.n	100085e4 <strlen+0x50>
100085e2:	3301      	adds	r3, #1
100085e4:	781a      	ldrb	r2, [r3, #0]
100085e6:	2a00      	cmp	r2, #0
100085e8:	d1fb      	bne.n	100085e2 <strlen+0x4e>
100085ea:	e7e0      	b.n	100085ae <strlen+0x1a>
100085ec:	fefefeff 	.word	0xfefefeff
100085f0:	80808080 	.word	0x80808080
100085f4:	00000000 	.word	0x00000000

100085f8 <___hw_endpoint_buffer_control_update32_veneer>:
100085f8:	b401      	push	{r0}
100085fa:	4802      	ldr	r0, [pc, #8]	@ (10008604 <___hw_endpoint_buffer_control_update32_veneer+0xc>)
100085fc:	4684      	mov	ip, r0
100085fe:	bc01      	pop	{r0}
10008600:	4760      	bx	ip
10008602:	bf00      	nop
10008604:	200007f9 	.word	0x200007f9

10008608 <__hw_endpoint_reset_transfer_veneer>:
10008608:	b401      	push	{r0}
1000860a:	4802      	ldr	r0, [pc, #8]	@ (10008614 <__hw_endpoint_reset_transfer_veneer+0xc>)
1000860c:	4684      	mov	ip, r0
1000860e:	bc01      	pop	{r0}
10008610:	4760      	bx	ip
10008612:	bf00      	nop
10008614:	200007ed 	.word	0x200007ed

10008618 <____aeabi_ldiv0_veneer>:
10008618:	b401      	push	{r0}
1000861a:	4802      	ldr	r0, [pc, #8]	@ (10008624 <____aeabi_ldiv0_veneer+0xc>)
1000861c:	4684      	mov	ip, r0
1000861e:	bc01      	pop	{r0}
10008620:	4760      	bx	ip
10008622:	bf00      	nop
10008624:	20000af5 	.word	0x20000af5

10008628 <__reset_non_control_endpoints_veneer>:
10008628:	b401      	push	{r0}
1000862a:	4802      	ldr	r0, [pc, #8]	@ (10008634 <__reset_non_control_endpoints_veneer+0xc>)
1000862c:	4684      	mov	ip, r0
1000862e:	bc01      	pop	{r0}
10008630:	4760      	bx	ip
10008632:	bf00      	nop
10008634:	200003ad 	.word	0x200003ad

10008638 <__e15_is_bulkin_ep_veneer>:
10008638:	b401      	push	{r0}
1000863a:	4802      	ldr	r0, [pc, #8]	@ (10008644 <__e15_is_bulkin_ep_veneer+0xc>)
1000863c:	4684      	mov	ip, r0
1000863e:	bc01      	pop	{r0}
10008640:	4760      	bx	ip
10008642:	bf00      	nop
10008644:	200006f1 	.word	0x200006f1

10008648 <__mutex_enter_timeout_ms_veneer>:
10008648:	b401      	push	{r0}
1000864a:	4802      	ldr	r0, [pc, #8]	@ (10008654 <__mutex_enter_timeout_ms_veneer+0xc>)
1000864c:	4684      	mov	ip, r0
1000864e:	bc01      	pop	{r0}
10008650:	4760      	bx	ip
10008652:	bf00      	nop
10008654:	200001a5 	.word	0x200001a5

10008658 <__e15_is_critical_frame_period_veneer>:
10008658:	b401      	push	{r0}
1000865a:	4802      	ldr	r0, [pc, #8]	@ (10008664 <__e15_is_critical_frame_period_veneer+0xc>)
1000865c:	4684      	mov	ip, r0
1000865e:	bc01      	pop	{r0}
10008660:	4760      	bx	ip
10008662:	bf00      	nop
10008664:	2000071d 	.word	0x2000071d

10008668 <__mutex_try_enter_veneer>:
10008668:	b401      	push	{r0}
1000866a:	4802      	ldr	r0, [pc, #8]	@ (10008674 <__mutex_try_enter_veneer+0xc>)
1000866c:	4684      	mov	ip, r0
1000866e:	bc01      	pop	{r0}
10008670:	4760      	bx	ip
10008672:	bf00      	nop
10008674:	200000c1 	.word	0x200000c1

10008678 <__mutex_try_enter_block_until_veneer>:
10008678:	b401      	push	{r0}
1000867a:	4802      	ldr	r0, [pc, #8]	@ (10008684 <__mutex_try_enter_block_until_veneer+0xc>)
1000867c:	4684      	mov	ip, r0
1000867e:	bc01      	pop	{r0}
10008680:	4760      	bx	ip
10008682:	bf00      	nop
10008684:	20000171 	.word	0x20000171

10008688 <____aeabi_idiv0_veneer>:
10008688:	b401      	push	{r0}
1000868a:	4802      	ldr	r0, [pc, #8]	@ (10008694 <____aeabi_idiv0_veneer+0xc>)
1000868c:	4684      	mov	ip, r0
1000868e:	bc01      	pop	{r0}
10008690:	4760      	bx	ip
10008692:	bf00      	nop
10008694:	20000af5 	.word	0x20000af5

10008698 <__mutex_exit_veneer>:
10008698:	b401      	push	{r0}
1000869a:	4802      	ldr	r0, [pc, #8]	@ (100086a4 <__mutex_exit_veneer+0xc>)
1000869c:	4684      	mov	ip, r0
1000869e:	bc01      	pop	{r0}
100086a0:	4760      	bx	ip
100086a2:	bf00      	nop
100086a4:	200001e1 	.word	0x200001e1

100086a8 <__hw_endpoint_start_next_buffer_veneer>:
100086a8:	b401      	push	{r0}
100086aa:	4802      	ldr	r0, [pc, #8]	@ (100086b4 <__hw_endpoint_start_next_buffer_veneer+0xc>)
100086ac:	4684      	mov	ip, r0
100086ae:	bc01      	pop	{r0}
100086b0:	4760      	bx	ip
100086b2:	bf00      	nop
100086b4:	20000845 	.word	0x20000845

100086b8 <__flash_do_cmd_cs_veneer>:
100086b8:	b401      	push	{r0}
100086ba:	4802      	ldr	r0, [pc, #8]	@ (100086c4 <__flash_do_cmd_cs_veneer+0xc>)
100086bc:	4684      	mov	ip, r0
100086be:	bc01      	pop	{r0}
100086c0:	4760      	bx	ip
100086c2:	bf00      	nop
100086c4:	200002a9 	.word	0x200002a9

100086c8 <__pre_init_runtime_init_early_resets>:
100086c8:	10001695                                ....

100086cc <__pre_init_runtime_init_usb_power_down>:
100086cc:	100016c1 10001855 10002691 10001ef9     ....U....&......
100086dc:	10002561                                a%..

100086e0 <__pre_init_runtime_init_clocks>:
100086e0:	10001789                                ....

100086e4 <__pre_init_runtime_init_post_clock_resets>:
100086e4:	100016dd                                ....

100086e8 <__pre_init_runtime_init_rp2040_gpio_ie_disable>:
100086e8:	100016fd                                ....

100086ec <__pre_init_runtime_init_spin_locks_reset>:
100086ec:	10001711                                ....

100086f0 <__pre_init_runtime_init_mutex>:
100086f0:	10000abd                                ....

100086f4 <__pre_init_runtime_init_install_ram_vector_table>:
100086f4:	10001719                                ....

100086f8 <__pre_init_runtime_init_default_alarm_pool>:
100086f8:	10001245                                E...

100086fc <__pre_init_first_per_core_initializer>:
100086fc:	10001681                                ....

10008700 <__pre_init_runtime_init_per_core_irq_priorities>:
10008700:	1000059d                                ....

10008704 <__pre_init_runtime_init_per_core_tls_setup>:
10008704:	100063d9                                .c..

10008708 <__init_array_start>:
10008708:	1000408d 	.word	0x1000408d
1000870c:	100068d1 	.word	0x100068d1

Disassembly of section .data:

200000c0 <mutex_try_enter>:
200000c0:	b570      	push	{r4, r5, r6, lr}
200000c2:	0004      	movs	r4, r0
200000c4:	6802      	ldr	r2, [r0, #0]
200000c6:	f3ef 8510 	mrs	r5, PRIMASK
200000ca:	b672      	cpsid	i
200000cc:	6813      	ldr	r3, [r2, #0]
200000ce:	2b00      	cmp	r3, #0
200000d0:	d0fc      	beq.n	200000cc <mutex_try_enter+0xc>
200000d2:	f3bf 8f5f 	dmb	sy
200000d6:	6863      	ldr	r3, [r4, #4]
200000d8:	1c5a      	adds	r2, r3, #1
200000da:	d00b      	beq.n	200000f4 <mutex_try_enter+0x34>
200000dc:	2900      	cmp	r1, #0
200000de:	d00e      	beq.n	200000fe <mutex_try_enter+0x3e>
200000e0:	600b      	str	r3, [r1, #0]
200000e2:	2000      	movs	r0, #0
200000e4:	6823      	ldr	r3, [r4, #0]
200000e6:	f3bf 8f5f 	dmb	sy
200000ea:	2200      	movs	r2, #0
200000ec:	601a      	str	r2, [r3, #0]
200000ee:	f385 8810 	msr	PRIMASK, r5
200000f2:	bd70      	pop	{r4, r5, r6, pc}
200000f4:	f000 fd10 	bl	20000b18 <__ulPortLockGetCurrentOwnerId_veneer>
200000f8:	6060      	str	r0, [r4, #4]
200000fa:	2001      	movs	r0, #1
200000fc:	e7f2      	b.n	200000e4 <mutex_try_enter+0x24>
200000fe:	2000      	movs	r0, #0
20000100:	e7f0      	b.n	200000e4 <mutex_try_enter+0x24>
	...

20000104 <mutex_enter_block_until>:
20000104:	b5f8      	push	{r3, r4, r5, r6, r7, lr}
20000106:	0004      	movs	r4, r0
20000108:	0015      	movs	r5, r2
2000010a:	001e      	movs	r6, r3
2000010c:	6803      	ldr	r3, [r0, #0]
2000010e:	2b00      	cmp	r3, #0
20000110:	d018      	beq.n	20000144 <mutex_enter_block_until+0x40>
20000112:	f000 fd01 	bl	20000b18 <__ulPortLockGetCurrentOwnerId_veneer>
20000116:	0007      	movs	r7, r0
20000118:	6820      	ldr	r0, [r4, #0]
2000011a:	f3ef 8110 	mrs	r1, PRIMASK
2000011e:	b672      	cpsid	i
20000120:	000b      	movs	r3, r1
20000122:	6802      	ldr	r2, [r0, #0]
20000124:	2a00      	cmp	r2, #0
20000126:	d0fc      	beq.n	20000122 <mutex_enter_block_until+0x1e>
20000128:	f3bf 8f5f 	dmb	sy
2000012c:	6860      	ldr	r0, [r4, #4]
2000012e:	3001      	adds	r0, #1
20000130:	d00e      	beq.n	20000150 <mutex_enter_block_until+0x4c>
20000132:	002a      	movs	r2, r5
20000134:	0033      	movs	r3, r6
20000136:	0020      	movs	r0, r4
20000138:	f000 fd3e 	bl	20000bb8 <__xPortLockInternalSpinUnlockWithBestEffortWaitOrTimeout_veneer>
2000013c:	2800      	cmp	r0, #0
2000013e:	d0eb      	beq.n	20000118 <mutex_enter_block_until+0x14>
20000140:	2000      	movs	r0, #0
20000142:	e00e      	b.n	20000162 <mutex_enter_block_until+0x5e>
20000144:	4b07      	ldr	r3, [pc, #28]	@ (20000164 <mutex_enter_block_until+0x60>)
20000146:	4a08      	ldr	r2, [pc, #32]	@ (20000168 <mutex_enter_block_until+0x64>)
20000148:	4808      	ldr	r0, [pc, #32]	@ (2000016c <mutex_enter_block_until+0x68>)
2000014a:	21a8      	movs	r1, #168	@ 0xa8
2000014c:	f000 fd14 	bl	20000b78 <____assert_func_veneer>
20000150:	6067      	str	r7, [r4, #4]
20000152:	6822      	ldr	r2, [r4, #0]
20000154:	f3bf 8f5f 	dmb	sy
20000158:	2100      	movs	r1, #0
2000015a:	6011      	str	r1, [r2, #0]
2000015c:	f383 8810 	msr	PRIMASK, r3
20000160:	2001      	movs	r0, #1
20000162:	bdf8      	pop	{r3, r4, r5, r6, r7, pc}
20000164:	10008aa4 	.word	0x10008aa4
20000168:	10009758 	.word	0x10009758
2000016c:	10008a48 	.word	0x10008a48

20000170 <mutex_try_enter_block_until>:
20000170:	b5f0      	push	{r4, r5, r6, r7, lr}
20000172:	b083      	sub	sp, #12
20000174:	0005      	movs	r5, r0
20000176:	0016      	movs	r6, r2
20000178:	001f      	movs	r7, r3
2000017a:	a901      	add	r1, sp, #4
2000017c:	f7ff ffa0 	bl	200000c0 <mutex_try_enter>
20000180:	1e04      	subs	r4, r0, #0
20000182:	d002      	beq.n	2000018a <mutex_try_enter_block_until+0x1a>
20000184:	0020      	movs	r0, r4
20000186:	b003      	add	sp, #12
20000188:	bdf0      	pop	{r4, r5, r6, r7, pc}
2000018a:	f000 fcc5 	bl	20000b18 <__ulPortLockGetCurrentOwnerId_veneer>
2000018e:	9b01      	ldr	r3, [sp, #4]
20000190:	4298      	cmp	r0, r3
20000192:	d0f7      	beq.n	20000184 <mutex_try_enter_block_until+0x14>
20000194:	0032      	movs	r2, r6
20000196:	003b      	movs	r3, r7
20000198:	0028      	movs	r0, r5
2000019a:	f7ff ffb3 	bl	20000104 <mutex_enter_block_until>
2000019e:	0004      	movs	r4, r0
200001a0:	e7f0      	b.n	20000184 <mutex_try_enter_block_until+0x14>
	...

200001a4 <mutex_enter_timeout_ms>:
200001a4:	b5f8      	push	{r3, r4, r5, r6, r7, lr}
200001a6:	0007      	movs	r7, r0
200001a8:	000c      	movs	r4, r1
200001aa:	f000 fccd 	bl	20000b48 <__time_us_64_veneer>
200001ae:	0005      	movs	r5, r0
200001b0:	000e      	movs	r6, r1
200001b2:	22fa      	movs	r2, #250	@ 0xfa
200001b4:	0092      	lsls	r2, r2, #2
200001b6:	2300      	movs	r3, #0
200001b8:	0020      	movs	r0, r4
200001ba:	2100      	movs	r1, #0
200001bc:	f000 fc9c 	bl	20000af8 <____wrap___aeabi_lmul_veneer>
200001c0:	002a      	movs	r2, r5
200001c2:	0033      	movs	r3, r6
200001c4:	1812      	adds	r2, r2, r0
200001c6:	414b      	adcs	r3, r1
200001c8:	2b00      	cmp	r3, #0
200001ca:	db03      	blt.n	200001d4 <mutex_enter_timeout_ms+0x30>
200001cc:	0038      	movs	r0, r7
200001ce:	f7ff ff99 	bl	20000104 <mutex_enter_block_until>
200001d2:	bdf8      	pop	{r3, r4, r5, r6, r7, pc}
200001d4:	2201      	movs	r2, #1
200001d6:	4252      	negs	r2, r2
200001d8:	4b00      	ldr	r3, [pc, #0]	@ (200001dc <mutex_enter_timeout_ms+0x38>)
200001da:	e7f7      	b.n	200001cc <mutex_enter_timeout_ms+0x28>
200001dc:	7fffffff 	.word	0x7fffffff

200001e0 <mutex_exit>:
200001e0:	b510      	push	{r4, lr}
200001e2:	6802      	ldr	r2, [r0, #0]
200001e4:	f3ef 8110 	mrs	r1, PRIMASK
200001e8:	b672      	cpsid	i
200001ea:	6813      	ldr	r3, [r2, #0]
200001ec:	2b00      	cmp	r3, #0
200001ee:	d0fc      	beq.n	200001ea <mutex_exit+0xa>
200001f0:	f3bf 8f5f 	dmb	sy
200001f4:	6843      	ldr	r3, [r0, #4]
200001f6:	3301      	adds	r3, #1
200001f8:	d005      	beq.n	20000206 <mutex_exit+0x26>
200001fa:	2301      	movs	r3, #1
200001fc:	425b      	negs	r3, r3
200001fe:	6043      	str	r3, [r0, #4]
20000200:	f000 fc92 	bl	20000b28 <__vPortLockInternalSpinUnlockWithNotify_veneer>
20000204:	bd10      	pop	{r4, pc}
20000206:	4b03      	ldr	r3, [pc, #12]	@ (20000214 <mutex_exit+0x34>)
20000208:	4a03      	ldr	r2, [pc, #12]	@ (20000218 <mutex_exit+0x38>)
2000020a:	4804      	ldr	r0, [pc, #16]	@ (2000021c <mutex_exit+0x3c>)
2000020c:	21d9      	movs	r1, #217	@ 0xd9
2000020e:	f000 fcb3 	bl	20000b78 <____assert_func_veneer>
20000212:	46c0      	nop			@ (mov r8, r8)
20000214:	10008ab8 	.word	0x10008ab8
20000218:	1000974c 	.word	0x1000974c
2000021c:	10008a48 	.word	0x10008a48

20000220 <flash_init_boot2_copyout>:
20000220:	4b09      	ldr	r3, [pc, #36]	@ (20000248 <flash_init_boot2_copyout+0x28>)
20000222:	781b      	ldrb	r3, [r3, #0]
20000224:	2b00      	cmp	r3, #0
20000226:	d008      	beq.n	2000023a <flash_init_boot2_copyout+0x1a>
20000228:	e00c      	b.n	20000244 <flash_init_boot2_copyout+0x24>
2000022a:	009a      	lsls	r2, r3, #2
2000022c:	2180      	movs	r1, #128	@ 0x80
2000022e:	0549      	lsls	r1, r1, #21
20000230:	1851      	adds	r1, r2, r1
20000232:	6808      	ldr	r0, [r1, #0]
20000234:	4905      	ldr	r1, [pc, #20]	@ (2000024c <flash_init_boot2_copyout+0x2c>)
20000236:	5050      	str	r0, [r2, r1]
20000238:	3301      	adds	r3, #1
2000023a:	2b3f      	cmp	r3, #63	@ 0x3f
2000023c:	ddf5      	ble.n	2000022a <flash_init_boot2_copyout+0xa>
2000023e:	4b02      	ldr	r3, [pc, #8]	@ (20000248 <flash_init_boot2_copyout+0x28>)
20000240:	2201      	movs	r2, #1
20000242:	701a      	strb	r2, [r3, #0]
20000244:	4770      	bx	lr
20000246:	46c0      	nop			@ (mov r8, r8)
20000248:	20011abb 	.word	0x20011abb
2000024c:	20001114 	.word	0x20001114

20000250 <flash_enable_xip_via_boot2>:
20000250:	b510      	push	{r4, lr}
20000252:	4b01      	ldr	r3, [pc, #4]	@ (20000258 <flash_enable_xip_via_boot2+0x8>)
20000254:	4798      	blx	r3
20000256:	bd10      	pop	{r4, pc}
20000258:	20001115 	.word	0x20001115

2000025c <flash_save_hardware_state>:
2000025c:	2200      	movs	r2, #0
2000025e:	e006      	b.n	2000026e <flash_save_hardware_state+0x12>
20000260:	0093      	lsls	r3, r2, #2
20000262:	4906      	ldr	r1, [pc, #24]	@ (2000027c <flash_save_hardware_state+0x20>)
20000264:	1859      	adds	r1, r3, r1
20000266:	6849      	ldr	r1, [r1, #4]
20000268:	18c3      	adds	r3, r0, r3
2000026a:	6059      	str	r1, [r3, #4]
2000026c:	3201      	adds	r2, #1
2000026e:	2a05      	cmp	r2, #5
20000270:	d9f6      	bls.n	20000260 <flash_save_hardware_state+0x4>
20000272:	23a0      	movs	r3, #160	@ 0xa0
20000274:	055b      	lsls	r3, r3, #21
20000276:	681b      	ldr	r3, [r3, #0]
20000278:	6003      	str	r3, [r0, #0]
2000027a:	4770      	bx	lr
2000027c:	40020000 	.word	0x40020000

20000280 <flash_restore_hardware_state>:
20000280:	b510      	push	{r4, lr}
20000282:	2200      	movs	r2, #0
20000284:	e007      	b.n	20000296 <flash_restore_hardware_state+0x16>
20000286:	0093      	lsls	r3, r2, #2
20000288:	18c1      	adds	r1, r0, r3
2000028a:	6849      	ldr	r1, [r1, #4]
2000028c:	4c05      	ldr	r4, [pc, #20]	@ (200002a4 <flash_restore_hardware_state+0x24>)
2000028e:	46a4      	mov	ip, r4
20000290:	4463      	add	r3, ip
20000292:	6059      	str	r1, [r3, #4]
20000294:	3201      	adds	r2, #1
20000296:	2a05      	cmp	r2, #5
20000298:	d9f5      	bls.n	20000286 <flash_restore_hardware_state+0x6>
2000029a:	6802      	ldr	r2, [r0, #0]
2000029c:	23a0      	movs	r3, #160	@ 0xa0
2000029e:	055b      	lsls	r3, r3, #21
200002a0:	601a      	str	r2, [r3, #0]
200002a2:	bd10      	pop	{r4, pc}
200002a4:	40020000 	.word	0x40020000

200002a8 <flash_do_cmd_cs>:
200002a8:	b5f0      	push	{r4, r5, r6, r7, lr}
200002aa:	46d6      	mov	lr, sl
200002ac:	464f      	mov	r7, r9
200002ae:	4646      	mov	r6, r8
200002b0:	b5c0      	push	{r6, r7, lr}
200002b2:	b088      	sub	sp, #32
200002b4:	4682      	mov	sl, r0
200002b6:	000d      	movs	r5, r1
200002b8:	0014      	movs	r4, r2
200002ba:	2618      	movs	r6, #24
200002bc:	8833      	ldrh	r3, [r6, #0]
200002be:	2714      	movs	r7, #20
200002c0:	8838      	ldrh	r0, [r7, #0]
200002c2:	4932      	ldr	r1, [pc, #200]	@ (2000038c <flash_do_cmd_cs+0xe4>)
200002c4:	4798      	blx	r3
200002c6:	4681      	mov	r9, r0
200002c8:	8833      	ldrh	r3, [r6, #0]
200002ca:	8838      	ldrh	r0, [r7, #0]
200002cc:	4930      	ldr	r1, [pc, #192]	@ (20000390 <flash_do_cmd_cs+0xe8>)
200002ce:	4798      	blx	r3
200002d0:	4680      	mov	r8, r0
200002d2:	8833      	ldrh	r3, [r6, #0]
200002d4:	8838      	ldrh	r0, [r7, #0]
200002d6:	492f      	ldr	r1, [pc, #188]	@ (20000394 <flash_do_cmd_cs+0xec>)
200002d8:	4798      	blx	r3
200002da:	0007      	movs	r7, r0
200002dc:	464b      	mov	r3, r9
200002de:	2b00      	cmp	r3, #0
200002e0:	d017      	beq.n	20000312 <flash_do_cmd_cs+0x6a>
200002e2:	4643      	mov	r3, r8
200002e4:	2b00      	cmp	r3, #0
200002e6:	d014      	beq.n	20000312 <flash_do_cmd_cs+0x6a>
200002e8:	2800      	cmp	r0, #0
200002ea:	d012      	beq.n	20000312 <flash_do_cmd_cs+0x6a>
200002ec:	f7ff ff98 	bl	20000220 <flash_init_boot2_copyout>
200002f0:	a801      	add	r0, sp, #4
200002f2:	f7ff ffb3 	bl	2000025c <flash_save_hardware_state>
200002f6:	47c8      	blx	r9
200002f8:	47c0      	blx	r8
200002fa:	4b27      	ldr	r3, [pc, #156]	@ (20000398 <flash_do_cmd_cs+0xf0>)
200002fc:	681a      	ldr	r2, [r3, #0]
200002fe:	2380      	movs	r3, #128	@ 0x80
20000300:	009b      	lsls	r3, r3, #2
20000302:	4053      	eors	r3, r2
20000304:	22c0      	movs	r2, #192	@ 0xc0
20000306:	0092      	lsls	r2, r2, #2
20000308:	4013      	ands	r3, r2
2000030a:	4a24      	ldr	r2, [pc, #144]	@ (2000039c <flash_do_cmd_cs+0xf4>)
2000030c:	6013      	str	r3, [r2, #0]
2000030e:	0021      	movs	r1, r4
20000310:	e010      	b.n	20000334 <flash_do_cmd_cs+0x8c>
20000312:	4b23      	ldr	r3, [pc, #140]	@ (200003a0 <flash_do_cmd_cs+0xf8>)
20000314:	4a23      	ldr	r2, [pc, #140]	@ (200003a4 <flash_do_cmd_cs+0xfc>)
20000316:	2196      	movs	r1, #150	@ 0x96
20000318:	4823      	ldr	r0, [pc, #140]	@ (200003a8 <flash_do_cmd_cs+0x100>)
2000031a:	0049      	lsls	r1, r1, #1
2000031c:	f000 fc2c 	bl	20000b78 <____assert_func_veneer>
20000320:	2b00      	cmp	r3, #0
20000322:	d007      	beq.n	20000334 <flash_do_cmd_cs+0x8c>
20000324:	2900      	cmp	r1, #0
20000326:	d005      	beq.n	20000334 <flash_do_cmd_cs+0x8c>
20000328:	23c0      	movs	r3, #192	@ 0xc0
2000032a:	055b      	lsls	r3, r3, #21
2000032c:	6e1b      	ldr	r3, [r3, #96]	@ 0x60
2000032e:	702b      	strb	r3, [r5, #0]
20000330:	3901      	subs	r1, #1
20000332:	3501      	adds	r5, #1
20000334:	0023      	movs	r3, r4
20000336:	430b      	orrs	r3, r1
20000338:	d014      	beq.n	20000364 <flash_do_cmd_cs+0xbc>
2000033a:	23c0      	movs	r3, #192	@ 0xc0
2000033c:	055b      	lsls	r3, r3, #21
2000033e:	6a9a      	ldr	r2, [r3, #40]	@ 0x28
20000340:	2308      	movs	r3, #8
20000342:	4013      	ands	r3, r2
20000344:	0792      	lsls	r2, r2, #30
20000346:	d5eb      	bpl.n	20000320 <flash_do_cmd_cs+0x78>
20000348:	2c00      	cmp	r4, #0
2000034a:	d0e9      	beq.n	20000320 <flash_do_cmd_cs+0x78>
2000034c:	1b0a      	subs	r2, r1, r4
2000034e:	2a0d      	cmp	r2, #13
20000350:	d8e6      	bhi.n	20000320 <flash_do_cmd_cs+0x78>
20000352:	4656      	mov	r6, sl
20000354:	7830      	ldrb	r0, [r6, #0]
20000356:	22c0      	movs	r2, #192	@ 0xc0
20000358:	0552      	lsls	r2, r2, #21
2000035a:	6610      	str	r0, [r2, #96]	@ 0x60
2000035c:	3c01      	subs	r4, #1
2000035e:	1c72      	adds	r2, r6, #1
20000360:	4692      	mov	sl, r2
20000362:	e7dd      	b.n	20000320 <flash_do_cmd_cs+0x78>
20000364:	4b0c      	ldr	r3, [pc, #48]	@ (20000398 <flash_do_cmd_cs+0xf0>)
20000366:	681a      	ldr	r2, [r3, #0]
20000368:	23c0      	movs	r3, #192	@ 0xc0
2000036a:	009b      	lsls	r3, r3, #2
2000036c:	4393      	bics	r3, r2
2000036e:	4a0b      	ldr	r2, [pc, #44]	@ (2000039c <flash_do_cmd_cs+0xf4>)
20000370:	6013      	str	r3, [r2, #0]
20000372:	47b8      	blx	r7
20000374:	f7ff ff6c 	bl	20000250 <flash_enable_xip_via_boot2>
20000378:	a801      	add	r0, sp, #4
2000037a:	f7ff ff81 	bl	20000280 <flash_restore_hardware_state>
2000037e:	b008      	add	sp, #32
20000380:	bce0      	pop	{r5, r6, r7}
20000382:	46ba      	mov	sl, r7
20000384:	46b1      	mov	r9, r6
20000386:	46a8      	mov	r8, r5
20000388:	bdf0      	pop	{r4, r5, r6, r7, pc}
2000038a:	46c0      	nop			@ (mov r8, r8)
2000038c:	00004649 	.word	0x00004649
20000390:	00005845 	.word	0x00005845
20000394:	00004346 	.word	0x00004346
20000398:	4001800c 	.word	0x4001800c
2000039c:	4001900c 	.word	0x4001900c
200003a0:	100091b8 	.word	0x100091b8
200003a4:	10009950 	.word	0x10009950
200003a8:	10009058 	.word	0x10009058

200003ac <reset_non_control_endpoints>:
200003ac:	b510      	push	{r4, lr}
200003ae:	2300      	movs	r3, #0
200003b0:	e008      	b.n	200003c4 <reset_non_control_endpoints+0x18>
200003b2:	3301      	adds	r3, #1
200003b4:	00da      	lsls	r2, r3, #3
200003b6:	2100      	movs	r1, #0
200003b8:	4808      	ldr	r0, [pc, #32]	@ (200003dc <reset_non_control_endpoints+0x30>)
200003ba:	5011      	str	r1, [r2, r0]
200003bc:	4684      	mov	ip, r0
200003be:	4462      	add	r2, ip
200003c0:	6051      	str	r1, [r2, #4]
200003c2:	b2db      	uxtb	r3, r3
200003c4:	2b0e      	cmp	r3, #14
200003c6:	d9f4      	bls.n	200003b2 <reset_non_control_endpoints+0x6>
200003c8:	4805      	ldr	r0, [pc, #20]	@ (200003e0 <reset_non_control_endpoints+0x34>)
200003ca:	22f0      	movs	r2, #240	@ 0xf0
200003cc:	0092      	lsls	r2, r2, #2
200003ce:	2100      	movs	r1, #0
200003d0:	f000 fbca 	bl	20000b68 <____wrap_memset_veneer>
200003d4:	4b03      	ldr	r3, [pc, #12]	@ (200003e4 <reset_non_control_endpoints+0x38>)
200003d6:	4a04      	ldr	r2, [pc, #16]	@ (200003e8 <reset_non_control_endpoints+0x3c>)
200003d8:	601a      	str	r2, [r3, #0]
200003da:	bd10      	pop	{r4, pc}
200003dc:	50100000 	.word	0x50100000
200003e0:	200012c0 	.word	0x200012c0
200003e4:	20001684 	.word	0x20001684
200003e8:	50100180 	.word	0x50100180

200003ec <hw_handle_buff_status>:
200003ec:	b5f0      	push	{r4, r5, r6, r7, lr}
200003ee:	46ce      	mov	lr, r9
200003f0:	4647      	mov	r7, r8
200003f2:	b580      	push	{r7, lr}
200003f4:	b085      	sub	sp, #20
200003f6:	4b21      	ldr	r3, [pc, #132]	@ (2000047c <hw_handle_buff_status+0x90>)
200003f8:	6d9f      	ldr	r7, [r3, #88]	@ 0x58
200003fa:	2400      	movs	r4, #0
200003fc:	2601      	movs	r6, #1
200003fe:	e003      	b.n	20000408 <hw_handle_buff_status+0x1c>
20000400:	43b7      	bics	r7, r6
20000402:	0076      	lsls	r6, r6, #1
20000404:	3401      	adds	r4, #1
20000406:	b2e4      	uxtb	r4, r4
20000408:	2f00      	cmp	r7, #0
2000040a:	d031      	beq.n	20000470 <hw_handle_buff_status+0x84>
2000040c:	2c1f      	cmp	r4, #31
2000040e:	d82f      	bhi.n	20000470 <hw_handle_buff_status+0x84>
20000410:	423e      	tst	r6, r7
20000412:	d0f6      	beq.n	20000402 <hw_handle_buff_status+0x16>
20000414:	4b1a      	ldr	r3, [pc, #104]	@ (20000480 <hw_handle_buff_status+0x94>)
20000416:	659e      	str	r6, [r3, #88]	@ 0x58
20000418:	0863      	lsrs	r3, r4, #1
2000041a:	4699      	mov	r9, r3
2000041c:	2301      	movs	r3, #1
2000041e:	4023      	ands	r3, r4
20000420:	2201      	movs	r2, #1
20000422:	4053      	eors	r3, r2
20000424:	b2db      	uxtb	r3, r3
20000426:	4698      	mov	r8, r3
20000428:	464b      	mov	r3, r9
2000042a:	005d      	lsls	r5, r3, #1
2000042c:	4445      	add	r5, r8
2000042e:	016d      	lsls	r5, r5, #5
20000430:	4b14      	ldr	r3, [pc, #80]	@ (20000484 <hw_handle_buff_status+0x98>)
20000432:	18ed      	adds	r5, r5, r3
20000434:	0028      	movs	r0, r5
20000436:	f000 fa43 	bl	200008c0 <hw_endpoint_xfer_continue>
2000043a:	2800      	cmp	r0, #0
2000043c:	d0e0      	beq.n	20000400 <hw_handle_buff_status+0x14>
2000043e:	4a11      	ldr	r2, [pc, #68]	@ (20000484 <hw_handle_buff_status+0x98>)
20000440:	464b      	mov	r3, r9
20000442:	005b      	lsls	r3, r3, #1
20000444:	4443      	add	r3, r8
20000446:	015b      	lsls	r3, r3, #5
20000448:	18d3      	adds	r3, r2, r3
2000044a:	7899      	ldrb	r1, [r3, #2]
2000044c:	8ada      	ldrh	r2, [r3, #22]
2000044e:	a801      	add	r0, sp, #4
20000450:	2300      	movs	r3, #0
20000452:	4698      	mov	r8, r3
20000454:	7003      	strb	r3, [r0, #0]
20000456:	3307      	adds	r3, #7
20000458:	7043      	strb	r3, [r0, #1]
2000045a:	7101      	strb	r1, [r0, #4]
2000045c:	6082      	str	r2, [r0, #8]
2000045e:	4643      	mov	r3, r8
20000460:	7143      	strb	r3, [r0, #5]
20000462:	2101      	movs	r1, #1
20000464:	f000 fa4c 	bl	20000900 <dcd_event_handler>
20000468:	0028      	movs	r0, r5
2000046a:	f000 f9bf 	bl	200007ec <hw_endpoint_reset_transfer>
2000046e:	e7c7      	b.n	20000400 <hw_handle_buff_status+0x14>
20000470:	b005      	add	sp, #20
20000472:	bcc0      	pop	{r6, r7}
20000474:	46b9      	mov	r9, r7
20000476:	46b0      	mov	r8, r6
20000478:	bdf0      	pop	{r4, r5, r6, r7, pc}
2000047a:	46c0      	nop			@ (mov r8, r8)
2000047c:	50110000 	.word	0x50110000
20000480:	50113000 	.word	0x50113000
20000484:	20001280 	.word	0x20001280

20000488 <dcd_rp2040_irq>:
20000488:	b5f0      	push	{r4, r5, r6, r7, lr}
2000048a:	46ce      	mov	lr, r9
2000048c:	4647      	mov	r7, r8
2000048e:	b580      	push	{r7, lr}
20000490:	b085      	sub	sp, #20
20000492:	4a73      	ldr	r2, [pc, #460]	@ (20000660 <dcd_rp2040_irq+0x1d8>)
20000494:	2398      	movs	r3, #152	@ 0x98
20000496:	58d5      	ldr	r5, [r2, r3]
20000498:	2380      	movs	r3, #128	@ 0x80
2000049a:	029b      	lsls	r3, r3, #10
2000049c:	002f      	movs	r7, r5
2000049e:	401f      	ands	r7, r3
200004a0:	421d      	tst	r5, r3
200004a2:	d045      	beq.n	20000530 <dcd_rp2040_irq+0xa8>
200004a4:	4b6f      	ldr	r3, [pc, #444]	@ (20000664 <dcd_rp2040_irq+0x1dc>)
200004a6:	6a9a      	ldr	r2, [r3, #40]	@ 0x28
200004a8:	4b6f      	ldr	r3, [pc, #444]	@ (20000668 <dcd_rp2040_irq+0x1e0>)
200004aa:	601a      	str	r2, [r3, #0]
200004ac:	2400      	movs	r4, #0
200004ae:	2100      	movs	r1, #0
200004b0:	e009      	b.n	200004c6 <dcd_rp2040_irq+0x3e>
200004b2:	4b6e      	ldr	r3, [pc, #440]	@ (2000066c <dcd_rp2040_irq+0x1e4>)
200004b4:	185b      	adds	r3, r3, r1
200004b6:	333c      	adds	r3, #60	@ 0x3c
200004b8:	2200      	movs	r2, #0
200004ba:	701a      	strb	r2, [r3, #0]
200004bc:	f000 f9c2 	bl	20000844 <hw_endpoint_start_next_buffer>
200004c0:	0031      	movs	r1, r6
200004c2:	3401      	adds	r4, #1
200004c4:	b2e4      	uxtb	r4, r4
200004c6:	2c0f      	cmp	r4, #15
200004c8:	d818      	bhi.n	200004fc <dcd_rp2040_irq+0x74>
200004ca:	01a6      	lsls	r6, r4, #6
200004cc:	0030      	movs	r0, r6
200004ce:	3020      	adds	r0, #32
200004d0:	4b66      	ldr	r3, [pc, #408]	@ (2000066c <dcd_rp2040_irq+0x1e4>)
200004d2:	18c0      	adds	r0, r0, r3
200004d4:	199b      	adds	r3, r3, r6
200004d6:	333b      	adds	r3, #59	@ 0x3b
200004d8:	781b      	ldrb	r3, [r3, #0]
200004da:	2b02      	cmp	r3, #2
200004dc:	d1f1      	bne.n	200004c2 <dcd_rp2040_irq+0x3a>
200004de:	4b63      	ldr	r3, [pc, #396]	@ (2000066c <dcd_rp2040_irq+0x1e4>)
200004e0:	199b      	adds	r3, r3, r6
200004e2:	333a      	adds	r3, #58	@ 0x3a
200004e4:	781e      	ldrb	r6, [r3, #0]
200004e6:	2e00      	cmp	r6, #0
200004e8:	d0eb      	beq.n	200004c2 <dcd_rp2040_irq+0x3a>
200004ea:	4b60      	ldr	r3, [pc, #384]	@ (2000066c <dcd_rp2040_irq+0x1e4>)
200004ec:	01a1      	lsls	r1, r4, #6
200004ee:	185b      	adds	r3, r3, r1
200004f0:	333c      	adds	r3, #60	@ 0x3c
200004f2:	781b      	ldrb	r3, [r3, #0]
200004f4:	2b00      	cmp	r3, #0
200004f6:	d1dc      	bne.n	200004b2 <dcd_rp2040_irq+0x2a>
200004f8:	0031      	movs	r1, r6
200004fa:	e7e2      	b.n	200004c2 <dcd_rp2040_irq+0x3a>
200004fc:	2900      	cmp	r1, #0
200004fe:	d108      	bne.n	20000512 <dcd_rp2040_irq+0x8a>
20000500:	4b5b      	ldr	r3, [pc, #364]	@ (20000670 <dcd_rp2040_irq+0x1e8>)
20000502:	781b      	ldrb	r3, [r3, #0]
20000504:	2b00      	cmp	r3, #0
20000506:	d104      	bne.n	20000512 <dcd_rp2040_irq+0x8a>
20000508:	4a5a      	ldr	r2, [pc, #360]	@ (20000674 <dcd_rp2040_irq+0x1ec>)
2000050a:	3390      	adds	r3, #144	@ 0x90
2000050c:	2180      	movs	r1, #128	@ 0x80
2000050e:	0289      	lsls	r1, r1, #10
20000510:	50d1      	str	r1, [r2, r3]
20000512:	4b53      	ldr	r3, [pc, #332]	@ (20000660 <dcd_rp2040_irq+0x1d8>)
20000514:	6c9b      	ldr	r3, [r3, #72]	@ 0x48
20000516:	055b      	lsls	r3, r3, #21
20000518:	0d5b      	lsrs	r3, r3, #21
2000051a:	a801      	add	r0, sp, #4
2000051c:	2200      	movs	r2, #0
2000051e:	7002      	strb	r2, [r0, #0]
20000520:	3203      	adds	r2, #3
20000522:	7042      	strb	r2, [r0, #1]
20000524:	6043      	str	r3, [r0, #4]
20000526:	2101      	movs	r1, #1
20000528:	f000 f9ea 	bl	20000900 <dcd_event_handler>
2000052c:	2780      	movs	r7, #128	@ 0x80
2000052e:	02bf      	lsls	r7, r7, #10
20000530:	06eb      	lsls	r3, r5, #27
20000532:	d406      	bmi.n	20000542 <dcd_rp2040_irq+0xba>
20000534:	03eb      	lsls	r3, r5, #15
20000536:	d54d      	bpl.n	200005d4 <dcd_rp2040_irq+0x14c>
20000538:	2380      	movs	r3, #128	@ 0x80
2000053a:	025b      	lsls	r3, r3, #9
2000053c:	431f      	orrs	r7, r3
2000053e:	2400      	movs	r4, #0
20000540:	e016      	b.n	20000570 <dcd_rp2040_irq+0xe8>
20000542:	2310      	movs	r3, #16
20000544:	431f      	orrs	r7, r3
20000546:	f7ff ff51 	bl	200003ec <hw_handle_buff_status>
2000054a:	e7f3      	b.n	20000534 <dcd_rp2040_irq+0xac>
2000054c:	2602      	movs	r6, #2
2000054e:	e01c      	b.n	2000058a <dcd_rp2040_irq+0x102>
20000550:	4b49      	ldr	r3, [pc, #292]	@ (20000678 <dcd_rp2040_irq+0x1f0>)
20000552:	661e      	str	r6, [r3, #96]	@ 0x60
20000554:	4b42      	ldr	r3, [pc, #264]	@ (20000660 <dcd_rp2040_irq+0x1d8>)
20000556:	6e5b      	ldr	r3, [r3, #100]	@ 0x64
20000558:	4033      	ands	r3, r6
2000055a:	429e      	cmp	r6, r3
2000055c:	d1fa      	bne.n	20000554 <dcd_rp2040_irq+0xcc>
2000055e:	e018      	b.n	20000592 <dcd_rp2040_irq+0x10a>
20000560:	4b42      	ldr	r3, [pc, #264]	@ (2000066c <dcd_rp2040_irq+0x1e4>)
20000562:	464a      	mov	r2, r9
20000564:	0152      	lsls	r2, r2, #5
20000566:	189b      	adds	r3, r3, r2
20000568:	2201      	movs	r2, #1
2000056a:	70da      	strb	r2, [r3, #3]
2000056c:	3401      	adds	r4, #1
2000056e:	b2e4      	uxtb	r4, r4
20000570:	2c01      	cmp	r4, #1
20000572:	d81f      	bhi.n	200005b4 <dcd_rp2040_irq+0x12c>
20000574:	46a1      	mov	r9, r4
20000576:	0166      	lsls	r6, r4, #5
20000578:	4b3c      	ldr	r3, [pc, #240]	@ (2000066c <dcd_rp2040_irq+0x1e4>)
2000057a:	18f3      	adds	r3, r6, r3
2000057c:	4698      	mov	r8, r3
2000057e:	7e9b      	ldrb	r3, [r3, #26]
20000580:	2b00      	cmp	r3, #0
20000582:	d0ed      	beq.n	20000560 <dcd_rp2040_irq+0xd8>
20000584:	2c00      	cmp	r4, #0
20000586:	d0e1      	beq.n	2000054c <dcd_rp2040_irq+0xc4>
20000588:	2601      	movs	r6, #1
2000058a:	f000 fafd 	bl	20000b88 <__rp2040_chip_version_veneer>
2000058e:	2801      	cmp	r0, #1
20000590:	d8de      	bhi.n	20000550 <dcd_rp2040_irq+0xc8>
20000592:	22c0      	movs	r2, #192	@ 0xc0
20000594:	0192      	lsls	r2, r2, #6
20000596:	2100      	movs	r1, #0
20000598:	4640      	mov	r0, r8
2000059a:	f000 f92d 	bl	200007f8 <_hw_endpoint_buffer_control_update32>
2000059e:	4640      	mov	r0, r8
200005a0:	f000 f924 	bl	200007ec <hw_endpoint_reset_transfer>
200005a4:	f000 faf0 	bl	20000b88 <__rp2040_chip_version_veneer>
200005a8:	2801      	cmp	r0, #1
200005aa:	d9d9      	bls.n	20000560 <dcd_rp2040_irq+0xd8>
200005ac:	4b31      	ldr	r3, [pc, #196]	@ (20000674 <dcd_rp2040_irq+0x1ec>)
200005ae:	665e      	str	r6, [r3, #100]	@ 0x64
200005b0:	661e      	str	r6, [r3, #96]	@ 0x60
200005b2:	e7d5      	b.n	20000560 <dcd_rp2040_irq+0xd8>
200005b4:	a801      	add	r0, sp, #4
200005b6:	2300      	movs	r3, #0
200005b8:	7003      	strb	r3, [r0, #0]
200005ba:	3306      	adds	r3, #6
200005bc:	7043      	strb	r3, [r0, #1]
200005be:	4a2f      	ldr	r2, [pc, #188]	@ (2000067c <dcd_rp2040_irq+0x1f4>)
200005c0:	ab02      	add	r3, sp, #8
200005c2:	ca12      	ldmia	r2!, {r1, r4}
200005c4:	c312      	stmia	r3!, {r1, r4}
200005c6:	2101      	movs	r1, #1
200005c8:	f000 f99a 	bl	20000900 <dcd_event_handler>
200005cc:	4b29      	ldr	r3, [pc, #164]	@ (20000674 <dcd_rp2040_irq+0x1ec>)
200005ce:	2280      	movs	r2, #128	@ 0x80
200005d0:	0292      	lsls	r2, r2, #10
200005d2:	651a      	str	r2, [r3, #80]	@ 0x50
200005d4:	04eb      	lsls	r3, r5, #19
200005d6:	d40a      	bmi.n	200005ee <dcd_rp2040_irq+0x166>
200005d8:	046b      	lsls	r3, r5, #17
200005da:	d41d      	bmi.n	20000618 <dcd_rp2040_irq+0x190>
200005dc:	042b      	lsls	r3, r5, #16
200005de:	d42a      	bmi.n	20000636 <dcd_rp2040_irq+0x1ae>
200005e0:	42af      	cmp	r7, r5
200005e2:	d138      	bne.n	20000656 <dcd_rp2040_irq+0x1ce>
200005e4:	b005      	add	sp, #20
200005e6:	bcc0      	pop	{r6, r7}
200005e8:	46b9      	mov	r9, r7
200005ea:	46b0      	mov	r8, r6
200005ec:	bdf0      	pop	{r4, r5, r6, r7, pc}
200005ee:	2380      	movs	r3, #128	@ 0x80
200005f0:	015b      	lsls	r3, r3, #5
200005f2:	431f      	orrs	r7, r3
200005f4:	2400      	movs	r4, #0
200005f6:	4b1a      	ldr	r3, [pc, #104]	@ (20000660 <dcd_rp2040_irq+0x1d8>)
200005f8:	601c      	str	r4, [r3, #0]
200005fa:	f7ff fed7 	bl	200003ac <reset_non_control_endpoints>
200005fe:	a801      	add	r0, sp, #4
20000600:	7004      	strb	r4, [r0, #0]
20000602:	2301      	movs	r3, #1
20000604:	7043      	strb	r3, [r0, #1]
20000606:	7104      	strb	r4, [r0, #4]
20000608:	2101      	movs	r1, #1
2000060a:	f000 f979 	bl	20000900 <dcd_event_handler>
2000060e:	4b19      	ldr	r3, [pc, #100]	@ (20000674 <dcd_rp2040_irq+0x1ec>)
20000610:	2280      	movs	r2, #128	@ 0x80
20000612:	0312      	lsls	r2, r2, #12
20000614:	651a      	str	r2, [r3, #80]	@ 0x50
20000616:	e7df      	b.n	200005d8 <dcd_rp2040_irq+0x150>
20000618:	2380      	movs	r3, #128	@ 0x80
2000061a:	01db      	lsls	r3, r3, #7
2000061c:	431f      	orrs	r7, r3
2000061e:	a801      	add	r0, sp, #4
20000620:	2300      	movs	r3, #0
20000622:	7003      	strb	r3, [r0, #0]
20000624:	3304      	adds	r3, #4
20000626:	7043      	strb	r3, [r0, #1]
20000628:	2101      	movs	r1, #1
2000062a:	f000 f969 	bl	20000900 <dcd_event_handler>
2000062e:	4b11      	ldr	r3, [pc, #68]	@ (20000674 <dcd_rp2040_irq+0x1ec>)
20000630:	2210      	movs	r2, #16
20000632:	651a      	str	r2, [r3, #80]	@ 0x50
20000634:	e7d2      	b.n	200005dc <dcd_rp2040_irq+0x154>
20000636:	2380      	movs	r3, #128	@ 0x80
20000638:	021b      	lsls	r3, r3, #8
2000063a:	431f      	orrs	r7, r3
2000063c:	a801      	add	r0, sp, #4
2000063e:	2300      	movs	r3, #0
20000640:	7003      	strb	r3, [r0, #0]
20000642:	3305      	adds	r3, #5
20000644:	7043      	strb	r3, [r0, #1]
20000646:	2101      	movs	r1, #1
20000648:	f000 f95a 	bl	20000900 <dcd_event_handler>
2000064c:	4b09      	ldr	r3, [pc, #36]	@ (20000674 <dcd_rp2040_irq+0x1ec>)
2000064e:	2280      	movs	r2, #128	@ 0x80
20000650:	0112      	lsls	r2, r2, #4
20000652:	651a      	str	r2, [r3, #80]	@ 0x50
20000654:	e7c4      	b.n	200005e0 <dcd_rp2040_irq+0x158>
20000656:	0039      	movs	r1, r7
20000658:	4069      	eors	r1, r5
2000065a:	4809      	ldr	r0, [pc, #36]	@ (20000680 <dcd_rp2040_irq+0x1f8>)
2000065c:	f000 faa4 	bl	20000ba8 <__panic_veneer>
20000660:	50110000 	.word	0x50110000
20000664:	40054000 	.word	0x40054000
20000668:	20001278 	.word	0x20001278
2000066c:	20001280 	.word	0x20001280
20000670:	20011ab9 	.word	0x20011ab9
20000674:	50113000 	.word	0x50113000
20000678:	50112000 	.word	0x50112000
2000067c:	50100000 	.word	0x50100000
20000680:	100092bc 	.word	0x100092bc

20000684 <prepare_ep_buffer>:
20000684:	b5f8      	push	{r3, r4, r5, r6, r7, lr}
20000686:	0004      	movs	r4, r0
20000688:	000f      	movs	r7, r1
2000068a:	8a83      	ldrh	r3, [r0, #20]
2000068c:	8b02      	ldrh	r2, [r0, #24]
2000068e:	1c1e      	adds	r6, r3, #0
20000690:	4293      	cmp	r3, r2
20000692:	d900      	bls.n	20000696 <prepare_ep_buffer+0x12>
20000694:	1c16      	adds	r6, r2, #0
20000696:	b2b6      	uxth	r6, r6
20000698:	1b9b      	subs	r3, r3, r6
2000069a:	82a3      	strh	r3, [r4, #20]
2000069c:	2280      	movs	r2, #128	@ 0x80
2000069e:	00d2      	lsls	r2, r2, #3
200006a0:	4332      	orrs	r2, r6
200006a2:	78e3      	ldrb	r3, [r4, #3]
200006a4:	2b00      	cmp	r3, #0
200006a6:	d013      	beq.n	200006d0 <prepare_ep_buffer+0x4c>
200006a8:	2580      	movs	r5, #128	@ 0x80
200006aa:	01ad      	lsls	r5, r5, #6
200006ac:	4315      	orrs	r5, r2
200006ae:	2201      	movs	r2, #1
200006b0:	4053      	eors	r3, r2
200006b2:	70e3      	strb	r3, [r4, #3]
200006b4:	7863      	ldrb	r3, [r4, #1]
200006b6:	2b00      	cmp	r3, #0
200006b8:	d00c      	beq.n	200006d4 <prepare_ep_buffer+0x50>
200006ba:	8aa3      	ldrh	r3, [r4, #20]
200006bc:	2b00      	cmp	r3, #0
200006be:	d102      	bne.n	200006c6 <prepare_ep_buffer+0x42>
200006c0:	2380      	movs	r3, #128	@ 0x80
200006c2:	01db      	lsls	r3, r3, #7
200006c4:	431d      	orrs	r5, r3
200006c6:	2f00      	cmp	r7, #0
200006c8:	d000      	beq.n	200006cc <prepare_ep_buffer+0x48>
200006ca:	042d      	lsls	r5, r5, #16
200006cc:	0028      	movs	r0, r5
200006ce:	bdf8      	pop	{r3, r4, r5, r6, r7, pc}
200006d0:	2500      	movs	r5, #0
200006d2:	e7eb      	b.n	200006ac <prepare_ep_buffer+0x28>
200006d4:	68e0      	ldr	r0, [r4, #12]
200006d6:	01bb      	lsls	r3, r7, #6
200006d8:	18c0      	adds	r0, r0, r3
200006da:	6921      	ldr	r1, [r4, #16]
200006dc:	0032      	movs	r2, r6
200006de:	f000 fa13 	bl	20000b08 <__unaligned_memcpy_veneer>
200006e2:	6923      	ldr	r3, [r4, #16]
200006e4:	199b      	adds	r3, r3, r6
200006e6:	6123      	str	r3, [r4, #16]
200006e8:	2380      	movs	r3, #128	@ 0x80
200006ea:	021b      	lsls	r3, r3, #8
200006ec:	431d      	orrs	r5, r3
200006ee:	e7e4      	b.n	200006ba <prepare_ep_buffer+0x36>

200006f0 <e15_is_bulkin_ep>:
200006f0:	4b09      	ldr	r3, [pc, #36]	@ (20000718 <e15_is_bulkin_ep+0x28>)
200006f2:	6c1b      	ldr	r3, [r3, #64]	@ 0x40
200006f4:	079b      	lsls	r3, r3, #30
200006f6:	d40c      	bmi.n	20000712 <e15_is_bulkin_ep+0x22>
200006f8:	7883      	ldrb	r3, [r0, #2]
200006fa:	09db      	lsrs	r3, r3, #7
200006fc:	2b01      	cmp	r3, #1
200006fe:	d001      	beq.n	20000704 <e15_is_bulkin_ep+0x14>
20000700:	2000      	movs	r0, #0
20000702:	e007      	b.n	20000714 <e15_is_bulkin_ep+0x24>
20000704:	7ec3      	ldrb	r3, [r0, #27]
20000706:	2b02      	cmp	r3, #2
20000708:	d001      	beq.n	2000070e <e15_is_bulkin_ep+0x1e>
2000070a:	2000      	movs	r0, #0
2000070c:	e002      	b.n	20000714 <e15_is_bulkin_ep+0x24>
2000070e:	2001      	movs	r0, #1
20000710:	e000      	b.n	20000714 <e15_is_bulkin_ep+0x24>
20000712:	2000      	movs	r0, #0
20000714:	4770      	bx	lr
20000716:	46c0      	nop			@ (mov r8, r8)
20000718:	50110000 	.word	0x50110000

2000071c <e15_is_critical_frame_period>:
2000071c:	b510      	push	{r4, lr}
2000071e:	f7ff ffe7 	bl	200006f0 <e15_is_bulkin_ep>
20000722:	2800      	cmp	r0, #0
20000724:	d009      	beq.n	2000073a <e15_is_critical_frame_period+0x1e>
20000726:	4b06      	ldr	r3, [pc, #24]	@ (20000740 <e15_is_critical_frame_period+0x24>)
20000728:	6a9b      	ldr	r3, [r3, #40]	@ 0x28
2000072a:	4a06      	ldr	r2, [pc, #24]	@ (20000744 <e15_is_critical_frame_period+0x28>)
2000072c:	6812      	ldr	r2, [r2, #0]
2000072e:	1a9b      	subs	r3, r3, r2
20000730:	4a05      	ldr	r2, [pc, #20]	@ (20000748 <e15_is_critical_frame_period+0x2c>)
20000732:	4694      	mov	ip, r2
20000734:	4463      	add	r3, ip
20000736:	2bc6      	cmp	r3, #198	@ 0xc6
20000738:	d800      	bhi.n	2000073c <e15_is_critical_frame_period+0x20>
2000073a:	bd10      	pop	{r4, pc}
2000073c:	2000      	movs	r0, #0
2000073e:	e7fc      	b.n	2000073a <e15_is_critical_frame_period+0x1e>
20000740:	40054000 	.word	0x40054000
20000744:	20001278 	.word	0x20001278
20000748:	fffffce0 	.word	0xfffffce0

2000074c <sync_ep_buffer>:
2000074c:	b570      	push	{r4, r5, r6, lr}
2000074e:	0004      	movs	r4, r0
20000750:	6883      	ldr	r3, [r0, #8]
20000752:	681b      	ldr	r3, [r3, #0]
20000754:	2900      	cmp	r1, #0
20000756:	d000      	beq.n	2000075a <sync_ep_buffer+0xe>
20000758:	0c1b      	lsrs	r3, r3, #16
2000075a:	059d      	lsls	r5, r3, #22
2000075c:	0dad      	lsrs	r5, r5, #22
2000075e:	7862      	ldrb	r2, [r4, #1]
20000760:	2a00      	cmp	r2, #0
20000762:	d111      	bne.n	20000788 <sync_ep_buffer+0x3c>
20000764:	041b      	lsls	r3, r3, #16
20000766:	d409      	bmi.n	2000077c <sync_ep_buffer+0x30>
20000768:	8ae3      	ldrh	r3, [r4, #22]
2000076a:	195b      	adds	r3, r3, r5
2000076c:	82e3      	strh	r3, [r4, #22]
2000076e:	8b23      	ldrh	r3, [r4, #24]
20000770:	42ab      	cmp	r3, r5
20000772:	d901      	bls.n	20000778 <sync_ep_buffer+0x2c>
20000774:	2300      	movs	r3, #0
20000776:	82a3      	strh	r3, [r4, #20]
20000778:	0028      	movs	r0, r5
2000077a:	bd70      	pop	{r4, r5, r6, pc}
2000077c:	4b0d      	ldr	r3, [pc, #52]	@ (200007b4 <sync_ep_buffer+0x68>)
2000077e:	4a0e      	ldr	r2, [pc, #56]	@ (200007b8 <sync_ep_buffer+0x6c>)
20000780:	480e      	ldr	r0, [pc, #56]	@ (200007bc <sync_ep_buffer+0x70>)
20000782:	21e8      	movs	r1, #232	@ 0xe8
20000784:	f000 f9f8 	bl	20000b78 <____assert_func_veneer>
20000788:	041b      	lsls	r3, r3, #16
2000078a:	d50d      	bpl.n	200007a8 <sync_ep_buffer+0x5c>
2000078c:	6920      	ldr	r0, [r4, #16]
2000078e:	68e3      	ldr	r3, [r4, #12]
20000790:	0189      	lsls	r1, r1, #6
20000792:	1859      	adds	r1, r3, r1
20000794:	002a      	movs	r2, r5
20000796:	f000 f9b7 	bl	20000b08 <__unaligned_memcpy_veneer>
2000079a:	8ae3      	ldrh	r3, [r4, #22]
2000079c:	195b      	adds	r3, r3, r5
2000079e:	82e3      	strh	r3, [r4, #22]
200007a0:	6923      	ldr	r3, [r4, #16]
200007a2:	195b      	adds	r3, r3, r5
200007a4:	6123      	str	r3, [r4, #16]
200007a6:	e7e2      	b.n	2000076e <sync_ep_buffer+0x22>
200007a8:	4b05      	ldr	r3, [pc, #20]	@ (200007c0 <sync_ep_buffer+0x74>)
200007aa:	4a03      	ldr	r2, [pc, #12]	@ (200007b8 <sync_ep_buffer+0x6c>)
200007ac:	4803      	ldr	r0, [pc, #12]	@ (200007bc <sync_ep_buffer+0x70>)
200007ae:	21ee      	movs	r1, #238	@ 0xee
200007b0:	f000 f9e2 	bl	20000b78 <____assert_func_veneer>
200007b4:	100092dc 	.word	0x100092dc
200007b8:	10009a9c 	.word	0x10009a9c
200007bc:	100092fc 	.word	0x100092fc
200007c0:	1000936c 	.word	0x1000936c

200007c4 <_hw_endpoint_xfer_sync>:
200007c4:	b510      	push	{r4, lr}
200007c6:	0004      	movs	r4, r0
200007c8:	6883      	ldr	r3, [r0, #8]
200007ca:	681b      	ldr	r3, [r3, #0]
200007cc:	2100      	movs	r1, #0
200007ce:	f7ff ffbd 	bl	2000074c <sync_ep_buffer>
200007d2:	6863      	ldr	r3, [r4, #4]
200007d4:	681b      	ldr	r3, [r3, #0]
200007d6:	005b      	lsls	r3, r3, #1
200007d8:	d502      	bpl.n	200007e0 <_hw_endpoint_xfer_sync+0x1c>
200007da:	8b23      	ldrh	r3, [r4, #24]
200007dc:	4283      	cmp	r3, r0
200007de:	d000      	beq.n	200007e2 <_hw_endpoint_xfer_sync+0x1e>
200007e0:	bd10      	pop	{r4, pc}
200007e2:	2101      	movs	r1, #1
200007e4:	0020      	movs	r0, r4
200007e6:	f7ff ffb1 	bl	2000074c <sync_ep_buffer>
200007ea:	e7f9      	b.n	200007e0 <_hw_endpoint_xfer_sync+0x1c>

200007ec <hw_endpoint_reset_transfer>:
200007ec:	2300      	movs	r3, #0
200007ee:	7683      	strb	r3, [r0, #26]
200007f0:	8283      	strh	r3, [r0, #20]
200007f2:	82c3      	strh	r3, [r0, #22]
200007f4:	6103      	str	r3, [r0, #16]
200007f6:	4770      	bx	lr

200007f8 <_hw_endpoint_buffer_control_update32>:
200007f8:	b510      	push	{r4, lr}
200007fa:	2900      	cmp	r1, #0
200007fc:	d002      	beq.n	20000804 <_hw_endpoint_buffer_control_update32+0xc>
200007fe:	6883      	ldr	r3, [r0, #8]
20000800:	681b      	ldr	r3, [r3, #0]
20000802:	4019      	ands	r1, r3
20000804:	2a00      	cmp	r2, #0
20000806:	d010      	beq.n	2000082a <_hw_endpoint_buffer_control_update32+0x32>
20000808:	4311      	orrs	r1, r2
2000080a:	0552      	lsls	r2, r2, #21
2000080c:	d50d      	bpl.n	2000082a <_hw_endpoint_buffer_control_update32+0x32>
2000080e:	6882      	ldr	r2, [r0, #8]
20000810:	6813      	ldr	r3, [r2, #0]
20000812:	055b      	lsls	r3, r3, #21
20000814:	d40c      	bmi.n	20000830 <_hw_endpoint_buffer_control_update32+0x38>
20000816:	4b08      	ldr	r3, [pc, #32]	@ (20000838 <_hw_endpoint_buffer_control_update32+0x40>)
20000818:	400b      	ands	r3, r1
2000081a:	6013      	str	r3, [r2, #0]
2000081c:	4b07      	ldr	r3, [pc, #28]	@ (2000083c <_hw_endpoint_buffer_control_update32+0x44>)
2000081e:	6c1b      	ldr	r3, [r3, #64]	@ 0x40
20000820:	079b      	lsls	r3, r3, #30
20000822:	d402      	bmi.n	2000082a <_hw_endpoint_buffer_control_update32+0x32>
20000824:	230c      	movs	r3, #12
20000826:	3b03      	subs	r3, #3
20000828:	d2fd      	bcs.n	20000826 <_hw_endpoint_buffer_control_update32+0x2e>
2000082a:	6883      	ldr	r3, [r0, #8]
2000082c:	6019      	str	r1, [r3, #0]
2000082e:	bd10      	pop	{r4, pc}
20000830:	7881      	ldrb	r1, [r0, #2]
20000832:	4803      	ldr	r0, [pc, #12]	@ (20000840 <_hw_endpoint_buffer_control_update32+0x48>)
20000834:	f000 f9b8 	bl	20000ba8 <__panic_veneer>
20000838:	fffffbff 	.word	0xfffffbff
2000083c:	50110000 	.word	0x50110000
20000840:	1000938c 	.word	0x1000938c

20000844 <hw_endpoint_start_next_buffer>:
20000844:	b570      	push	{r4, r5, r6, lr}
20000846:	0004      	movs	r4, r0
20000848:	6843      	ldr	r3, [r0, #4]
2000084a:	681e      	ldr	r6, [r3, #0]
2000084c:	2100      	movs	r1, #0
2000084e:	f7ff ff19 	bl	20000684 <prepare_ep_buffer>
20000852:	2580      	movs	r5, #128	@ 0x80
20000854:	016d      	lsls	r5, r5, #5
20000856:	4305      	orrs	r5, r0
20000858:	4b16      	ldr	r3, [pc, #88]	@ (200008b4 <hw_endpoint_start_next_buffer+0x70>)
2000085a:	6c1b      	ldr	r3, [r3, #64]	@ 0x40
2000085c:	079b      	lsls	r3, r3, #30
2000085e:	d515      	bpl.n	2000088c <hw_endpoint_start_next_buffer+0x48>
20000860:	78a3      	ldrb	r3, [r4, #2]
20000862:	065b      	lsls	r3, r3, #25
20000864:	d117      	bne.n	20000896 <hw_endpoint_start_next_buffer+0x52>
20000866:	2300      	movs	r3, #0
20000868:	8aa2      	ldrh	r2, [r4, #20]
2000086a:	2a00      	cmp	r2, #0
2000086c:	d001      	beq.n	20000872 <hw_endpoint_start_next_buffer+0x2e>
2000086e:	2b00      	cmp	r3, #0
20000870:	d015      	beq.n	2000089e <hw_endpoint_start_next_buffer+0x5a>
20000872:	4b11      	ldr	r3, [pc, #68]	@ (200008b8 <hw_endpoint_start_next_buffer+0x74>)
20000874:	401e      	ands	r6, r3
20000876:	2380      	movs	r3, #128	@ 0x80
20000878:	059b      	lsls	r3, r3, #22
2000087a:	4333      	orrs	r3, r6
2000087c:	6862      	ldr	r2, [r4, #4]
2000087e:	6013      	str	r3, [r2, #0]
20000880:	002a      	movs	r2, r5
20000882:	2100      	movs	r1, #0
20000884:	0020      	movs	r0, r4
20000886:	f7ff ffb7 	bl	200007f8 <_hw_endpoint_buffer_control_update32>
2000088a:	bd70      	pop	{r4, r5, r6, pc}
2000088c:	78a3      	ldrb	r3, [r4, #2]
2000088e:	09db      	lsrs	r3, r3, #7
20000890:	d103      	bne.n	2000089a <hw_endpoint_start_next_buffer+0x56>
20000892:	3301      	adds	r3, #1
20000894:	e7e8      	b.n	20000868 <hw_endpoint_start_next_buffer+0x24>
20000896:	2301      	movs	r3, #1
20000898:	e7e6      	b.n	20000868 <hw_endpoint_start_next_buffer+0x24>
2000089a:	2300      	movs	r3, #0
2000089c:	e7e4      	b.n	20000868 <hw_endpoint_start_next_buffer+0x24>
2000089e:	2101      	movs	r1, #1
200008a0:	0020      	movs	r0, r4
200008a2:	f7ff feef 	bl	20000684 <prepare_ep_buffer>
200008a6:	4305      	orrs	r5, r0
200008a8:	4a04      	ldr	r2, [pc, #16]	@ (200008bc <hw_endpoint_start_next_buffer+0x78>)
200008aa:	4032      	ands	r2, r6
200008ac:	23a0      	movs	r3, #160	@ 0xa0
200008ae:	05db      	lsls	r3, r3, #23
200008b0:	4313      	orrs	r3, r2
200008b2:	e7e3      	b.n	2000087c <hw_endpoint_start_next_buffer+0x38>
200008b4:	50110000 	.word	0x50110000
200008b8:	afffffff 	.word	0xafffffff
200008bc:	dfffffff 	.word	0xdfffffff

200008c0 <hw_endpoint_xfer_continue>:
200008c0:	b570      	push	{r4, r5, r6, lr}
200008c2:	0004      	movs	r4, r0
200008c4:	7e85      	ldrb	r5, [r0, #26]
200008c6:	2d00      	cmp	r5, #0
200008c8:	d006      	beq.n	200008d8 <hw_endpoint_xfer_continue+0x18>
200008ca:	f7ff ff7b 	bl	200007c4 <_hw_endpoint_xfer_sync>
200008ce:	8aa3      	ldrh	r3, [r4, #20]
200008d0:	2b00      	cmp	r3, #0
200008d2:	d105      	bne.n	200008e0 <hw_endpoint_xfer_continue+0x20>
200008d4:	0028      	movs	r0, r5
200008d6:	bd70      	pop	{r4, r5, r6, pc}
200008d8:	7881      	ldrb	r1, [r0, #2]
200008da:	4808      	ldr	r0, [pc, #32]	@ (200008fc <hw_endpoint_xfer_continue+0x3c>)
200008dc:	f000 f964 	bl	20000ba8 <__panic_veneer>
200008e0:	0020      	movs	r0, r4
200008e2:	f7ff ff1b 	bl	2000071c <e15_is_critical_frame_period>
200008e6:	1e05      	subs	r5, r0, #0
200008e8:	d003      	beq.n	200008f2 <hw_endpoint_xfer_continue+0x32>
200008ea:	2301      	movs	r3, #1
200008ec:	7723      	strb	r3, [r4, #28]
200008ee:	2500      	movs	r5, #0
200008f0:	e7f0      	b.n	200008d4 <hw_endpoint_xfer_continue+0x14>
200008f2:	0020      	movs	r0, r4
200008f4:	f7ff ffa6 	bl	20000844 <hw_endpoint_start_next_buffer>
200008f8:	e7ec      	b.n	200008d4 <hw_endpoint_xfer_continue+0x14>
200008fa:	46c0      	nop			@ (mov r8, r8)
200008fc:	100093ac 	.word	0x100093ac

20000900 <dcd_event_handler>:
20000900:	b570      	push	{r4, r5, r6, lr}
20000902:	b084      	sub	sp, #16
20000904:	0005      	movs	r5, r0
20000906:	000e      	movs	r6, r1
20000908:	7843      	ldrb	r3, [r0, #1]
2000090a:	2b04      	cmp	r3, #4
2000090c:	d041      	beq.n	20000992 <dcd_event_handler+0x92>
2000090e:	d909      	bls.n	20000924 <dcd_event_handler+0x24>
20000910:	2b05      	cmp	r3, #5
20000912:	d048      	beq.n	200009a6 <dcd_event_handler+0xa6>
20000914:	2b06      	cmp	r3, #6
20000916:	d11a      	bne.n	2000094e <dcd_event_handler+0x4e>
20000918:	4a6e      	ldr	r2, [pc, #440]	@ (20000ad4 <dcd_event_handler+0x1d4>)
2000091a:	7813      	ldrb	r3, [r2, #0]
2000091c:	3301      	adds	r3, #1
2000091e:	b2db      	uxtb	r3, r3
20000920:	7013      	strb	r3, [r2, #0]
20000922:	e014      	b.n	2000094e <dcd_event_handler+0x4e>
20000924:	2b02      	cmp	r3, #2
20000926:	d003      	beq.n	20000930 <dcd_event_handler+0x30>
20000928:	2b03      	cmp	r3, #3
2000092a:	d110      	bne.n	2000094e <dcd_event_handler+0x4e>
2000092c:	2400      	movs	r4, #0
2000092e:	e050      	b.n	200009d2 <dcd_event_handler+0xd2>
20000930:	4b69      	ldr	r3, [pc, #420]	@ (20000ad8 <dcd_event_handler+0x1d8>)
20000932:	781a      	ldrb	r2, [r3, #0]
20000934:	2101      	movs	r1, #1
20000936:	438a      	bics	r2, r1
20000938:	701a      	strb	r2, [r3, #0]
2000093a:	781a      	ldrb	r2, [r3, #0]
2000093c:	3101      	adds	r1, #1
2000093e:	438a      	bics	r2, r1
20000940:	701a      	strb	r2, [r3, #0]
20000942:	2200      	movs	r2, #0
20000944:	705a      	strb	r2, [r3, #1]
20000946:	781a      	ldrb	r2, [r3, #0]
20000948:	3102      	adds	r1, #2
2000094a:	438a      	bics	r2, r1
2000094c:	701a      	strb	r2, [r3, #0]
2000094e:	4b63      	ldr	r3, [pc, #396]	@ (20000adc <dcd_event_handler+0x1dc>)
20000950:	681c      	ldr	r4, [r3, #0]
20000952:	6962      	ldr	r2, [r4, #20]
20000954:	f3ef 8110 	mrs	r1, PRIMASK
20000958:	b672      	cpsid	i
2000095a:	6813      	ldr	r3, [r2, #0]
2000095c:	2b00      	cmp	r3, #0
2000095e:	d0fc      	beq.n	2000095a <dcd_event_handler+0x5a>
20000960:	f3bf 8f5f 	dmb	sy
20000964:	61a1      	str	r1, [r4, #24]
20000966:	0029      	movs	r1, r5
20000968:	0020      	movs	r0, r4
2000096a:	f000 f8f5 	bl	20000b58 <__tu_fifo_write_veneer>
2000096e:	6962      	ldr	r2, [r4, #20]
20000970:	69a3      	ldr	r3, [r4, #24]
20000972:	f3bf 8f5f 	dmb	sy
20000976:	2100      	movs	r1, #0
20000978:	6011      	str	r1, [r2, #0]
2000097a:	f383 8810 	msr	PRIMASK, r3
2000097e:	2800      	cmp	r0, #0
20000980:	d100      	bne.n	20000984 <dcd_event_handler+0x84>
20000982:	e0a0      	b.n	20000ac6 <dcd_event_handler+0x1c6>
20000984:	7828      	ldrb	r0, [r5, #0]
20000986:	7869      	ldrb	r1, [r5, #1]
20000988:	0032      	movs	r2, r6
2000098a:	f000 f8d5 	bl	20000b38 <__tud_event_hook_cb_veneer>
2000098e:	b004      	add	sp, #16
20000990:	bd70      	pop	{r4, r5, r6, pc}
20000992:	4b51      	ldr	r3, [pc, #324]	@ (20000ad8 <dcd_event_handler+0x1d8>)
20000994:	781b      	ldrb	r3, [r3, #0]
20000996:	07db      	lsls	r3, r3, #31
20000998:	d5f9      	bpl.n	2000098e <dcd_event_handler+0x8e>
2000099a:	4a4f      	ldr	r2, [pc, #316]	@ (20000ad8 <dcd_event_handler+0x1d8>)
2000099c:	7813      	ldrb	r3, [r2, #0]
2000099e:	2104      	movs	r1, #4
200009a0:	430b      	orrs	r3, r1
200009a2:	7013      	strb	r3, [r2, #0]
200009a4:	e7d3      	b.n	2000094e <dcd_event_handler+0x4e>
200009a6:	4b4c      	ldr	r3, [pc, #304]	@ (20000ad8 <dcd_event_handler+0x1d8>)
200009a8:	781b      	ldrb	r3, [r3, #0]
200009aa:	07db      	lsls	r3, r3, #31
200009ac:	d5ef      	bpl.n	2000098e <dcd_event_handler+0x8e>
200009ae:	4a4a      	ldr	r2, [pc, #296]	@ (20000ad8 <dcd_event_handler+0x1d8>)
200009b0:	7813      	ldrb	r3, [r2, #0]
200009b2:	2104      	movs	r1, #4
200009b4:	438b      	bics	r3, r1
200009b6:	7013      	strb	r3, [r2, #0]
200009b8:	e7c9      	b.n	2000094e <dcd_event_handler+0x4e>
200009ba:	1ae3      	subs	r3, r4, r3
200009bc:	015b      	lsls	r3, r3, #5
200009be:	4a48      	ldr	r2, [pc, #288]	@ (20000ae0 <dcd_event_handler+0x1e0>)
200009c0:	189b      	adds	r3, r3, r2
200009c2:	69db      	ldr	r3, [r3, #28]
200009c4:	2b00      	cmp	r3, #0
200009c6:	d002      	beq.n	200009ce <dcd_event_handler+0xce>
200009c8:	7828      	ldrb	r0, [r5, #0]
200009ca:	6869      	ldr	r1, [r5, #4]
200009cc:	4798      	blx	r3
200009ce:	3401      	adds	r4, #1
200009d0:	b2e4      	uxtb	r4, r4
200009d2:	4b44      	ldr	r3, [pc, #272]	@ (20000ae4 <dcd_event_handler+0x1e4>)
200009d4:	781b      	ldrb	r3, [r3, #0]
200009d6:	42a3      	cmp	r3, r4
200009d8:	d307      	bcc.n	200009ea <dcd_event_handler+0xea>
200009da:	d9ee      	bls.n	200009ba <dcd_event_handler+0xba>
200009dc:	4b42      	ldr	r3, [pc, #264]	@ (20000ae8 <dcd_event_handler+0x1e8>)
200009de:	681b      	ldr	r3, [r3, #0]
200009e0:	0162      	lsls	r2, r4, #5
200009e2:	189b      	adds	r3, r3, r2
200009e4:	2b00      	cmp	r3, #0
200009e6:	d1ec      	bne.n	200009c2 <dcd_event_handler+0xc2>
200009e8:	e7f1      	b.n	200009ce <dcd_event_handler+0xce>
200009ea:	4b3b      	ldr	r3, [pc, #236]	@ (20000ad8 <dcd_event_handler+0x1d8>)
200009ec:	781b      	ldrb	r3, [r3, #0]
200009ee:	075b      	lsls	r3, r3, #29
200009f0:	d52e      	bpl.n	20000a50 <dcd_event_handler+0x150>
200009f2:	4a39      	ldr	r2, [pc, #228]	@ (20000ad8 <dcd_event_handler+0x1d8>)
200009f4:	7813      	ldrb	r3, [r2, #0]
200009f6:	2104      	movs	r1, #4
200009f8:	438b      	bics	r3, r1
200009fa:	7013      	strb	r3, [r2, #0]
200009fc:	ac01      	add	r4, sp, #4
200009fe:	220c      	movs	r2, #12
20000a00:	2100      	movs	r1, #0
20000a02:	0020      	movs	r0, r4
20000a04:	f000 f8b0 	bl	20000b68 <____wrap_memset_veneer>
20000a08:	782b      	ldrb	r3, [r5, #0]
20000a0a:	7023      	strb	r3, [r4, #0]
20000a0c:	2305      	movs	r3, #5
20000a0e:	7063      	strb	r3, [r4, #1]
20000a10:	4b32      	ldr	r3, [pc, #200]	@ (20000adc <dcd_event_handler+0x1dc>)
20000a12:	681c      	ldr	r4, [r3, #0]
20000a14:	6962      	ldr	r2, [r4, #20]
20000a16:	f3ef 8110 	mrs	r1, PRIMASK
20000a1a:	b672      	cpsid	i
20000a1c:	6813      	ldr	r3, [r2, #0]
20000a1e:	2b00      	cmp	r3, #0
20000a20:	d0fc      	beq.n	20000a1c <dcd_event_handler+0x11c>
20000a22:	f3bf 8f5f 	dmb	sy
20000a26:	61a1      	str	r1, [r4, #24]
20000a28:	a901      	add	r1, sp, #4
20000a2a:	0020      	movs	r0, r4
20000a2c:	f000 f894 	bl	20000b58 <__tu_fifo_write_veneer>
20000a30:	6962      	ldr	r2, [r4, #20]
20000a32:	69a3      	ldr	r3, [r4, #24]
20000a34:	f3bf 8f5f 	dmb	sy
20000a38:	2100      	movs	r1, #0
20000a3a:	6011      	str	r1, [r2, #0]
20000a3c:	f383 8810 	msr	PRIMASK, r3
20000a40:	2800      	cmp	r0, #0
20000a42:	d032      	beq.n	20000aaa <dcd_event_handler+0x1aa>
20000a44:	ab01      	add	r3, sp, #4
20000a46:	7818      	ldrb	r0, [r3, #0]
20000a48:	7859      	ldrb	r1, [r3, #1]
20000a4a:	0032      	movs	r2, r6
20000a4c:	f000 f874 	bl	20000b38 <__tud_event_hook_cb_veneer>
20000a50:	4b21      	ldr	r3, [pc, #132]	@ (20000ad8 <dcd_event_handler+0x1d8>)
20000a52:	78db      	ldrb	r3, [r3, #3]
20000a54:	07db      	lsls	r3, r3, #31
20000a56:	d400      	bmi.n	20000a5a <dcd_event_handler+0x15a>
20000a58:	e799      	b.n	2000098e <dcd_event_handler+0x8e>
20000a5a:	782a      	ldrb	r2, [r5, #0]
20000a5c:	ab01      	add	r3, sp, #4
20000a5e:	701a      	strb	r2, [r3, #0]
20000a60:	2203      	movs	r2, #3
20000a62:	705a      	strb	r2, [r3, #1]
20000a64:	686a      	ldr	r2, [r5, #4]
20000a66:	9202      	str	r2, [sp, #8]
20000a68:	4b1c      	ldr	r3, [pc, #112]	@ (20000adc <dcd_event_handler+0x1dc>)
20000a6a:	681c      	ldr	r4, [r3, #0]
20000a6c:	6962      	ldr	r2, [r4, #20]
20000a6e:	f3ef 8110 	mrs	r1, PRIMASK
20000a72:	b672      	cpsid	i
20000a74:	6813      	ldr	r3, [r2, #0]
20000a76:	2b00      	cmp	r3, #0
20000a78:	d0fc      	beq.n	20000a74 <dcd_event_handler+0x174>
20000a7a:	f3bf 8f5f 	dmb	sy
20000a7e:	61a1      	str	r1, [r4, #24]
20000a80:	a901      	add	r1, sp, #4
20000a82:	0020      	movs	r0, r4
20000a84:	f000 f868 	bl	20000b58 <__tu_fifo_write_veneer>
20000a88:	6962      	ldr	r2, [r4, #20]
20000a8a:	69a3      	ldr	r3, [r4, #24]
20000a8c:	f3bf 8f5f 	dmb	sy
20000a90:	2100      	movs	r1, #0
20000a92:	6011      	str	r1, [r2, #0]
20000a94:	f383 8810 	msr	PRIMASK, r3
20000a98:	2800      	cmp	r0, #0
20000a9a:	d00d      	beq.n	20000ab8 <dcd_event_handler+0x1b8>
20000a9c:	ab01      	add	r3, sp, #4
20000a9e:	7818      	ldrb	r0, [r3, #0]
20000aa0:	7859      	ldrb	r1, [r3, #1]
20000aa2:	0032      	movs	r2, r6
20000aa4:	f000 f848 	bl	20000b38 <__tud_event_hook_cb_veneer>
20000aa8:	e771      	b.n	2000098e <dcd_event_handler+0x8e>
20000aaa:	2266      	movs	r2, #102	@ 0x66
20000aac:	490f      	ldr	r1, [pc, #60]	@ (20000aec <dcd_event_handler+0x1ec>)
20000aae:	4810      	ldr	r0, [pc, #64]	@ (20000af0 <dcd_event_handler+0x1f0>)
20000ab0:	32ff      	adds	r2, #255	@ 0xff
20000ab2:	f000 f871 	bl	20000b98 <____wrap_printf_veneer>
20000ab6:	e7cb      	b.n	20000a50 <dcd_event_handler+0x150>
20000ab8:	2266      	movs	r2, #102	@ 0x66
20000aba:	490c      	ldr	r1, [pc, #48]	@ (20000aec <dcd_event_handler+0x1ec>)
20000abc:	480c      	ldr	r0, [pc, #48]	@ (20000af0 <dcd_event_handler+0x1f0>)
20000abe:	32ff      	adds	r2, #255	@ 0xff
20000ac0:	f000 f86a 	bl	20000b98 <____wrap_printf_veneer>
20000ac4:	e763      	b.n	2000098e <dcd_event_handler+0x8e>
20000ac6:	2266      	movs	r2, #102	@ 0x66
20000ac8:	4908      	ldr	r1, [pc, #32]	@ (20000aec <dcd_event_handler+0x1ec>)
20000aca:	4809      	ldr	r0, [pc, #36]	@ (20000af0 <dcd_event_handler+0x1f0>)
20000acc:	32ff      	adds	r2, #255	@ 0xff
20000ace:	f000 f863 	bl	20000b98 <____wrap_printf_veneer>
20000ad2:	e75c      	b.n	2000098e <dcd_event_handler+0x8e>
20000ad4:	20011aba 	.word	0x20011aba
20000ad8:	20000ff8 	.word	0x20000ff8
20000adc:	20001050 	.word	0x20001050
20000ae0:	10009b64 	.word	0x10009b64
20000ae4:	20011ab8 	.word	0x20011ab8
20000ae8:	20000e48 	.word	0x20000e48
20000aec:	10009ae0 	.word	0x10009ae0
20000af0:	1000940c 	.word	0x1000940c

20000af4 <__aeabi_idiv0>:
20000af4:	4770      	bx	lr
20000af6:	46c0      	nop			@ (mov r8, r8)

20000af8 <____wrap___aeabi_lmul_veneer>:
20000af8:	b401      	push	{r0}
20000afa:	4802      	ldr	r0, [pc, #8]	@ (20000b04 <____wrap___aeabi_lmul_veneer+0xc>)
20000afc:	4684      	mov	ip, r0
20000afe:	bc01      	pop	{r0}
20000b00:	4760      	bx	ip
20000b02:	bf00      	nop
20000b04:	1000252d 	.word	0x1000252d

20000b08 <__unaligned_memcpy_veneer>:
20000b08:	b401      	push	{r0}
20000b0a:	4802      	ldr	r0, [pc, #8]	@ (20000b14 <__unaligned_memcpy_veneer+0xc>)
20000b0c:	4684      	mov	ip, r0
20000b0e:	bc01      	pop	{r0}
20000b10:	4760      	bx	ip
20000b12:	bf00      	nop
20000b14:	100045e5 	.word	0x100045e5

20000b18 <__ulPortLockGetCurrentOwnerId_veneer>:
20000b18:	b401      	push	{r0}
20000b1a:	4802      	ldr	r0, [pc, #8]	@ (20000b24 <__ulPortLockGetCurrentOwnerId_veneer+0xc>)
20000b1c:	4684      	mov	ip, r0
20000b1e:	bc01      	pop	{r0}
20000b20:	4760      	bx	ip
20000b22:	bf00      	nop
20000b24:	100066e1 	.word	0x100066e1

20000b28 <__vPortLockInternalSpinUnlockWithNotify_veneer>:
20000b28:	b401      	push	{r0}
20000b2a:	4802      	ldr	r0, [pc, #8]	@ (20000b34 <__vPortLockInternalSpinUnlockWithNotify_veneer+0xc>)
20000b2c:	4684      	mov	ip, r0
20000b2e:	bc01      	pop	{r0}
20000b30:	4760      	bx	ip
20000b32:	bf00      	nop
20000b34:	1000670d 	.word	0x1000670d

20000b38 <__tud_event_hook_cb_veneer>:
20000b38:	b401      	push	{r0}
20000b3a:	4802      	ldr	r0, [pc, #8]	@ (20000b44 <__tud_event_hook_cb_veneer+0xc>)
20000b3c:	4684      	mov	ip, r0
20000b3e:	bc01      	pop	{r0}
20000b40:	4760      	bx	ip
20000b42:	bf00      	nop
20000b44:	100048d1 	.word	0x100048d1

20000b48 <__time_us_64_veneer>:
20000b48:	b401      	push	{r0}
20000b4a:	4802      	ldr	r0, [pc, #8]	@ (20000b54 <__time_us_64_veneer+0xc>)
20000b4c:	4684      	mov	ip, r0
20000b4e:	bc01      	pop	{r0}
20000b50:	4760      	bx	ip
20000b52:	bf00      	nop
20000b54:	100012a1 	.word	0x100012a1

20000b58 <__tu_fifo_write_veneer>:
20000b58:	b401      	push	{r0}
20000b5a:	4802      	ldr	r0, [pc, #8]	@ (20000b64 <__tu_fifo_write_veneer+0xc>)
20000b5c:	4684      	mov	ip, r0
20000b5e:	bc01      	pop	{r0}
20000b60:	4760      	bx	ip
20000b62:	bf00      	nop
20000b64:	100062e5 	.word	0x100062e5

20000b68 <____wrap_memset_veneer>:
20000b68:	b401      	push	{r0}
20000b6a:	4802      	ldr	r0, [pc, #8]	@ (20000b74 <____wrap_memset_veneer+0xc>)
20000b6c:	4684      	mov	ip, r0
20000b6e:	bc01      	pop	{r0}
20000b70:	4760      	bx	ip
20000b72:	bf00      	nop
20000b74:	100026a1 	.word	0x100026a1

20000b78 <____assert_func_veneer>:
20000b78:	b401      	push	{r0}
20000b7a:	4802      	ldr	r0, [pc, #8]	@ (20000b84 <____assert_func_veneer+0xc>)
20000b7c:	4684      	mov	ip, r0
20000b7e:	bc01      	pop	{r0}
20000b80:	4760      	bx	ip
20000b82:	bf00      	nop
20000b84:	100038ad 	.word	0x100038ad

20000b88 <__rp2040_chip_version_veneer>:
20000b88:	b401      	push	{r0}
20000b8a:	4802      	ldr	r0, [pc, #8]	@ (20000b94 <__rp2040_chip_version_veneer+0xc>)
20000b8c:	4684      	mov	ip, r0
20000b8e:	bc01      	pop	{r0}
20000b90:	4760      	bx	ip
20000b92:	bf00      	nop
20000b94:	100003cd 	.word	0x100003cd

20000b98 <____wrap_printf_veneer>:
20000b98:	b401      	push	{r0}
20000b9a:	4802      	ldr	r0, [pc, #8]	@ (20000ba4 <____wrap_printf_veneer+0xc>)
20000b9c:	4684      	mov	ip, r0
20000b9e:	bc01      	pop	{r0}
20000ba0:	4760      	bx	ip
20000ba2:	bf00      	nop
20000ba4:	10003b85 	.word	0x10003b85

20000ba8 <__panic_veneer>:
20000ba8:	b401      	push	{r0}
20000baa:	4802      	ldr	r0, [pc, #8]	@ (20000bb4 <__panic_veneer+0xc>)
20000bac:	4684      	mov	ip, r0
20000bae:	bc01      	pop	{r0}
20000bb0:	4760      	bx	ip
20000bb2:	bf00      	nop
20000bb4:	10000421 	.word	0x10000421

20000bb8 <__xPortLockInternalSpinUnlockWithBestEffortWaitOrTimeout_veneer>:
20000bb8:	b401      	push	{r0}
20000bba:	4802      	ldr	r0, [pc, #8]	@ (20000bc4 <__xPortLockInternalSpinUnlockWithBestEffortWaitOrTimeout_veneer+0xc>)
20000bbc:	4684      	mov	ip, r0
20000bbe:	bc01      	pop	{r0}
20000bc0:	4760      	bx	ip
20000bc2:	bf00      	nop
20000bc4:	100067e9 	.word	0x100067e9

20000bc8 <striped_spin_lock_num>:
20000bc8:	00000010                                ....

20000bcc <irq_handler_chain_slots>:
20000bcc:	00000000 	.word	0x00000000
20000bd0:	00010000 	.word	0x00010000
	...
20000bdc:	00020000 	.word	0x00020000
	...
20000be8:	00030000 	.word	0x00030000
	...
20000bf4:	00040000 	.word	0x00040000
	...
20000c00:	00050000 	.word	0x00050000
	...
20000c0c:	00ff0000 	.word	0x00ff0000
20000c10:	00000000 	.word	0x00000000

20000c14 <irq_handler_chain_first_slot>:
20000c14:	b501      	push	{r0, lr}
20000c16:	6848      	ldr	r0, [r1, #4]
20000c18:	3101      	adds	r1, #1
20000c1a:	468e      	mov	lr, r1
20000c1c:	4700      	bx	r0

20000c1e <irq_handler_chain_remove_tail>:
20000c1e:	4670      	mov	r0, lr
20000c20:	3809      	subs	r0, #9
20000c22:	4901      	ldr	r1, [pc, #4]	@ (20000c28 <irq_handler_chain_remove_tail+0xa>)
20000c24:	4788      	blx	r1
20000c26:	bd01      	pop	{r0, pc}
20000c28:	10000951 	.word	0x10000951

20000c2c <default_alarm_pool>:
	...
20000c40:	20000cb8 00000000 00000000 00000000     ... ............

20000c50 <aeabi_bits_funcs>:
20000c50:	00003350 	.word	0x00003350
20000c54:	0000334c 	.word	0x0000334c
20000c58:	00003354 	.word	0x00003354
20000c5c:	00003352 	.word	0x00003352

20000c60 <aeabi_bits_funcs_end>:
20000c60:	0000534d 	.word	0x0000534d
20000c64:	0000434d 	.word	0x0000434d
20000c68:	00003453 	.word	0x00003453
20000c6c:	00003443 	.word	0x00003443

20000c70 <stdio_usb>:
20000c70:	10003f29 10003bb1 10003e89 10003b9d     )?...;...>...;..
20000c80:	00000000 00000100                       ........

20000c88 <_usbd_qdef>:
20000c88:	20001054 000c0010 00000000 00000000     T.. ............
	...

20000ca4 <_usbd_rhport>:
20000ca4:	                                         .

20000ca5 <ucPrimaryCoreNum>:
20000ca5:	                                         ...

20000ca8 <malloc_mutex>:
	...

20000cb0 <print_mutex>:
	...
